Timestamp,Battery_V,Battery_Pct,GPS_Sats,GPS_Fix,Rel_Alt,Roll,Pitch,Yaw,Mode,Armed,Health
18:55:34.866,15.57,9700.0,19,FIX_3D,-0.72,-0.1,0.2,97.9,STABILIZED,False,Safety/Arming
18:55:34.966,15.57,9700.0,19,FIX_3D,-0.72,-0.1,0.2,97.9,STABILIZED,False,Safety/Arming
18:55:35.067,15.57,9700.0,19,FIX_3D,-0.72,-0.1,0.2,97.9,STABILIZED,False,Safety/Arming
18:55:35.168,15.57,9700.0,19,FIX_3D,-0.72,-0.1,0.2,97.9,STABILIZED,False,Safety/Arming
18:55:35.269,15.57,9700.0,19,FIX_3D,-0.72,-0.1,0.2,97.9,STABILIZED,False,Safety/Arming
18:55:35.369,15.57,9700.0,19,FIX_3D,-0.72,-0.1,0.2,97.9,STABILIZED,False,Safety/Arming
18:55:35.469,15.57,9700.0,19,FIX_3D,-0.72,-0.1,0.2,97.9,STABILIZED,False,Safety/Arming
18:55:35.569,15.57,9700.0,19,FIX_3D,-0.72,-0.1,0.2,97.9,STABILIZED,False,Safety/Arming
18:55:35.669,15.57,9700.0,19,FIX_3D,-0.72,-0.1,0.2,97.9,STABILIZED,False,Safety/Arming
18:55:35.770,15.53,9700.0,19,FIX_3D,-0.73,-0.1,0.2,97.9,STABILIZED,False,Safety/Arming
18:55:35.870,15.53,9700.0,19,FIX_3D,-0.72,-0.1,0.2,97.9,STABILIZED,False,Safety/Arming
18:55:35.971,15.53,9700.0,19,FIX_3D,-0.72,-0.1,0.2,97.9,STABILIZED,False,Safety/Arming
18:55:36.071,15.53,9700.0,19,FIX_3D,-0.72,-0.1,0.2,97.9,STABILIZED,False,Safety/Arming
18:55:36.172,15.53,9700.0,19,FIX_3D,-0.72,-0.1,0.2,97.9,STABILIZED,False,Safety/Arming
18:55:36.272,15.53,9700.0,19,FIX_3D,-0.71,-0.1,0.2,97.9,STABILIZED,False,Safety/Arming
18:55:36.373,15.53,9700.0,19,FIX_3D,-0.71,-0.1,0.2,97.9,STABILIZED,False,Safety/Arming
18:55:36.473,15.53,9700.0,19,FIX_3D,-0.71,-0.1,0.2,97.9,STABILIZED,False,Safety/Arming
18:55:36.574,15.53,9700.0,19,FIX_3D,-0.71,-0.1,0.2,97.9,STABILIZED,False,Safety/Arming
18:55:36.674,15.51,9700.0,19,FIX_3D,-0.71,-0.1,0.2,97.9,STABILIZED,False,Safety/Arming
18:55:36.775,15.51,9700.0,19,FIX_3D,-0.71,-0.1,0.2,97.8,STABILIZED,False,Safety/Arming
18:55:36.877,15.51,9700.0,19,FIX_3D,-0.71,-0.1,0.2,97.8,STABILIZED,False,Safety/Arming
18:55:36.977,15.51,9700.0,19,FIX_3D,-0.71,-0.1,0.2,97.8,STABILIZED,False,Safety/Arming
18:55:37.078,15.51,9700.0,19,FIX_3D,-0.71,-0.1,0.2,97.8,STABILIZED,False,Safety/Arming
18:55:37.178,15.51,9700.0,19,FIX_3D,-0.72,-0.1,0.2,97.8,STABILIZED,False,Safety/Arming
18:55:37.278,15.51,9700.0,19,FIX_3D,-0.72,-0.1,0.2,97.8,STABILIZED,False,Safety/Arming
18:55:37.378,15.51,9700.0,19,FIX_3D,-0.72,-0.1,0.2,97.8,STABILIZED,False,Safety/Arming
18:55:37.479,15.51,9700.0,19,FIX_3D,-0.72,-0.1,0.2,97.8,STABILIZED,False,Safety/Arming
18:55:37.579,15.51,9700.0,19,FIX_3D,-0.72,-0.1,0.2,97.8,STABILIZED,False,Safety/Arming
18:55:37.679,15.51,9700.0,19,FIX_3D,-0.72,-0.1,0.2,97.8,STABILIZED,False,Safety/Arming
18:55:37.780,15.51,9700.0,19,FIX_3D,-0.72,-0.1,0.2,97.8,STABILIZED,False,Safety/Arming
18:55:37.881,15.57,9700.0,19,FIX_3D,-0.73,-0.1,0.2,97.8,STABILIZED,False,Safety/Arming
18:55:37.981,15.57,9700.0,19,FIX_3D,-0.73,-0.1,0.2,97.8,STABILIZED,False,Safety/Arming
18:55:38.081,15.57,9700.0,19,FIX_3D,-0.73,-0.1,0.2,97.8,STABILIZED,False,Safety/Arming
18:55:38.181,15.57,9700.0,19,FIX_3D,-0.73,-0.1,0.2,97.8,STABILIZED,False,Safety/Arming
18:55:38.282,15.57,9700.0,19,FIX_3D,-0.73,-0.1,0.2,97.8,STABILIZED,False,Safety/Arming
18:55:38.382,15.57,9700.0,19,FIX_3D,-0.71,-0.1,0.2,97.8,STABILIZED,False,Safety/Arming
18:55:38.482,15.57,9700.0,19,FIX_3D,-0.71,-0.1,0.2,97.8,STABILIZED,False,Safety/Arming
18:55:38.583,15.57,9700.0,19,FIX_3D,-0.7,-0.1,0.2,97.8,STABILIZED,False,Safety/Arming
18:55:38.683,15.57,9700.0,19,FIX_3D,-0.7,-0.1,0.2,97.8,STABILIZED,False,Safety/Arming
18:55:38.784,15.57,9700.0,19,FIX_3D,-0.7,-0.1,0.2,97.8,STABILIZED,False,Safety/Arming
18:55:38.884,15.57,9700.0,19,FIX_3D,-0.7,-0.1,0.2,97.8,STABILIZED,False,Safety/Arming
18:55:38.984,15.57,9700.0,19,FIX_3D,-0.7,-0.1,0.2,97.8,STABILIZED,False,Safety/Arming
18:55:39.085,15.57,9700.0,19,FIX_3D,-0.7,-0.1,0.2,97.8,STABILIZED,False,Safety/Arming
18:55:39.185,15.57,9700.0,19,FIX_3D,-0.7,-0.1,0.2,97.8,STABILIZED,False,Safety/Arming
18:55:39.285,15.57,9700.0,19,FIX_3D,-0.7,-0.1,0.2,97.8,STABILIZED,False,Safety/Arming
18:55:39.386,15.57,9700.0,19,FIX_3D,-0.7,-0.1,0.2,97.7,STABILIZED,False,Safety/Arming
18:55:39.487,15.57,9700.0,19,FIX_3D,-0.7,-0.1,0.2,97.7,STABILIZED,False,Safety/Arming
18:55:39.587,15.57,9700.0,19,FIX_3D,-0.7,-0.1,0.2,97.7,STABILIZED,False,Safety/Arming
18:55:39.687,15.54,9700.0,19,FIX_3D,-0.69,-0.1,0.2,97.7,STABILIZED,False,Safety/Arming
18:55:39.788,15.54,9700.0,19,FIX_3D,-0.69,-0.1,0.2,97.7,STABILIZED,False,Safety/Arming
18:55:39.889,15.54,9700.0,19,FIX_3D,-0.69,-0.1,0.2,97.7,STABILIZED,False,Safety/Arming
18:55:39.989,15.54,9700.0,19,FIX_3D,-0.69,-0.1,0.2,97.7,STABILIZED,False,Safety/Arming
18:55:40.090,15.54,9700.0,19,FIX_3D,-0.69,-0.1,0.2,97.7,STABILIZED,False,Safety/Arming
18:55:40.191,15.54,9700.0,19,FIX_3D,-0.69,-0.1,0.2,97.7,STABILIZED,False,Safety/Arming
18:55:40.291,15.54,9700.0,19,FIX_3D,-0.69,-0.1,0.2,97.7,STABILIZED,False,Safety/Arming
18:55:40.393,15.54,9700.0,19,FIX_3D,-0.69,-0.1,0.2,97.7,STABILIZED,False,Safety/Arming
18:55:40.493,15.54,9700.0,19,FIX_3D,-0.68,-0.1,0.2,97.7,STABILIZED,False,Safety/Arming
18:55:40.593,15.54,9700.0,19,FIX_3D,-0.68,-0.1,0.2,97.7,STABILIZED,False,Safety/Arming
18:55:40.694,15.54,9700.0,19,FIX_3D,-0.68,-0.1,0.2,97.7,STABILIZED,False,Safety/Arming
18:55:40.794,15.54,9700.0,19,FIX_3D,-0.68,-0.1,0.2,97.7,STABILIZED,False,Safety/Arming
18:55:40.895,15.58,9700.0,19,FIX_3D,-0.68,-0.1,0.2,97.7,STABILIZED,False,Safety/Arming
18:55:40.996,15.58,9700.0,19,FIX_3D,-0.68,-0.1,0.2,97.7,STABILIZED,False,Safety/Arming
18:55:41.096,15.58,9700.0,19,FIX_3D,-0.68,-0.1,0.2,97.7,STABILIZED,False,Safety/Arming
18:55:41.196,15.58,9700.0,19,FIX_3D,-0.68,-0.1,0.2,97.7,STABILIZED,False,Safety/Arming
18:55:41.298,15.58,9700.0,19,FIX_3D,-0.68,-0.1,0.2,97.7,STABILIZED,False,Safety/Arming
18:55:41.397,15.58,9700.0,19,FIX_3D,-0.68,-0.1,0.2,97.7,STABILIZED,False,Safety/Arming
18:55:41.497,15.58,9700.0,19,FIX_3D,-0.68,-0.1,0.2,97.7,STABILIZED,False,Safety/Arming
18:55:41.598,15.58,9700.0,19,FIX_3D,-0.68,-0.1,0.2,97.7,STABILIZED,False,Safety/Arming
18:55:41.699,15.57,9700.0,19,FIX_3D,-0.67,-0.1,0.2,97.7,STABILIZED,False,Safety/Arming
18:55:41.799,15.57,9700.0,19,FIX_3D,-0.67,-0.1,0.2,97.7,STABILIZED,False,Safety/Arming
18:55:41.900,15.57,9700.0,19,FIX_3D,-0.67,-0.1,0.2,97.7,STABILIZED,False,Safety/Arming
18:55:42.002,15.57,9700.0,19,FIX_3D,-0.67,-0.1,0.2,97.7,STABILIZED,False,Safety/Arming
18:55:42.102,15.57,9700.0,19,FIX_3D,-0.67,-0.1,0.2,97.7,STABILIZED,False,Safety/Arming
18:55:42.202,15.57,9700.0,19,FIX_3D,-0.67,-0.1,0.1,97.6,STABILIZED,False,Safety/Arming
18:55:42.303,15.57,9700.0,19,FIX_3D,-0.67,-0.1,0.1,97.6,STABILIZED,False,Safety/Arming
18:55:42.404,15.57,9700.0,19,FIX_3D,-0.67,-0.1,0.2,97.6,STABILIZED,False,Safety/Arming
18:55:42.504,15.57,9700.0,19,FIX_3D,-0.67,-0.1,0.2,97.6,STABILIZED,False,Safety/Arming
18:55:42.605,15.57,9700.0,19,FIX_3D,-0.67,-0.1,0.2,97.6,STABILIZED,False,Safety/Arming
18:55:42.706,15.58,9700.0,19,FIX_3D,-0.67,-0.1,0.2,97.6,STABILIZED,False,Safety/Arming
18:55:42.807,15.58,9700.0,19,FIX_3D,-0.67,-0.1,0.2,97.6,STABILIZED,False,Safety/Arming
18:55:42.908,15.58,9700.0,19,FIX_3D,-0.67,-0.1,0.2,97.6,STABILIZED,False,Safety/Arming
18:55:43.009,15.58,9700.0,19,FIX_3D,-0.67,-0.1,0.2,97.6,STABILIZED,False,Safety/Arming
18:55:43.110,15.58,9700.0,19,FIX_3D,-0.67,-0.1,0.2,97.6,STABILIZED,False,Safety/Arming
18:55:43.211,15.58,9700.0,19,FIX_3D,-0.67,-0.1,0.2,97.6,STABILIZED,False,Safety/Arming
18:55:43.312,15.58,9700.0,19,FIX_3D,-0.67,-0.1,0.2,97.6,STABILIZED,False,Safety/Arming
18:55:43.412,15.58,9700.0,19,FIX_3D,-0.67,-0.1,0.2,97.6,STABILIZED,False,Safety/Arming
18:55:43.513,15.58,9700.0,19,FIX_3D,-0.66,-0.1,0.2,97.6,STABILIZED,False,Safety/Arming
18:55:43.613,15.58,9700.0,19,FIX_3D,-0.66,-0.1,0.2,97.6,STABILIZED,False,Safety/Arming
18:55:43.714,15.58,9700.0,19,FIX_3D,-0.66,-0.1,0.2,97.6,STABILIZED,False,Safety/Arming
18:55:43.815,15.58,9700.0,19,FIX_3D,-0.66,-0.1,0.2,97.6,STABILIZED,False,Safety/Arming
18:55:43.915,15.57,9700.0,19,FIX_3D,-0.65,-0.1,0.1,97.6,STABILIZED,False,Safety/Arming
18:55:44.016,15.57,9700.0,19,FIX_3D,-0.65,-0.1,0.1,97.6,STABILIZED,False,Safety/Arming
18:55:44.117,15.57,9700.0,19,FIX_3D,-0.65,-0.1,0.1,97.6,STABILIZED,False,Safety/Arming
18:55:44.218,15.57,9700.0,19,FIX_3D,-0.65,-0.1,0.1,97.6,STABILIZED,False,Safety/Arming
18:55:44.317,15.57,9700.0,19,FIX_3D,-0.65,-0.1,0.1,97.6,STABILIZED,False,Safety/Arming
18:55:44.418,15.57,9700.0,19,FIX_3D,-0.65,-0.1,0.1,97.6,STABILIZED,False,Safety/Arming
18:55:44.518,15.57,9700.0,19,FIX_3D,-0.65,-0.1,0.1,97.6,STABILIZED,False,Safety/Arming
18:55:44.618,15.57,9700.0,19,FIX_3D,-0.65,-0.1,0.1,97.6,STABILIZED,False,Safety/Arming
18:55:44.719,15.58,9700.0,19,FIX_3D,-0.66,-0.1,0.1,97.5,STABILIZED,False,Safety/Arming
18:55:44.819,15.58,9700.0,19,FIX_3D,-0.66,-0.1,0.1,97.5,STABILIZED,False,Safety/Arming
18:55:44.921,15.58,9700.0,19,FIX_3D,-0.66,-0.1,0.1,97.5,STABILIZED,False,Safety/Arming
18:55:45.021,15.58,9700.0,19,FIX_3D,-0.66,-0.1,0.1,97.5,STABILIZED,False,Safety/Arming
18:55:45.122,15.58,9700.0,19,FIX_3D,-0.66,-0.1,0.1,97.5,STABILIZED,False,Safety/Arming
18:55:45.223,15.58,9700.0,19,FIX_3D,-0.67,-0.1,0.1,97.5,STABILIZED,False,Safety/Arming
18:55:45.323,15.58,9700.0,19,FIX_3D,-0.67,-0.1,0.1,97.5,STABILIZED,False,Safety/Arming
18:55:45.423,15.58,9700.0,19,FIX_3D,-0.67,-0.1,0.1,97.5,STABILIZED,False,Safety/Arming
18:55:45.524,15.58,9700.0,19,FIX_3D,-0.67,-0.1,0.1,97.5,STABILIZED,False,Safety/Arming
18:55:45.624,15.58,9700.0,19,FIX_3D,-0.67,-0.1,0.1,97.5,STABILIZED,False,Safety/Arming
18:55:45.725,15.56,9700.0,19,FIX_3D,-0.68,-0.1,0.1,97.5,STABILIZED,False,Safety/Arming
18:55:45.826,15.56,9700.0,19,FIX_3D,-0.68,-0.1,0.1,97.5,STABILIZED,False,Safety/Arming
18:55:45.927,15.56,9700.0,19,FIX_3D,-0.68,-0.1,0.1,97.5,STABILIZED,False,Safety/Arming
18:55:46.027,15.56,9700.0,19,FIX_3D,-0.68,-0.1,0.1,97.5,STABILIZED,False,Safety/Arming
18:55:46.127,15.56,9700.0,19,FIX_3D,-0.68,-0.1,0.1,97.5,STABILIZED,False,Safety/Arming
18:55:46.228,15.56,9700.0,19,FIX_3D,-0.68,-0.1,0.1,97.5,STABILIZED,False,Safety/Arming
18:55:46.328,15.56,9700.0,19,FIX_3D,-0.68,-0.1,0.1,97.5,STABILIZED,False,Safety/Arming
18:55:46.429,15.56,9700.0,19,FIX_3D,-0.68,-0.1,0.1,97.5,STABILIZED,False,Safety/Arming
18:55:46.530,15.56,9700.0,19,FIX_3D,-0.68,-0.1,0.1,97.5,STABILIZED,False,Safety/Arming
18:55:46.631,15.56,9700.0,19,FIX_3D,-0.68,-0.1,0.1,97.5,STABILIZED,False,Safety/Arming
18:55:46.731,15.55,9700.0,19,FIX_3D,-0.69,-0.1,0.1,97.5,STABILIZED,False,Safety/Arming
18:55:46.831,15.55,9700.0,19,FIX_3D,-0.69,-0.1,0.1,97.5,STABILIZED,False,Safety/Arming
18:55:46.932,15.55,9700.0,19,FIX_3D,-0.69,-0.1,0.1,97.5,STABILIZED,False,Safety/Arming
18:55:47.032,15.55,9700.0,19,FIX_3D,-0.69,-0.1,0.1,97.5,STABILIZED,False,Safety/Arming
18:55:47.133,15.55,9700.0,19,FIX_3D,-0.69,-0.1,0.1,97.5,STABILIZED,False,Safety/Arming
18:55:47.233,15.55,9700.0,19,FIX_3D,-0.69,-0.1,0.1,97.5,STABILIZED,False,Safety/Arming
18:55:47.335,15.55,9700.0,19,FIX_3D,-0.69,-0.1,0.1,97.4,STABILIZED,False,Safety/Arming
18:55:47.435,15.55,9700.0,19,FIX_3D,-0.69,-0.1,0.1,97.4,STABILIZED,False,Safety/Arming
18:55:47.535,15.55,9700.0,19,FIX_3D,-0.69,-0.1,0.1,97.4,STABILIZED,False,Safety/Arming
18:55:47.635,15.58,9700.0,19,FIX_3D,-0.69,-0.1,0.1,97.4,STABILIZED,False,Safety/Arming
18:55:47.736,15.58,9700.0,19,FIX_3D,-0.69,-0.1,0.1,97.4,STABILIZED,False,Safety/Arming
18:55:47.836,15.58,9700.0,19,FIX_3D,-0.7,-0.1,0.2,97.4,STABILIZED,False,Safety/Arming
18:55:47.937,15.58,9700.0,19,FIX_3D,-0.7,-0.1,0.2,97.4,STABILIZED,False,Safety/Arming
18:55:48.037,15.58,9700.0,19,FIX_3D,-0.7,-0.1,0.2,97.4,STABILIZED,False,Safety/Arming
18:55:48.138,15.58,9700.0,19,FIX_3D,-0.7,-0.1,0.2,97.4,STABILIZED,False,Safety/Arming
18:55:48.239,15.58,9700.0,19,FIX_3D,-0.7,-0.2,0.1,97.4,STABILIZED,False,Safety/Arming
18:55:48.340,15.58,9700.0,19,FIX_3D,-0.72,-0.2,0.3,97.3,STABILIZED,False,Safety/Arming
18:55:48.441,15.58,9700.0,19,FIX_3D,-0.75,-0.2,0.3,97.3,STABILIZED,False,Safety/Arming
18:55:48.541,15.58,9700.0,19,FIX_3D,-0.75,-0.2,0.3,97.3,STABILIZED,False,Safety/Arming
18:55:48.642,15.57,9700.0,19,FIX_3D,-0.77,-0.3,0.5,97.3,STABILIZED,False,Safety/Arming
18:55:48.743,15.57,9700.0,19,FIX_3D,-0.77,-0.4,0.4,97.3,STABILIZED,False,Safety/Arming
18:55:48.844,15.57,9700.0,19,FIX_3D,-0.77,-0.4,0.4,97.3,STABILIZED,False,Safety/Arming
18:55:48.944,15.57,9700.0,19,FIX_3D,-0.77,-0.4,0.4,97.3,STABILIZED,False,Safety/Arming
18:55:49.046,15.57,9700.0,19,FIX_3D,-0.77,-0.4,0.4,97.3,STABILIZED,False,Safety/Arming
18:55:49.147,15.57,9700.0,19,FIX_3D,-0.75,-0.4,0.5,97.3,STABILIZED,False,Safety/Arming
18:55:49.246,15.57,9700.0,19,FIX_3D,-0.74,-0.4,0.5,97.3,STABILIZED,False,Safety/Arming
18:55:49.347,15.57,9700.0,19,FIX_3D,-0.74,-0.4,0.5,97.3,STABILIZED,False,Safety/Arming
18:55:49.448,15.57,9700.0,19,FIX_3D,-0.73,-0.4,0.5,97.3,STABILIZED,False,Safety/Arming
18:55:49.549,15.57,9700.0,19,FIX_3D,-0.73,-0.4,0.5,97.3,STABILIZED,False,Safety/Arming
18:55:49.650,15.57,9700.0,19,FIX_3D,-0.73,-0.4,0.5,97.3,STABILIZED,False,Safety/Arming
18:55:49.751,15.57,9700.0,19,FIX_3D,-0.73,-0.4,0.6,97.3,STABILIZED,False,Safety/Arming
18:55:49.851,15.57,9700.0,19,FIX_3D,-0.73,-0.3,0.3,97.3,STABILIZED,False,Safety/Arming
18:55:49.953,15.57,9700.0,19,FIX_3D,-0.73,-0.3,0.3,97.3,STABILIZED,False,Safety/Arming
18:55:50.054,15.57,9700.0,19,FIX_3D,-0.73,-0.3,0.3,97.3,STABILIZED,False,Safety/Arming
18:55:50.155,15.57,9700.0,19,FIX_3D,-0.74,-0.3,0.3,97.3,STABILIZED,False,Safety/Arming
18:55:50.255,15.57,9700.0,19,FIX_3D,-0.75,-0.3,0.4,97.9,STABILIZED,False,Safety/Arming
18:55:50.355,15.57,9700.0,19,FIX_3D,-0.75,-0.3,0.4,97.9,STABILIZED,False,Safety/Arming
18:55:50.455,15.57,9700.0,19,FIX_3D,-0.75,-0.3,0.4,97.9,STABILIZED,False,Safety/Arming
18:55:50.556,15.57,9700.0,19,FIX_3D,-0.76,-0.3,0.4,97.9,STABILIZED,False,Safety/Arming
18:55:50.657,15.52,9700.0,19,FIX_3D,-0.77,-0.3,0.3,97.9,STABILIZED,False,Safety/Arming
18:55:50.757,15.52,9700.0,19,FIX_3D,-0.77,-0.3,0.3,97.9,STABILIZED,False,Safety/Arming
18:55:50.858,15.52,9700.0,19,FIX_3D,-0.77,-0.3,0.3,97.9,STABILIZED,False,Safety/Arming
18:55:50.958,15.52,9700.0,19,FIX_3D,-0.77,-0.3,0.3,97.9,STABILIZED,False,Safety/Arming
18:55:51.058,15.52,9700.0,19,FIX_3D,-0.77,-0.3,0.3,97.9,STABILIZED,False,Safety/Arming
18:55:51.159,15.52,9700.0,19,FIX_3D,-0.77,-0.3,0.3,97.9,STABILIZED,False,OK
18:55:51.259,15.52,9700.0,19,FIX_3D,-0.77,-0.3,0.2,97.9,STABILIZED,False,OK
18:55:51.360,15.52,9700.0,19,FIX_3D,-0.77,-0.3,0.2,97.9,STABILIZED,False,OK
18:55:51.460,15.52,9700.0,19,FIX_3D,-0.77,-0.3,0.2,97.9,STABILIZED,False,OK
18:55:51.561,15.52,9700.0,19,FIX_3D,-0.77,-0.3,0.2,97.9,STABILIZED,False,OK
18:55:51.662,15.56,9700.0,19,FIX_3D,-0.77,-0.3,0.2,97.9,STABILIZED,False,OK
18:55:51.763,15.56,9700.0,19,FIX_3D,-0.77,-0.3,0.2,97.9,STABILIZED,False,OK
18:55:51.864,15.56,9700.0,19,FIX_3D,-0.77,-0.3,0.2,97.9,STABILIZED,False,OK
18:55:51.964,15.56,9700.0,19,FIX_3D,-0.77,-0.3,0.2,97.9,STABILIZED,False,OK
18:55:52.066,15.56,9700.0,19,FIX_3D,-0.77,-0.3,0.2,97.9,STABILIZED,False,OK
18:55:52.167,15.56,9700.0,19,FIX_3D,0.0,-0.3,0.2,97.8,STABILIZED,False,OK
18:55:52.268,15.56,9700.0,19,FIX_3D,0.0,-0.3,0.2,97.8,STABILIZED,False,OK
18:55:52.368,15.56,9700.0,19,FIX_3D,0.0,-0.3,0.2,97.8,STABILIZED,False,OK
18:55:52.470,15.56,9700.0,19,FIX_3D,0.0,-0.3,0.2,97.8,STABILIZED,False,OK
18:55:52.571,15.56,9700.0,19,FIX_3D,0.0,-0.3,0.2,97.8,STABILIZED,False,OK
18:55:52.671,15.5,9700.0,19,FIX_3D,-0.0,-0.3,0.2,97.8,STABILIZED,False,OK
18:55:52.773,15.5,9700.0,19,FIX_3D,-0.01,-0.3,0.2,97.8,STABILIZED,False,OK
18:55:52.873,15.5,9700.0,19,FIX_3D,-0.01,-0.3,0.2,97.8,STABILIZED,False,OK
18:55:52.974,15.5,9700.0,19,FIX_3D,-0.01,-0.3,0.2,97.8,STABILIZED,False,OK
18:55:53.074,15.5,9700.0,19,FIX_3D,-0.01,-0.3,0.2,97.8,STABILIZED,False,OK
18:55:53.173,15.5,9700.0,19,FIX_3D,-0.01,-0.3,0.2,97.8,STABILIZED,True,OK
18:55:53.273,15.5,9700.0,19,FIX_3D,-0.01,-0.3,0.2,97.8,STABILIZED,True,OK
18:55:53.374,15.5,9700.0,19,FIX_3D,-0.01,-0.3,0.2,97.8,STABILIZED,True,OK
18:55:53.474,15.5,9700.0,19,FIX_3D,-0.02,-0.3,0.2,97.8,STABILIZED,True,OK
18:55:53.574,15.5,9700.0,19,FIX_3D,-0.02,-0.3,0.2,97.8,STABILIZED,True,OK
18:55:53.674,15.49,9700.0,19,FIX_3D,-0.02,-0.3,0.2,97.8,STABILIZED,True,OK
18:55:53.775,15.49,9700.0,19,FIX_3D,-0.02,-0.3,0.2,97.8,STABILIZED,True,OK
18:55:53.875,15.49,9700.0,19,FIX_3D,-0.02,-0.3,0.2,97.8,STABILIZED,True,OK
18:55:53.976,15.49,9700.0,19,FIX_3D,-0.02,-0.3,0.2,97.8,STABILIZED,True,OK
18:55:54.077,15.49,9700.0,19,FIX_3D,-0.02,-0.3,0.2,97.8,STABILIZED,True,OK
18:55:54.178,15.49,9700.0,19,FIX_3D,-0.03,-0.3,0.2,97.8,STABILIZED,True,OK
18:55:54.279,15.49,9700.0,19,FIX_3D,-0.03,-0.3,0.2,97.8,STABILIZED,True,OK
18:55:54.380,15.49,9700.0,19,FIX_3D,-0.03,-0.3,0.2,97.8,STABILIZED,True,OK
18:55:54.481,15.49,9700.0,19,FIX_3D,-0.03,-0.3,0.2,97.8,STABILIZED,True,OK
18:55:54.581,15.49,9700.0,19,FIX_3D,-0.03,-0.3,0.2,97.8,STABILIZED,True,OK
18:55:54.682,15.43,9700.0,19,FIX_3D,-0.03,-0.3,0.2,97.8,STABILIZED,True,OK
18:55:54.784,15.43,9700.0,19,FIX_3D,-0.03,-0.3,0.2,97.8,STABILIZED,True,OK
18:55:54.884,15.43,9700.0,19,FIX_3D,-0.03,-0.3,0.2,97.8,STABILIZED,True,OK
18:55:54.986,15.43,9700.0,19,FIX_3D,-0.03,-0.3,0.2,97.8,STABILIZED,True,OK
18:55:55.086,15.43,9700.0,19,FIX_3D,-0.03,-0.3,0.2,97.8,STABILIZED,True,OK
18:55:55.187,15.43,9700.0,19,FIX_3D,-0.03,-0.3,0.2,97.8,STABILIZED,True,OK
18:55:55.287,15.43,9700.0,19,FIX_3D,-0.03,-0.3,0.2,97.8,STABILIZED,True,OK
18:55:55.388,15.43,9700.0,19,FIX_3D,-0.03,-0.3,0.2,97.8,STABILIZED,True,OK
18:55:55.489,15.43,9700.0,19,FIX_3D,-0.03,-0.3,0.2,97.8,STABILIZED,True,OK
18:55:55.590,15.43,9700.0,19,FIX_3D,-0.03,-0.3,0.2,97.8,STABILIZED,True,OK
18:55:55.691,15.43,9700.0,19,FIX_3D,-0.03,-0.3,0.2,97.8,STABILIZED,True,OK
18:55:55.792,15.51,9700.0,19,FIX_3D,-0.02,-0.3,0.2,97.8,STABILIZED,True,OK
18:55:55.892,15.51,9700.0,19,FIX_3D,-0.02,-0.3,0.2,97.8,STABILIZED,True,OK
18:55:55.993,15.51,9700.0,19,FIX_3D,-0.02,-0.3,0.2,97.8,STABILIZED,True,OK
18:55:56.093,15.51,9700.0,19,FIX_3D,-0.02,-0.3,0.2,97.8,STABILIZED,True,OK
18:55:56.194,15.51,9700.0,19,FIX_3D,-0.02,-0.3,0.2,97.8,STABILIZED,True,OK
18:55:56.295,15.51,9700.0,19,FIX_3D,-0.02,-0.2,0.2,97.8,STABILIZED,True,OK
18:55:56.396,15.51,9700.0,19,FIX_3D,-0.02,-0.2,0.2,97.8,STABILIZED,True,OK
18:55:56.497,15.51,9700.0,19,FIX_3D,-0.02,-0.2,0.2,97.8,STABILIZED,True,OK
18:55:56.596,15.52,9700.0,19,FIX_3D,-0.02,-0.2,0.2,97.8,STABILIZED,True,OK
18:55:56.697,15.52,9700.0,19,FIX_3D,-0.02,-0.3,0.2,97.8,STABILIZED,True,OK
18:55:56.797,15.52,9700.0,19,FIX_3D,-0.01,-0.3,0.2,97.8,STABILIZED,True,OK
18:55:56.897,15.52,9700.0,19,FIX_3D,-0.01,-0.3,0.2,97.8,STABILIZED,True,OK
18:55:56.998,15.52,9700.0,19,FIX_3D,-0.01,-0.3,0.2,97.8,STABILIZED,True,OK
18:55:57.098,15.52,9700.0,19,FIX_3D,-0.01,-0.2,0.2,97.8,STABILIZED,True,OK
18:55:57.198,15.52,9700.0,19,FIX_3D,-0.01,-0.2,0.2,97.8,STABILIZED,True,OK
18:55:57.299,15.52,9700.0,19,FIX_3D,-0.02,-0.2,0.2,97.8,STABILIZED,True,OK
18:55:57.399,15.52,9700.0,19,FIX_3D,-0.02,-0.2,0.2,97.8,STABILIZED,True,OK
18:55:57.499,15.52,9700.0,19,FIX_3D,-0.02,-0.2,0.2,97.8,STABILIZED,True,OK
18:55:57.599,15.51,9700.0,19,FIX_3D,-0.02,-0.2,0.2,97.7,STABILIZED,True,OK
18:55:57.700,15.51,9700.0,19,FIX_3D,-0.02,-0.2,0.2,97.7,STABILIZED,True,OK
18:55:57.800,15.51,9700.0,19,FIX_3D,-0.02,-0.2,0.2,97.7,STABILIZED,True,OK
18:55:57.900,15.51,9700.0,19,FIX_3D,-0.02,-0.2,0.2,97.7,STABILIZED,True,OK
18:55:58.001,15.51,9700.0,19,FIX_3D,-0.02,-0.2,0.2,97.7,STABILIZED,True,OK
18:55:58.102,15.51,9700.0,19,FIX_3D,-0.01,-0.2,0.2,97.7,STABILIZED,True,OK
18:55:58.202,15.51,9700.0,19,FIX_3D,-0.01,-0.2,0.2,97.7,STABILIZED,True,OK
18:55:58.302,15.51,9700.0,19,FIX_3D,-0.01,-0.2,0.2,97.7,STABILIZED,True,OK
18:55:58.402,15.51,9700.0,19,FIX_3D,0.0,-0.2,0.2,97.7,STABILIZED,True,OK
18:55:58.503,15.51,9700.0,19,FIX_3D,0.0,-0.2,0.2,97.7,STABILIZED,True,OK
18:55:58.603,15.51,9700.0,19,FIX_3D,0.0,-0.2,0.2,97.7,STABILIZED,True,OK
18:55:58.703,15.51,9700.0,19,FIX_3D,0.0,-0.2,0.2,97.7,STABILIZED,True,OK
18:55:58.803,15.5,9700.0,19,FIX_3D,0.0,-0.2,0.2,97.7,STABILIZED,True,OK
18:55:58.903,15.5,9700.0,19,FIX_3D,0.0,-0.2,0.2,97.7,STABILIZED,True,OK
18:55:59.003,15.5,9700.0,19,FIX_3D,0.0,-0.2,0.2,97.7,STABILIZED,True,OK
18:55:59.104,15.5,9700.0,19,FIX_3D,0.0,-0.2,0.2,97.7,STABILIZED,True,OK
18:55:59.205,15.5,9700.0,19,FIX_3D,-0.01,-0.2,0.2,97.7,STABILIZED,True,OK
18:55:59.305,15.5,9700.0,19,FIX_3D,-0.01,-0.2,0.2,97.7,STABILIZED,True,OK
18:55:59.405,15.5,9700.0,19,FIX_3D,-0.01,-0.2,0.2,97.7,STABILIZED,True,OK
18:55:59.506,15.5,9700.0,19,FIX_3D,-0.0,-0.2,0.2,97.7,STABILIZED,True,OK
18:55:59.606,15.5,9700.0,19,FIX_3D,0.01,-0.2,0.2,97.7,OFFBOARD,True,OK
18:55:59.707,15.5,9700.0,19,FIX_3D,0.01,-0.2,0.2,97.7,OFFBOARD,True,OK
18:55:59.807,15.5,9700.0,19,FIX_3D,0.01,-0.2,0.2,97.7,OFFBOARD,True,OK
18:55:59.908,15.5,9700.0,19,FIX_3D,0.01,-0.2,0.2,97.7,OFFBOARD,True,OK
18:56:00.008,15.5,9700.0,19,FIX_3D,0.01,-0.2,0.2,97.7,OFFBOARD,True,OK
18:56:00.109,15.5,9700.0,19,FIX_3D,0.01,-0.2,0.2,97.7,OFFBOARD,True,OK
18:56:00.209,15.5,9700.0,19,FIX_3D,0.01,-0.2,0.2,97.7,OFFBOARD,True,OK
18:56:00.310,15.5,9700.0,19,FIX_3D,0.01,-0.2,0.2,97.7,OFFBOARD,True,OK
18:56:00.410,15.5,9700.0,19,FIX_3D,0.01,-0.2,0.2,97.7,OFFBOARD,True,OK
18:56:00.512,15.5,9700.0,19,FIX_3D,0.01,-0.2,0.2,97.7,OFFBOARD,True,OK
18:56:00.612,14.97,9700.0,19,FIX_3D,0.01,-0.1,0.3,97.6,OFFBOARD,True,OK
18:56:00.713,14.97,9700.0,19,FIX_3D,0.01,0.4,0.1,97.5,OFFBOARD,True,OK
18:56:00.815,14.97,9700.0,19,FIX_3D,0.03,0.4,0.1,97.5,OFFBOARD,True,OK
18:56:00.916,14.97,9700.0,19,FIX_3D,0.03,0.4,0.1,97.5,OFFBOARD,True,OK
18:56:01.016,14.97,9700.0,19,FIX_3D,0.1,-1.1,-0.8,97.5,OFFBOARD,True,OK
18:56:01.117,14.97,9700.0,19,FIX_3D,0.21,-2.2,-1.1,98.6,OFFBOARD,True,OK
18:56:01.217,14.97,9700.0,19,FIX_3D,0.21,-2.2,-1.1,98.6,OFFBOARD,True,OK
18:56:01.318,14.97,9700.0,19,FIX_3D,0.35,-2.2,-1.1,98.6,OFFBOARD,True,OK
18:56:01.419,14.97,9700.0,19,FIX_3D,0.35,-2.2,-1.1,98.6,OFFBOARD,True,OK
18:56:01.519,14.97,9700.0,19,FIX_3D,0.35,-2.2,-1.1,98.6,OFFBOARD,True,OK
18:56:01.620,14.97,9700.0,19,FIX_3D,0.35,-2.2,-1.1,98.6,OFFBOARD,True,OK
18:56:01.721,14.68,9700.0,19,FIX_3D,0.5,-1.2,-0.7,100.4,OFFBOARD,True,OK
18:56:01.822,14.68,9700.0,19,FIX_3D,0.67,-0.5,-0.7,102.1,OFFBOARD,True,OK
18:56:01.922,14.68,9700.0,19,FIX_3D,0.67,-0.5,-0.7,102.1,OFFBOARD,True,OK
18:56:02.024,14.68,9700.0,19,FIX_3D,0.67,-0.5,-0.7,102.1,OFFBOARD,True,OK
18:56:02.126,14.68,9700.0,19,FIX_3D,0.67,-0.5,-0.7,102.1,OFFBOARD,True,OK
18:56:02.226,14.68,9700.0,19,FIX_3D,0.92,0.2,-1.6,101.3,OFFBOARD,True,OK
18:56:02.327,14.68,9700.0,19,FIX_3D,0.92,0.2,-1.6,101.3,OFFBOARD,True,OK
18:56:02.427,14.68,9700.0,19,FIX_3D,0.92,0.2,-1.6,101.3,OFFBOARD,True,OK
18:56:02.528,14.68,9700.0,19,FIX_3D,0.99,0.2,-1.6,101.3,OFFBOARD,True,OK
18:56:02.628,14.8,9700.0,19,FIX_3D,1.03,-0.3,-2.1,99.9,OFFBOARD,True,OK
18:56:02.729,14.8,9700.0,19,FIX_3D,1.03,-0.3,-2.1,99.9,OFFBOARD,True,OK
18:56:02.830,14.8,9700.0,19,FIX_3D,1.04,-0.5,-2.2,98.9,OFFBOARD,True,OK
18:56:02.930,14.8,9700.0,19,FIX_3D,1.04,-0.5,-2.2,98.9,OFFBOARD,True,OK
18:56:03.031,14.8,9700.0,19,FIX_3D,1.04,-0.5,-2.2,98.9,OFFBOARD,True,OK
18:56:03.131,14.8,9700.0,19,FIX_3D,1.04,-0.7,-2.0,98.5,OFFBOARD,True,OK
18:56:03.232,14.8,9700.0,19,FIX_3D,1.02,-0.7,-1.8,98.4,OFFBOARD,True,OK
18:56:03.333,14.8,9700.0,19,FIX_3D,1.0,-0.7,-1.8,98.4,OFFBOARD,True,OK
18:56:03.434,14.8,9700.0,19,FIX_3D,1.0,-0.7,-1.8,98.4,OFFBOARD,True,OK
18:56:03.534,14.8,9700.0,19,FIX_3D,1.0,-0.7,-1.8,98.4,OFFBOARD,True,OK
18:56:03.634,14.69,9700.0,19,FIX_3D,0.99,-0.4,-1.4,99.2,OFFBOARD,True,OK
18:56:03.735,14.69,9700.0,19,FIX_3D,0.99,-0.4,-1.4,99.2,OFFBOARD,True,OK
18:56:03.835,14.69,9700.0,19,FIX_3D,0.99,-0.4,-1.4,99.2,OFFBOARD,True,OK
18:56:03.936,14.69,9700.0,19,FIX_3D,0.99,-0.4,-1.4,99.2,OFFBOARD,True,OK
18:56:04.037,14.69,9700.0,19,FIX_3D,0.98,0.0,-1.3,99.7,OFFBOARD,True,OK
18:56:04.137,14.69,9700.0,19,FIX_3D,0.98,0.4,-1.0,99.5,OFFBOARD,True,OK
18:56:04.238,14.69,9700.0,19,FIX_3D,0.98,0.4,-1.0,99.5,OFFBOARD,True,OK
18:56:04.338,14.69,9700.0,19,FIX_3D,0.98,0.4,-1.0,99.5,OFFBOARD,True,OK
18:56:04.438,14.69,9700.0,19,FIX_3D,0.98,0.4,-1.0,99.5,OFFBOARD,True,OK
18:56:04.539,14.69,9700.0,19,FIX_3D,0.98,0.4,-1.0,99.5,OFFBOARD,True,OK
18:56:04.639,14.69,9700.0,19,FIX_3D,0.98,0.2,-1.3,98.8,OFFBOARD,True,OK
18:56:04.739,14.66,9600.0,19,FIX_3D,0.97,0.3,-1.6,98.6,OFFBOARD,True,OK
18:56:04.840,14.66,9600.0,19,FIX_3D,0.97,0.3,-1.6,98.6,OFFBOARD,True,OK
18:56:04.940,14.66,9600.0,19,FIX_3D,0.97,0.3,-1.6,98.6,OFFBOARD,True,OK
18:56:05.040,14.66,9600.0,19,FIX_3D,0.97,0.3,-1.5,99.0,OFFBOARD,True,OK
18:56:05.140,14.66,9600.0,19,FIX_3D,0.98,0.3,-1.5,99.0,LAND,True,OK
18:56:05.240,14.66,9600.0,19,FIX_3D,0.99,0.2,-1.3,99.3,LAND,True,OK
18:56:05.341,14.66,9600.0,19,FIX_3D,0.99,0.2,-1.3,99.3,LAND,True,OK
18:56:05.442,14.66,9600.0,19,FIX_3D,0.98,0.2,-1.3,99.3,LAND,True,OK
18:56:05.542,14.71,9600.0,19,FIX_3D,0.92,-0.1,-1.2,99.2,LAND,True,OK
18:56:05.642,14.71,9600.0,19,FIX_3D,0.92,-0.1,-1.2,99.2,LAND,True,OK
18:56:05.742,14.71,9600.0,19,FIX_3D,0.83,-0.3,-1.1,98.7,LAND,True,OK
18:56:05.843,14.71,9600.0,19,FIX_3D,0.83,-0.3,-1.1,98.7,LAND,True,OK
18:56:05.943,14.71,9600.0,19,FIX_3D,0.83,-0.3,-1.1,98.7,LAND,True,OK
18:56:06.045,14.71,9600.0,19,FIX_3D,0.83,-0.3,-1.1,98.7,LAND,True,OK
18:56:06.146,14.71,9600.0,19,FIX_3D,0.73,-0.4,-1.2,98.4,LAND,True,OK
18:56:06.245,14.71,9600.0,19,FIX_3D,0.63,-0.5,-1.5,98.8,LAND,True,OK
18:56:06.346,14.71,9600.0,19,FIX_3D,0.51,-0.5,-1.5,98.8,LAND,True,OK
18:56:06.447,14.71,9600.0,19,FIX_3D,0.51,-0.5,-1.5,98.8,LAND,True,OK
18:56:06.548,14.63,9600.0,19,FIX_3D,0.4,-0.5,-1.8,99.2,LAND,True,OK
18:56:06.649,14.63,9600.0,19,FIX_3D,0.4,-0.7,-1.4,99.5,LAND,True,OK
18:56:06.750,14.63,9600.0,19,FIX_3D,0.28,-0.7,-1.4,99.5,LAND,True,OK
18:56:06.851,14.63,9600.0,19,FIX_3D,0.28,-0.7,-1.4,99.5,LAND,True,OK
18:56:06.952,14.63,9600.0,19,FIX_3D,0.28,-0.7,-1.4,99.5,LAND,True,OK
18:56:07.053,14.63,9600.0,19,FIX_3D,0.17,-0.7,-1.3,99.4,LAND,True,OK
18:56:07.154,14.63,9600.0,19,FIX_3D,0.07,0.4,-0.3,98.7,LAND,True,OK
18:56:07.255,14.63,9600.0,19,FIX_3D,0.07,0.4,-0.3,98.7,LAND,True,OK
18:56:07.356,14.63,9600.0,19,FIX_3D,-0.03,0.4,-0.3,98.7,LAND,True,OK
18:56:07.457,14.63,9600.0,19,FIX_3D,-0.03,0.4,-0.3,98.7,LAND,True,OK
18:56:07.557,14.63,9600.0,19,FIX_3D,-0.03,0.4,-0.3,98.7,LAND,True,OK
18:56:07.658,14.63,9600.0,19,FIX_3D,-0.03,0.3,-0.8,98.1,LAND,True,OK
18:56:07.758,14.93,9600.0,19,FIX_3D,-0.02,-0.4,-0.6,97.9,LAND,True,OK
18:56:07.859,14.93,9600.0,19,FIX_3D,-0.02,-0.4,-0.6,97.9,LAND,True,OK
18:56:07.959,14.93,9600.0,19,FIX_3D,-0.02,-0.4,-0.6,97.9,LAND,True,OK
18:56:08.061,14.93,9600.0,19,FIX_3D,-0.01,0.0,-0.4,98.0,LAND,True,OK
18:56:08.162,14.93,9600.0,19,FIX_3D,-0.0,0.0,-0.3,98.0,LAND,True,OK
18:56:08.262,14.93,9600.0,19,FIX_3D,-0.0,0.0,-0.3,98.0,LAND,True,OK
18:56:08.363,14.93,9600.0,19,FIX_3D,-0.0,0.0,-0.3,98.0,LAND,True,OK
18:56:08.463,14.93,9600.0,19,FIX_3D,-0.0,0.0,-0.3,98.0,LAND,True,OK
18:56:08.563,15.26,9600.0,19,FIX_3D,-0.01,0.0,-0.4,97.9,LAND,True,OK
18:56:08.663,15.26,9600.0,19,FIX_3D,-0.01,0.0,-0.4,97.9,LAND,True,OK
18:56:08.764,15.26,9600.0,19,FIX_3D,-0.01,-0.0,-0.4,97.9,LAND,True,OK
18:56:08.864,15.26,9600.0,19,FIX_3D,-0.01,-0.0,-0.4,97.9,LAND,True,OK
18:56:08.964,15.26,9600.0,19,FIX_3D,-0.01,-0.0,-0.4,97.9,LAND,True,OK
18:56:09.065,15.26,9600.0,19,FIX_3D,-0.01,-0.0,-0.4,97.9,LAND,True,OK
18:56:09.165,15.26,9600.0,19,FIX_3D,-0.01,-0.0,-0.3,97.9,LAND,True,OK
18:56:09.266,15.26,9600.0,19,FIX_3D,-0.01,0.0,-0.3,97.9,LAND,True,OK
18:56:09.365,15.26,9600.0,19,FIX_3D,-0.01,0.0,-0.3,97.9,LAND,True,OK
18:56:09.466,15.26,9600.0,19,FIX_3D,-0.01,0.0,-0.3,97.9,LAND,True,OK
18:56:09.565,15.32,9600.0,19,FIX_3D,-0.01,0.0,-0.3,97.9,LAND,True,OK
18:56:09.666,15.32,9600.0,19,FIX_3D,-0.01,0.0,-0.3,97.9,LAND,True,OK
18:56:09.767,15.32,9600.0,19,FIX_3D,-0.01,0.0,-0.3,97.9,LAND,True,OK
18:56:09.867,15.32,9600.0,19,FIX_3D,-0.01,0.0,-0.3,97.9,LAND,True,OK
18:56:09.968,15.32,9600.0,19,FIX_3D,-0.01,0.0,-0.3,97.9,LAND,True,OK
18:56:10.069,15.32,9600.0,19,FIX_3D,0.02,0.0,-0.3,97.9,LAND,False,OK
18:56:10.170,15.32,9600.0,19,FIX_3D,0.02,0.0,-0.3,97.9,LAND,False,OK
18:56:10.270,15.32,9600.0,19,FIX_3D,0.02,0.0,-0.3,97.9,LAND,False,OK
18:56:10.370,15.32,9600.0,19,FIX_3D,0.02,0.0,-0.3,97.9,LAND,False,OK
18:56:10.472,15.32,9600.0,19,FIX_3D,0.02,0.0,-0.3,97.9,LAND,False,OK
18:56:10.573,15.32,9600.0,19,FIX_3D,0.02,0.0,-0.3,97.9,LAND,False,OK
18:56:10.674,15.41,9600.0,19,FIX_3D,0.02,0.0,-0.3,97.9,OFFBOARD,False,OK
18:56:10.774,15.41,9600.0,19,FIX_3D,0.02,0.0,-0.3,97.9,OFFBOARD,False,OK
18:56:10.875,15.41,9600.0,19,FIX_3D,0.02,0.0,-0.3,97.9,OFFBOARD,False,OK
18:56:10.975,15.41,9600.0,19,FIX_3D,0.02,0.0,-0.3,97.9,OFFBOARD,False,OK
18:56:11.076,15.41,9600.0,19,FIX_3D,0.02,0.0,-0.4,97.9,OFFBOARD,False,OK
18:56:11.177,15.41,9600.0,19,FIX_3D,0.02,0.0,-0.4,97.9,OFFBOARD,False,OK
18:56:11.277,15.41,9600.0,19,FIX_3D,0.02,0.0,-0.4,97.9,OFFBOARD,False,OK
18:56:11.379,15.41,9600.0,19,FIX_3D,0.02,0.0,-0.4,97.9,OFFBOARD,False,OK
18:56:11.480,15.41,9600.0,19,FIX_3D,0.01,0.0,-0.4,97.9,OFFBOARD,False,OK
18:56:11.581,15.43,9600.0,19,FIX_3D,0.01,0.0,-0.3,97.9,OFFBOARD,False,OK
18:56:11.681,15.43,9600.0,19,FIX_3D,0.01,0.0,-0.3,97.9,OFFBOARD,False,OK
18:56:11.781,15.43,9600.0,19,FIX_3D,0.01,0.0,-0.4,97.9,OFFBOARD,False,OK
18:56:11.881,15.43,9600.0,19,FIX_3D,0.01,0.0,-0.4,97.9,OFFBOARD,False,OK
18:56:11.982,15.43,9600.0,19,FIX_3D,0.01,0.0,-0.4,97.9,OFFBOARD,False,OK
18:56:12.081,15.43,9600.0,19,FIX_3D,0.02,0.0,-0.4,97.9,OFFBOARD,False,OK
18:56:12.181,15.43,9600.0,19,FIX_3D,0.02,0.0,-0.4,97.9,OFFBOARD,False,OK
18:56:12.282,15.43,9600.0,19,FIX_3D,0.03,0.0,-0.4,97.9,OFFBOARD,False,OK
18:56:12.382,15.43,9600.0,19,FIX_3D,0.03,0.0,-0.4,97.9,OFFBOARD,False,OK
18:56:12.483,15.43,9600.0,19,FIX_3D,0.03,0.0,-0.4,97.9,OFFBOARD,False,OK
18:56:12.582,15.43,9600.0,19,FIX_3D,0.04,0.0,-0.4,97.9,OFFBOARD,False,OK
18:56:12.683,15.43,9600.0,19,FIX_3D,0.04,0.0,-0.4,97.8,OFFBOARD,False,OK
18:56:12.784,15.43,9600.0,19,FIX_3D,0.04,0.0,-0.4,97.8,OFFBOARD,False,OK
18:56:12.884,15.43,9600.0,19,FIX_3D,0.04,0.0,-0.4,97.8,OFFBOARD,False,OK
18:56:12.984,15.43,9600.0,19,FIX_3D,0.04,0.0,-0.4,97.8,OFFBOARD,False,OK
18:56:13.085,15.43,9600.0,19,FIX_3D,0.05,0.0,-0.4,97.8,OFFBOARD,False,OK
18:56:13.185,15.43,9600.0,19,FIX_3D,0.05,0.0,-0.4,97.8,OFFBOARD,False,OK
18:56:13.286,15.43,9600.0,19,FIX_3D,0.05,0.0,-0.4,97.8,OFFBOARD,False,OK
18:56:13.385,15.43,9600.0,19,FIX_3D,0.0,0.0,-0.4,97.8,OFFBOARD,False,OK
18:56:13.485,15.43,9600.0,19,FIX_3D,0.0,0.0,-0.4,97.8,OFFBOARD,False,OK
18:56:13.586,15.37,9600.0,19,FIX_3D,0.01,0.0,-0.4,97.8,OFFBOARD,False,OK
18:56:13.686,15.37,9600.0,19,FIX_3D,0.0,0.0,-0.4,97.8,OFFBOARD,False,OK
18:56:13.786,15.37,9600.0,19,FIX_3D,0.0,0.0,-0.4,97.8,OFFBOARD,False,OK
18:56:13.886,15.37,9600.0,19,FIX_3D,0.0,0.0,-0.4,97.8,OFFBOARD,False,OK
18:56:13.987,15.37,9600.0,19,FIX_3D,0.0,0.0,-0.4,97.8,OFFBOARD,False,OK
18:56:14.086,15.37,9600.0,19,FIX_3D,0.0,0.0,-0.4,97.8,OFFBOARD,True,OK
18:56:14.187,15.37,9600.0,19,FIX_3D,-0.0,0.0,-0.4,97.8,OFFBOARD,True,OK
18:56:14.287,15.37,9600.0,19,FIX_3D,-0.0,0.0,-0.4,97.8,OFFBOARD,True,OK
18:56:14.387,15.37,9600.0,19,FIX_3D,-0.0,0.0,-0.4,97.8,OFFBOARD,True,OK
18:56:14.487,15.37,9600.0,19,FIX_3D,-0.0,0.0,-0.4,97.8,OFFBOARD,True,OK
18:56:14.588,15.4,9600.0,19,FIX_3D,-0.0,0.0,-0.4,97.8,OFFBOARD,True,OK
18:56:14.688,15.4,9600.0,19,FIX_3D,-0.0,0.0,-0.4,97.8,OFFBOARD,True,OK
18:56:14.789,15.4,9600.0,19,FIX_3D,-0.01,0.0,-0.4,97.8,OFFBOARD,True,OK
18:56:14.889,15.4,9600.0,19,FIX_3D,-0.01,0.0,-0.4,97.8,OFFBOARD,True,OK
18:56:14.989,15.4,9600.0,19,FIX_3D,-0.01,0.0,-0.4,97.8,OFFBOARD,True,OK
18:56:15.089,15.4,9600.0,19,FIX_3D,-0.01,0.0,-0.4,97.8,OFFBOARD,True,OK
18:56:15.190,15.4,9600.0,19,FIX_3D,-0.02,0.0,-0.4,97.8,OFFBOARD,True,OK
18:56:15.291,15.4,9600.0,19,FIX_3D,-0.02,0.0,-0.4,97.8,OFFBOARD,True,OK
18:56:15.391,15.4,9600.0,19,FIX_3D,-0.02,0.0,-0.4,97.8,OFFBOARD,True,OK
18:56:15.491,15.4,9600.0,19,FIX_3D,-0.02,0.0,-0.4,97.8,OFFBOARD,True,OK
18:56:15.592,15.35,9600.0,19,FIX_3D,-0.02,0.0,-0.4,97.8,OFFBOARD,True,OK
18:56:15.693,15.35,9600.0,19,FIX_3D,-0.02,0.0,-0.4,97.8,OFFBOARD,True,OK
18:56:15.795,15.35,9600.0,19,FIX_3D,-0.02,0.0,-0.4,97.8,OFFBOARD,True,OK
18:56:15.895,15.35,9600.0,19,FIX_3D,-0.02,0.0,-0.4,97.8,OFFBOARD,True,OK
18:56:15.996,15.35,9600.0,19,FIX_3D,-0.02,0.0,-0.4,97.8,OFFBOARD,True,OK
18:56:16.097,15.35,9600.0,19,FIX_3D,-0.02,0.0,-0.4,97.8,OFFBOARD,True,OK
18:56:16.197,15.35,9600.0,19,FIX_3D,-0.02,0.0,-0.4,97.8,OFFBOARD,True,OK
18:56:16.297,15.35,9600.0,19,FIX_3D,-0.02,0.0,-0.4,97.8,OFFBOARD,True,OK
18:56:16.398,15.35,9600.0,19,FIX_3D,-0.02,0.0,-0.4,97.8,OFFBOARD,True,OK
18:56:16.498,15.35,9600.0,19,FIX_3D,-0.02,0.0,-0.4,97.8,OFFBOARD,True,OK
18:56:16.599,15.4,9600.0,19,FIX_3D,-0.02,0.0,-0.4,97.8,OFFBOARD,True,OK
18:56:16.699,15.4,9600.0,19,FIX_3D,-0.01,0.0,-0.4,97.8,OFFBOARD,True,OK
18:56:16.800,15.4,9600.0,19,FIX_3D,-0.01,0.0,-0.4,97.8,OFFBOARD,True,OK
18:56:16.901,15.4,9600.0,19,FIX_3D,-0.01,0.0,-0.4,97.8,OFFBOARD,True,OK
18:56:17.002,15.4,9600.0,19,FIX_3D,-0.01,0.0,-0.4,97.8,OFFBOARD,True,OK
18:56:17.103,15.4,9600.0,19,FIX_3D,-0.01,0.0,-0.4,97.8,OFFBOARD,True,OK
18:56:17.202,15.4,9600.0,19,FIX_3D,-0.01,0.0,-0.4,97.8,OFFBOARD,True,OK
18:56:17.303,15.4,9600.0,19,FIX_3D,-0.01,0.0,-0.4,97.8,OFFBOARD,True,OK
18:56:17.404,15.4,9600.0,19,FIX_3D,-0.01,0.0,-0.4,97.8,OFFBOARD,True,OK
18:56:17.505,15.4,9600.0,19,FIX_3D,-0.01,0.0,-0.4,97.8,OFFBOARD,True,OK
18:56:17.605,15.37,9600.0,19,FIX_3D,-0.02,0.0,-0.4,97.8,OFFBOARD,True,OK
18:56:17.705,15.37,9600.0,19,FIX_3D,-0.02,0.0,-0.4,97.8,OFFBOARD,True,OK
18:56:17.805,15.37,9600.0,19,FIX_3D,-0.01,0.1,-0.3,97.8,OFFBOARD,True,OK
18:56:17.906,15.37,9600.0,19,FIX_3D,-0.01,0.1,-0.3,97.8,OFFBOARD,True,OK
18:56:18.007,15.37,9600.0,19,FIX_3D,-0.01,0.1,-0.3,97.8,OFFBOARD,True,OK
18:56:18.107,15.37,9600.0,19,FIX_3D,-0.01,0.1,-0.3,97.8,OFFBOARD,True,OK
18:56:18.208,15.37,9600.0,19,FIX_3D,0.01,0.0,-0.8,98.1,OFFBOARD,True,OK
18:56:18.309,15.37,9600.0,19,FIX_3D,0.07,0.0,-0.8,98.1,OFFBOARD,True,OK
18:56:18.409,15.37,9600.0,19,FIX_3D,0.07,0.0,-0.8,98.1,OFFBOARD,True,OK
18:56:18.511,15.37,9600.0,19,FIX_3D,0.07,0.0,-0.8,98.1,OFFBOARD,True,OK
18:56:18.612,14.59,9600.0,19,FIX_3D,0.16,-0.9,-1.3,98.9,OFFBOARD,True,OK
18:56:18.713,14.59,9600.0,19,FIX_3D,0.16,-0.6,-0.9,99.9,OFFBOARD,True,OK
18:56:18.815,14.59,9600.0,19,FIX_3D,0.3,-0.6,-0.9,99.9,OFFBOARD,True,OK
18:56:18.916,14.59,9600.0,19,FIX_3D,0.3,-0.6,-0.9,99.9,OFFBOARD,True,OK
18:56:19.017,14.59,9600.0,19,FIX_3D,0.47,-0.4,0.1,100.4,OFFBOARD,True,OK
18:56:19.117,14.59,9600.0,19,FIX_3D,0.67,0.4,-0.2,100.2,OFFBOARD,True,OK
18:56:19.217,14.59,9600.0,19,FIX_3D,0.67,0.4,-0.2,100.2,OFFBOARD,True,OK
18:56:19.318,14.59,9600.0,19,FIX_3D,0.9,0.4,-0.2,100.2,OFFBOARD,True,OK
18:56:19.419,14.59,9600.0,19,FIX_3D,0.9,0.4,-0.2,100.2,OFFBOARD,True,OK
18:56:19.519,14.59,9600.0,19,FIX_3D,0.9,0.4,-0.2,100.2,OFFBOARD,True,OK
18:56:19.619,14.59,9600.0,19,FIX_3D,0.9,0.4,-0.2,100.2,OFFBOARD,True,OK
18:56:19.719,14.65,9600.0,19,FIX_3D,1.14,0.6,-1.2,100.0,OFFBOARD,True,OK
18:56:19.819,14.65,9600.0,19,FIX_3D,1.35,0.7,-1.7,99.9,OFFBOARD,True,OK
18:56:19.919,14.65,9600.0,19,FIX_3D,1.35,0.7,-1.7,99.9,OFFBOARD,True,OK
18:56:20.020,14.65,9600.0,19,FIX_3D,1.35,0.7,-1.7,99.9,OFFBOARD,True,OK
18:56:20.120,14.65,9600.0,19,FIX_3D,1.35,0.7,-1.7,99.9,OFFBOARD,True,OK
18:56:20.221,14.65,9600.0,19,FIX_3D,1.67,0.3,-1.9,99.6,OFFBOARD,True,OK
18:56:20.321,14.65,9600.0,19,FIX_3D,1.67,0.3,-1.9,99.6,OFFBOARD,True,OK
18:56:20.422,14.65,9600.0,19,FIX_3D,1.67,0.3,-1.9,99.6,OFFBOARD,True,OK
18:56:20.521,14.65,9600.0,19,FIX_3D,1.78,0.3,-1.9,99.6,OFFBOARD,True,OK
18:56:20.621,14.67,9600.0,19,FIX_3D,1.87,0.2,-1.9,99.3,OFFBOARD,True,OK
18:56:20.721,14.67,9600.0,19,FIX_3D,1.87,0.2,-1.9,99.3,OFFBOARD,True,OK
18:56:20.822,14.67,9600.0,19,FIX_3D,1.95,0.3,-1.9,99.0,OFFBOARD,True,OK
18:56:20.922,14.67,9600.0,19,FIX_3D,1.95,0.3,-1.9,99.0,OFFBOARD,True,OK
18:56:21.023,14.67,9600.0,19,FIX_3D,1.95,0.3,-1.9,99.0,OFFBOARD,True,OK
18:56:21.122,14.67,9600.0,19,FIX_3D,2.0,0.3,-1.9,98.9,OFFBOARD,True,OK
18:56:21.223,14.67,9600.0,19,FIX_3D,2.04,0.3,-2.0,99.1,OFFBOARD,True,OK
18:56:21.323,14.67,9600.0,19,FIX_3D,2.04,0.3,-2.0,99.1,OFFBOARD,True,OK
18:56:21.423,14.67,9600.0,19,FIX_3D,2.04,0.3,-2.0,99.1,OFFBOARD,True,OK
18:56:21.524,14.67,9600.0,19,FIX_3D,2.04,0.3,-2.0,99.1,OFFBOARD,True,OK
18:56:21.623,14.63,9500.0,19,FIX_3D,2.03,0.2,-1.8,99.4,OFFBOARD,True,OK
18:56:21.725,14.63,9500.0,19,FIX_3D,2.03,-0.2,-1.7,99.7,OFFBOARD,True,OK
18:56:21.825,14.63,9500.0,19,FIX_3D,2.01,-0.2,-1.7,99.7,OFFBOARD,True,OK
18:56:21.926,14.63,9500.0,19,FIX_3D,2.01,-0.2,-1.7,99.7,OFFBOARD,True,OK
18:56:22.027,14.63,9500.0,19,FIX_3D,1.98,-0.3,-1.7,99.8,OFFBOARD,True,OK
18:56:22.127,14.63,9500.0,19,FIX_3D,1.97,-0.3,-1.7,99.8,OFFBOARD,True,OK
18:56:22.227,14.63,9500.0,19,FIX_3D,1.97,-0.3,-1.7,99.8,OFFBOARD,True,OK
18:56:22.328,14.63,9500.0,19,FIX_3D,1.96,-0.3,-1.7,99.8,OFFBOARD,True,OK
18:56:22.429,14.63,9500.0,19,FIX_3D,1.96,-0.3,-1.7,99.8,OFFBOARD,True,OK
18:56:22.530,14.63,9500.0,19,FIX_3D,1.96,-0.3,-1.7,99.8,OFFBOARD,True,OK
18:56:22.630,14.63,9500.0,19,FIX_3D,1.96,-0.3,-1.7,99.8,OFFBOARD,True,OK
18:56:22.731,14.57,9500.0,19,FIX_3D,1.96,0.1,-1.7,99.6,OFFBOARD,True,OK
18:56:22.831,14.57,9500.0,19,FIX_3D,1.96,0.1,-1.7,99.6,OFFBOARD,True,OK
18:56:22.932,14.57,9500.0,19,FIX_3D,1.96,0.1,-1.7,99.6,OFFBOARD,True,OK
18:56:23.032,14.57,9500.0,19,FIX_3D,1.96,0.1,-1.7,99.6,OFFBOARD,True,OK
18:56:23.134,14.57,9500.0,19,FIX_3D,1.96,0.1,-1.7,99.6,OFFBOARD,True,OK
18:56:23.234,14.57,9500.0,19,FIX_3D,1.96,0.1,-1.7,99.6,OFFBOARD,True,OK
18:56:23.335,14.57,9500.0,19,FIX_3D,1.96,2.0,-4.0,97.4,OFFBOARD,True,OK
18:56:23.437,14.57,9500.0,19,FIX_3D,1.94,2.0,-4.0,97.4,OFFBOARD,True,OK
18:56:23.537,14.57,9500.0,19,FIX_3D,1.94,2.0,-4.0,97.4,OFFBOARD,True,OK
18:56:23.638,14.69,9500.0,19,FIX_3D,1.87,2.8,-3.6,85.6,OFFBOARD,True,OK
18:56:23.739,14.69,9500.0,19,FIX_3D,1.77,-2.0,-3.0,67.1,OFFBOARD,True,OK
18:56:23.839,14.69,9500.0,19,FIX_3D,1.77,-2.0,-3.0,67.1,OFFBOARD,True,OK
18:56:23.940,14.69,9500.0,19,FIX_3D,1.77,-2.0,-3.0,67.1,OFFBOARD,True,OK
18:56:24.041,14.69,9500.0,19,FIX_3D,1.77,-2.0,-3.0,67.1,OFFBOARD,True,OK
18:56:24.142,14.69,9500.0,19,FIX_3D,1.77,-2.0,-3.0,67.1,OFFBOARD,True,OK
18:56:24.244,14.69,9500.0,19,FIX_3D,1.77,-2.0,-3.0,67.1,OFFBOARD,True,OK
18:56:24.344,14.69,9500.0,19,FIX_3D,1.6,-6.5,-12.0,31.4,OFFBOARD,True,OK
18:56:24.445,14.69,9500.0,19,FIX_3D,1.6,-6.5,-12.0,31.4,OFFBOARD,True,OK
18:56:24.545,14.69,9500.0,19,FIX_3D,1.6,-6.5,-12.0,31.4,OFFBOARD,True,OK
18:56:24.646,14.69,9500.0,19,FIX_3D,1.6,-6.5,-12.0,31.4,OFFBOARD,True,OK
18:56:24.746,14.69,9500.0,19,FIX_3D,1.6,-6.5,-12.0,31.4,OFFBOARD,True,OK
18:56:24.848,14.69,9500.0,19,FIX_3D,1.6,-0.6,-5.5,16.1,OFFBOARD,True,OK
18:56:24.949,14.38,9500.0,19,FIX_3D,1.66,0.6,0.3,2.5,OFFBOARD,True,OK
18:56:25.049,14.38,9500.0,19,FIX_3D,1.77,0.6,0.3,2.5,OFFBOARD,True,OK
18:56:25.150,14.38,9500.0,19,FIX_3D,1.77,0.6,0.3,2.5,OFFBOARD,True,OK
18:56:25.251,14.38,9500.0,19,FIX_3D,2.12,-1.0,3.1,-5.6,OFFBOARD,True,OK
18:56:25.352,14.38,9500.0,19,FIX_3D,2.3,-1.0,3.1,-5.6,OFFBOARD,True,OK
18:56:25.452,14.38,9500.0,19,FIX_3D,2.3,-1.0,3.1,-5.6,OFFBOARD,True,OK
18:56:25.553,14.38,9500.0,19,FIX_3D,2.3,-1.0,3.1,-5.6,OFFBOARD,True,OK
18:56:25.653,14.38,9500.0,19,FIX_3D,2.3,-1.0,3.1,-5.6,OFFBOARD,True,OK
18:56:25.755,14.57,9500.0,19,FIX_3D,2.56,0.1,3.5,0.9,OFFBOARD,True,OK
18:56:25.857,14.57,9500.0,19,FIX_3D,2.56,0.1,3.5,0.9,OFFBOARD,True,OK
18:56:25.958,14.57,9500.0,19,FIX_3D,2.56,0.1,3.5,0.9,OFFBOARD,True,OK
18:56:26.059,14.57,9500.0,19,FIX_3D,2.56,0.1,3.5,0.9,OFFBOARD,True,OK
18:56:26.160,14.57,9500.0,19,FIX_3D,2.56,0.1,3.5,0.9,OFFBOARD,True,OK
18:56:26.261,14.57,9500.0,19,FIX_3D,2.56,0.1,3.5,0.9,OFFBOARD,True,OK
18:56:26.362,14.57,9500.0,19,FIX_3D,2.71,0.4,3.1,1.6,OFFBOARD,True,OK
18:56:26.463,14.57,9500.0,19,FIX_3D,2.73,0.4,3.1,1.6,OFFBOARD,True,OK
18:56:26.565,14.57,9500.0,19,FIX_3D,2.73,0.4,3.1,1.6,OFFBOARD,True,OK
18:56:26.666,14.56,9500.0,19,FIX_3D,2.74,0.1,2.9,0.0,OFFBOARD,True,OK
18:56:26.766,14.56,9500.0,19,FIX_3D,2.74,0.1,2.9,0.0,OFFBOARD,True,OK
18:56:26.865,14.56,9500.0,19,FIX_3D,2.74,0.2,2.5,-0.5,OFFBOARD,True,OK
18:56:26.966,14.56,9500.0,19,FIX_3D,2.74,0.2,2.5,-0.5,OFFBOARD,True,OK
18:56:27.066,14.56,9500.0,19,FIX_3D,2.74,0.2,2.5,-0.5,OFFBOARD,True,OK
18:56:27.167,14.56,9500.0,19,FIX_3D,2.74,0.2,2.0,0.0,OFFBOARD,True,OK
18:56:27.267,14.56,9500.0,19,FIX_3D,2.71,0.3,1.5,1.0,OFFBOARD,True,OK
18:56:27.368,14.56,9500.0,19,FIX_3D,2.71,0.3,1.5,1.0,OFFBOARD,True,OK
18:56:27.468,14.56,9500.0,19,FIX_3D,2.71,0.3,1.5,1.0,OFFBOARD,True,OK
18:56:27.569,14.56,9500.0,19,FIX_3D,2.71,0.3,1.5,1.0,OFFBOARD,True,OK
18:56:27.670,14.49,9500.0,19,FIX_3D,2.72,0.5,1.2,1.6,OFFBOARD,True,OK
18:56:27.771,14.49,9500.0,19,FIX_3D,2.72,0.6,1.0,1.8,OFFBOARD,True,OK
18:56:27.872,14.49,9500.0,19,FIX_3D,2.72,0.6,1.0,1.8,OFFBOARD,True,OK
18:56:27.972,14.49,9500.0,19,FIX_3D,2.72,0.6,1.0,1.8,OFFBOARD,True,OK
18:56:28.071,14.49,9500.0,19,FIX_3D,2.72,0.6,1.0,1.8,OFFBOARD,True,OK
18:56:28.172,14.49,9500.0,19,FIX_3D,2.72,0.6,1.0,1.8,OFFBOARD,True,OK
18:56:28.273,14.49,9500.0,19,FIX_3D,2.73,0.9,0.6,1.3,OFFBOARD,True,OK
18:56:28.373,14.49,9500.0,19,FIX_3D,2.73,0.9,0.6,1.3,OFFBOARD,True,OK
18:56:28.474,14.49,9500.0,19,FIX_3D,2.73,0.9,0.6,1.3,OFFBOARD,True,OK
18:56:28.574,14.49,9500.0,19,FIX_3D,2.73,0.9,0.6,1.3,OFFBOARD,True,OK
18:56:28.674,14.49,9500.0,19,FIX_3D,2.73,0.9,0.6,1.3,OFFBOARD,True,OK
18:56:28.774,14.49,9500.0,19,FIX_3D,2.72,1.3,0.2,0.9,OFFBOARD,True,OK
18:56:28.875,14.49,9500.0,19,FIX_3D,2.72,1.3,0.2,0.9,OFFBOARD,True,OK
18:56:28.975,14.49,9500.0,19,FIX_3D,2.72,1.3,0.2,0.9,OFFBOARD,True,OK
18:56:29.075,14.49,9500.0,19,FIX_3D,2.72,1.3,0.2,0.9,OFFBOARD,True,OK
18:56:29.176,14.49,9500.0,19,FIX_3D,2.72,1.3,0.2,0.9,OFFBOARD,True,OK
18:56:29.276,14.49,9500.0,19,FIX_3D,2.71,1.3,1.1,0.8,OFFBOARD,True,OK
18:56:29.377,14.49,9500.0,19,FIX_3D,2.71,1.3,1.1,0.8,OFFBOARD,True,OK
18:56:29.477,14.49,9500.0,19,FIX_3D,2.71,1.3,1.1,0.8,OFFBOARD,True,OK
18:56:29.577,14.49,9500.0,19,FIX_3D,2.7,1.3,1.1,0.8,OFFBOARD,True,OK
18:56:29.678,14.48,9400.0,19,FIX_3D,2.71,1.1,-1.3,1.2,OFFBOARD,True,OK
18:56:29.778,14.48,9400.0,19,FIX_3D,2.72,1.1,-1.3,1.2,OFFBOARD,True,OK
18:56:29.878,14.48,9400.0,19,FIX_3D,2.72,1.1,-1.3,1.2,OFFBOARD,True,OK
18:56:29.979,14.48,9400.0,19,FIX_3D,2.72,1.1,-1.3,1.2,OFFBOARD,True,OK
18:56:30.079,14.48,9400.0,19,FIX_3D,2.72,1.1,-1.3,1.2,OFFBOARD,True,OK
18:56:30.181,14.48,9400.0,19,FIX_3D,2.72,0.9,-1.1,1.4,OFFBOARD,True,OK
18:56:30.282,14.48,9400.0,19,FIX_3D,2.74,1.0,-0.9,1.2,OFFBOARD,True,OK
18:56:30.383,14.48,9400.0,19,FIX_3D,2.74,1.0,-0.9,1.2,OFFBOARD,True,OK
18:56:30.483,14.48,9400.0,19,FIX_3D,2.74,1.0,-0.9,1.2,OFFBOARD,True,OK
18:56:30.584,14.48,9400.0,19,FIX_3D,2.74,1.0,-0.9,1.2,OFFBOARD,True,OK
18:56:30.685,14.48,9400.0,19,FIX_3D,2.73,0.9,-0.6,1.1,OFFBOARD,True,OK
18:56:30.786,14.48,9400.0,19,FIX_3D,2.73,0.9,-0.5,1.2,OFFBOARD,True,OK
18:56:30.888,14.48,9400.0,19,FIX_3D,2.74,0.9,-0.5,1.2,OFFBOARD,True,OK
18:56:30.988,14.48,9400.0,19,FIX_3D,2.74,0.9,-0.5,1.2,OFFBOARD,True,OK
18:56:31.089,14.48,9400.0,19,FIX_3D,2.74,0.9,-0.5,1.2,OFFBOARD,True,OK
18:56:31.190,14.48,9400.0,19,FIX_3D,2.74,0.3,-0.3,1.4,OFFBOARD,True,OK
18:56:31.290,14.48,9400.0,19,FIX_3D,2.74,0.3,-0.3,1.4,OFFBOARD,True,OK
18:56:31.390,14.48,9400.0,19,FIX_3D,2.74,0.3,-0.3,1.4,OFFBOARD,True,OK
18:56:31.491,14.48,9400.0,19,FIX_3D,2.74,0.3,-0.3,1.4,OFFBOARD,True,OK
18:56:31.591,14.48,9400.0,19,FIX_3D,2.74,0.3,-0.3,1.4,OFFBOARD,True,OK
18:56:31.691,14.48,9400.0,19,FIX_3D,2.74,0.3,-0.3,1.4,OFFBOARD,True,OK
18:56:31.792,14.48,9400.0,19,FIX_3D,2.74,0.3,-0.3,1.4,OFFBOARD,True,OK
18:56:31.893,14.48,9400.0,19,FIX_3D,2.74,0.1,-0.6,1.6,OFFBOARD,True,OK
18:56:31.993,14.48,9400.0,19,FIX_3D,2.74,0.1,-0.6,1.6,OFFBOARD,True,OK
18:56:32.093,14.48,9400.0,19,FIX_3D,2.74,0.1,-0.6,1.6,OFFBOARD,True,OK
18:56:32.194,14.48,9400.0,19,FIX_3D,2.74,0.1,-0.6,1.6,OFFBOARD,True,OK
18:56:32.293,14.48,9400.0,19,FIX_3D,2.74,0.5,-0.5,1.0,OFFBOARD,True,OK
18:56:32.394,14.48,9400.0,19,FIX_3D,2.74,0.5,-0.5,1.0,OFFBOARD,True,OK
18:56:32.495,14.48,9400.0,19,FIX_3D,2.74,0.5,-0.5,1.0,OFFBOARD,True,OK
18:56:32.596,14.48,9400.0,19,FIX_3D,2.74,0.5,-0.5,1.0,OFFBOARD,True,OK
18:56:32.698,14.48,9400.0,19,FIX_3D,2.74,0.4,-0.5,0.9,OFFBOARD,True,OK
18:56:32.798,14.47,9400.0,19,FIX_3D,2.74,0.4,-0.4,1.1,OFFBOARD,True,OK
18:56:32.898,14.47,9400.0,19,FIX_3D,2.74,0.4,-0.4,1.1,OFFBOARD,True,OK
18:56:32.999,14.47,9400.0,19,FIX_3D,2.74,0.4,-0.4,1.1,OFFBOARD,True,OK
18:56:33.099,14.47,9400.0,19,FIX_3D,2.74,0.4,-0.4,1.1,OFFBOARD,True,OK
18:56:33.200,14.47,9400.0,19,FIX_3D,2.74,0.4,-0.4,1.1,OFFBOARD,True,OK
18:56:33.299,14.47,9400.0,19,FIX_3D,2.74,0.4,-0.4,1.1,OFFBOARD,True,OK
18:56:33.401,14.47,9400.0,19,FIX_3D,2.77,0.9,-0.3,0.9,OFFBOARD,True,OK
18:56:33.501,14.47,9400.0,19,FIX_3D,2.77,0.9,-0.3,0.9,OFFBOARD,True,OK
18:56:33.601,14.47,9400.0,19,FIX_3D,2.77,0.9,-0.3,0.9,HOLD,True,OK
18:56:33.701,14.45,9400.0,19,FIX_3D,2.77,0.9,-0.1,0.3,HOLD,True,OK
18:56:33.802,14.45,9400.0,19,FIX_3D,2.77,1.0,0.2,-0.1,HOLD,True,OK
18:56:33.901,14.45,9400.0,19,FIX_3D,2.75,1.0,0.2,-0.1,LAND,True,OK
18:56:34.002,14.45,9400.0,19,FIX_3D,2.75,1.0,0.2,-0.1,LAND,True,OK
18:56:34.103,14.45,9400.0,19,FIX_3D,2.67,0.7,0.2,-0.4,LAND,True,OK
18:56:34.203,14.45,9400.0,19,FIX_3D,2.53,0.1,-0.3,-0.1,LAND,True,OK
18:56:34.304,14.45,9400.0,19,FIX_3D,2.53,0.1,-0.3,-0.1,LAND,True,OK
18:56:34.405,14.45,9400.0,19,FIX_3D,2.39,0.1,-0.3,-0.1,LAND,True,OK
18:56:34.506,14.45,9400.0,19,FIX_3D,2.39,0.1,-0.3,-0.1,LAND,True,OK
18:56:34.606,14.45,9400.0,19,FIX_3D,2.39,0.1,-0.3,-0.1,LAND,True,OK
18:56:34.707,14.41,9400.0,19,FIX_3D,2.26,-0.1,-0.8,1.1,LAND,True,OK
18:56:34.808,14.41,9400.0,19,FIX_3D,2.14,-0.0,-0.2,1.8,LAND,True,OK
18:56:34.909,14.41,9400.0,19,FIX_3D,2.14,-0.0,-0.2,1.8,LAND,True,OK
18:56:35.009,14.41,9400.0,19,FIX_3D,2.14,-0.0,-0.2,1.8,LAND,True,OK
18:56:35.110,14.41,9400.0,19,FIX_3D,2.14,0.2,-0.2,1.7,LAND,True,OK
18:56:35.211,14.41,9400.0,19,FIX_3D,2.03,0.2,-0.2,1.7,LAND,True,OK
18:56:35.311,14.41,9400.0,19,FIX_3D,1.93,0.5,-0.4,1.3,LAND,True,OK
18:56:35.412,14.41,9400.0,19,FIX_3D,1.93,0.5,-0.4,1.3,LAND,True,OK
18:56:35.513,14.41,9400.0,19,FIX_3D,1.83,0.5,-0.4,1.3,LAND,True,OK
18:56:35.613,14.41,9400.0,19,FIX_3D,1.83,0.5,-0.4,1.3,LAND,True,OK
18:56:35.714,14.45,9400.0,19,FIX_3D,1.73,0.6,-0.4,1.0,LAND,True,OK
18:56:35.814,14.45,9400.0,19,FIX_3D,1.65,0.5,-0.6,1.0,LAND,True,OK
18:56:35.915,14.45,9400.0,19,FIX_3D,1.65,0.5,-0.6,1.0,LAND,True,OK
18:56:36.015,14.45,9400.0,19,FIX_3D,1.65,0.5,-0.6,1.0,LAND,True,OK
18:56:36.115,14.45,9400.0,19,FIX_3D,1.65,0.5,-0.6,1.0,LAND,True,OK
18:56:36.216,14.45,9400.0,19,FIX_3D,1.57,0.5,-0.7,0.8,LAND,True,OK
18:56:36.317,14.45,9400.0,19,FIX_3D,1.47,0.5,-0.5,0.5,LAND,True,OK
18:56:36.418,14.45,9400.0,19,FIX_3D,1.35,0.5,-0.5,0.5,LAND,True,OK
18:56:36.518,14.45,9400.0,19,FIX_3D,1.35,0.5,-0.5,0.5,LAND,True,OK
18:56:36.619,14.45,9400.0,19,FIX_3D,1.35,0.5,-0.5,0.5,LAND,True,OK
18:56:36.720,14.43,9400.0,19,FIX_3D,1.24,0.3,-0.8,-0.0,LAND,True,OK
18:56:36.820,14.43,9400.0,19,FIX_3D,1.12,0.3,-0.8,-0.0,LAND,True,OK
18:56:36.920,14.43,9400.0,19,FIX_3D,1.12,0.3,-0.8,-0.0,LAND,True,OK
18:56:37.021,14.43,9400.0,19,FIX_3D,1.12,0.3,-0.8,-0.0,LAND,True,OK
18:56:37.122,14.43,9400.0,19,FIX_3D,1.0,0.8,-1.0,-0.5,LAND,True,OK
18:56:37.222,14.43,9400.0,19,FIX_3D,0.9,0.6,-0.6,-1.3,LAND,True,OK
18:56:37.323,14.43,9400.0,19,FIX_3D,0.9,0.6,-0.6,-1.3,LAND,True,OK
18:56:37.423,14.43,9400.0,19,FIX_3D,0.82,0.6,-0.6,-1.3,LAND,True,OK
18:56:37.523,14.43,9400.0,19,FIX_3D,0.82,0.6,-0.6,-1.3,LAND,True,OK
18:56:37.624,14.43,9400.0,19,FIX_3D,0.82,0.6,-0.6,-1.3,LAND,True,OK
18:56:37.723,14.43,9300.0,19,FIX_3D,0.75,0.2,-0.3,-1.5,LAND,True,OK
18:56:37.823,14.43,9300.0,19,FIX_3D,0.67,0.2,-0.4,-0.9,LAND,True,OK
18:56:37.924,14.43,9300.0,19,FIX_3D,0.67,0.2,-0.4,-0.9,LAND,True,OK
18:56:38.024,14.43,9300.0,19,FIX_3D,0.67,0.2,-0.4,-0.9,LAND,True,OK
18:56:38.125,14.43,9300.0,19,FIX_3D,0.67,0.2,-0.4,-0.9,LAND,True,OK
18:56:38.226,14.43,9300.0,19,FIX_3D,0.5,0.1,-0.6,-0.4,LAND,True,OK
18:56:38.326,14.43,9300.0,19,FIX_3D,0.5,0.1,-0.6,-0.4,LAND,True,OK
18:56:38.427,14.43,9300.0,19,FIX_3D,0.5,0.1,-0.6,-0.4,LAND,True,OK
18:56:38.526,14.43,9300.0,19,FIX_3D,0.41,0.1,-0.6,-0.4,LAND,True,OK
18:56:38.627,14.43,9300.0,19,FIX_3D,0.31,0.0,-0.5,-0.3,LAND,True,OK
18:56:38.728,14.43,9300.0,19,FIX_3D,0.31,0.4,-0.5,0.1,LAND,True,OK
18:56:38.829,14.43,9300.0,19,FIX_3D,0.22,0.4,-0.5,0.1,LAND,True,OK
18:56:38.930,14.43,9300.0,19,FIX_3D,0.22,0.4,-0.5,0.1,LAND,True,OK
18:56:39.030,14.43,9300.0,19,FIX_3D,0.22,0.4,-0.5,0.1,LAND,True,OK
18:56:39.130,14.43,9300.0,19,FIX_3D,0.22,0.4,-0.5,0.1,LAND,True,OK
18:56:39.231,14.43,9300.0,19,FIX_3D,-0.05,1.4,6.1,1.1,LAND,False,OK
18:56:39.332,14.43,9300.0,19,FIX_3D,-0.05,1.4,6.1,1.1,LAND,False,OK
18:56:39.433,14.43,9300.0,19,FIX_3D,-0.21,1.4,6.1,1.1,LAND,False,OK
18:56:39.534,14.43,9300.0,19,FIX_3D,-0.21,1.4,6.1,1.1,LAND,False,OK
18:56:39.635,15.18,9300.0,19,FIX_3D,-0.27,-11.8,-23.6,8.0,LAND,False,OK
18:56:39.736,15.18,9300.0,19,FIX_3D,-0.27,-4.7,-34.6,16.2,LAND,False,OK
18:56:39.837,15.18,9300.0,19,FIX_3D,-0.33,-4.7,-34.6,16.2,LAND,False,OK
18:56:39.937,15.18,9300.0,19,FIX_3D,-0.33,-4.7,-34.6,16.2,LAND,False,OK
18:56:40.038,15.18,9300.0,19,FIX_3D,-0.33,-4.7,-34.6,16.2,LAND,False,OK
18:56:40.139,15.18,9300.0,19,FIX_3D,-0.35,2.5,-34.7,19.2,LAND,False,OK
18:56:40.239,15.18,9300.0,19,FIX_3D,-0.36,0.7,-26.3,21.8,LAND,False,OK
18:56:40.340,15.18,9300.0,19,FIX_3D,-0.36,0.7,-26.3,21.8,LAND,False,OK
18:56:40.441,15.18,9300.0,19,FIX_3D,-0.39,0.7,-26.3,21.8,LAND,False,OK
18:56:40.541,15.18,9300.0,19,FIX_3D,-0.39,0.7,-26.3,21.8,LAND,False,OK
18:56:40.642,15.18,9300.0,19,FIX_3D,-0.39,0.7,-26.3,21.8,LAND,False,OK
18:56:40.742,15.18,9300.0,19,FIX_3D,-0.39,0.7,7.8,22.0,LAND,False,OK
18:56:40.844,15.22,9300.0,19,FIX_3D,-0.42,0.9,5.3,20.3,LAND,False,OK
18:56:40.945,15.22,9300.0,19,FIX_3D,-0.42,0.9,5.3,20.3,LAND,False,OK
18:56:41.045,15.22,9300.0,19,FIX_3D,-0.42,0.9,5.3,20.3,LAND,False,OK
18:56:41.146,15.22,9300.0,19,FIX_3D,-0.42,0.9,5.3,20.3,LAND,False,OK
18:56:41.245,15.22,9300.0,19,FIX_3D,-0.42,-0.9,-1.1,20.2,LAND,False,OK
18:56:41.345,15.22,9300.0,19,FIX_3D,-0.42,-0.9,-1.1,20.2,LAND,False,OK
18:56:41.445,15.22,9300.0,19,FIX_3D,-0.42,-0.9,-1.1,20.2,LAND,False,OK
18:56:41.546,15.22,9300.0,19,FIX_3D,-0.43,-0.9,-1.1,20.2,LAND,False,OK
18:56:41.646,15.22,9300.0,19,FIX_3D,-0.43,-0.9,-1.1,20.2,LAND,False,OK
18:56:41.745,15.26,9300.0,19,FIX_3D,-0.44,-0.3,0.7,20.5,LAND,False,OK
18:56:41.846,15.26,9300.0,19,FIX_3D,-0.44,-0.3,0.7,20.5,LAND,False,OK
18:56:41.946,15.26,9300.0,19,FIX_3D,-0.44,-0.3,0.7,20.5,LAND,False,OK
18:56:42.046,15.26,9300.0,19,FIX_3D,-0.44,-0.3,0.7,20.5,LAND,False,OK
18:56:42.147,15.26,9300.0,19,FIX_3D,-0.44,-0.3,0.7,20.5,LAND,False,OK
18:56:42.246,15.26,9300.0,19,FIX_3D,-0.45,-0.3,0.7,20.5,LAND,False,OK
18:56:42.346,15.26,9300.0,19,FIX_3D,-0.45,-0.3,0.7,20.5,LAND,False,OK
18:56:42.447,15.26,9300.0,19,FIX_3D,-0.45,-0.3,0.7,20.5,LAND,False,OK
18:56:42.547,15.26,9300.0,19,FIX_3D,-0.45,-0.3,0.7,20.5,LAND,False,OK
18:56:42.648,15.27,9300.0,19,FIX_3D,-0.45,-0.3,0.7,20.5,LAND,False,OK
18:56:42.748,15.27,9300.0,19,FIX_3D,-0.45,-0.3,0.7,20.4,LAND,False,OK
18:56:42.849,15.27,9300.0,19,FIX_3D,-0.45,-0.3,0.7,20.4,LAND,False,OK
18:56:42.949,15.27,9300.0,19,FIX_3D,-0.45,-0.3,0.7,20.4,LAND,False,OK
18:56:43.049,15.27,9300.0,19,FIX_3D,-0.45,-0.3,0.7,20.4,LAND,False,OK
18:56:43.149,15.27,9300.0,19,FIX_3D,-0.45,-0.3,0.7,20.4,LAND,False,OK
18:56:43.250,15.27,9300.0,19,FIX_3D,-0.44,-0.2,0.7,20.4,LAND,False,OK
18:56:43.350,15.27,9300.0,19,FIX_3D,-0.44,-0.2,0.7,20.4,LAND,False,OK
18:56:43.451,15.27,9300.0,19,FIX_3D,-0.44,-0.2,0.7,20.4,LAND,False,OK
18:56:43.551,15.27,9300.0,19,FIX_3D,-0.44,-0.2,0.7,20.4,LAND,False,OK
18:56:43.652,15.27,9300.0,19,FIX_3D,-0.44,-0.2,0.7,20.4,LAND,False,OK
18:56:43.753,15.27,9300.0,19,FIX_3D,-0.44,-0.2,0.7,20.4,LAND,False,OK
18:56:43.854,15.28,9300.0,19,FIX_3D,-0.43,-0.2,0.7,20.4,LAND,False,OK
18:56:43.954,15.28,9300.0,19,FIX_3D,-0.43,-0.2,0.7,20.4,LAND,False,OK
18:56:44.055,15.28,9300.0,19,FIX_3D,-0.43,-0.2,0.7,20.4,LAND,False,OK
18:56:44.155,15.28,9300.0,19,FIX_3D,-0.43,-0.2,0.7,20.4,LAND,False,OK
18:56:44.256,15.28,9300.0,19,FIX_3D,-0.42,-0.2,0.7,20.4,LAND,False,OK
18:56:44.356,15.28,9300.0,19,FIX_3D,-0.42,-0.2,0.7,20.4,LAND,False,OK
18:56:44.457,15.28,9300.0,19,FIX_3D,-0.41,-0.2,0.7,20.4,LAND,False,OK
18:56:44.557,15.28,9300.0,19,FIX_3D,-0.41,-0.2,0.7,20.4,LAND,False,OK
18:56:44.657,15.3,9300.0,19,FIX_3D,-0.4,-0.1,0.8,20.4,LAND,False,OK
18:56:44.758,15.3,9300.0,19,FIX_3D,-0.4,-0.0,1.0,20.4,LAND,False,OK
18:56:44.859,15.3,9300.0,19,FIX_3D,-0.39,-0.0,1.0,20.4,LAND,False,OK
18:56:44.959,15.3,9300.0,19,FIX_3D,-0.39,-0.0,1.0,20.4,LAND,False,OK
18:56:45.060,15.3,9300.0,19,FIX_3D,-0.39,-0.0,1.0,20.4,LAND,False,OK
18:56:45.161,15.3,9300.0,19,FIX_3D,-0.39,-0.0,1.0,20.4,LAND,False,OK
18:56:45.261,15.3,9300.0,19,FIX_3D,-0.36,-0.0,1.3,20.4,LAND,False,OK
18:56:45.362,15.3,9300.0,19,FIX_3D,-0.35,0.3,2.5,20.3,LAND,False,OK
18:56:45.462,15.3,9300.0,19,FIX_3D,-0.35,0.3,2.5,20.3,LAND,False,OK
18:56:45.563,15.3,9300.0,19,FIX_3D,-0.35,0.3,2.5,20.3,LAND,False,OK
18:56:45.663,15.3,9300.0,18,FIX_3D,-0.31,-0.1,2.8,20.3,LAND,False,OK
18:56:45.764,15.3,9300.0,18,FIX_3D,-0.31,-2.6,8.7,20.9,LAND,False,OK
18:56:45.865,15.3,9300.0,18,FIX_3D,-0.22,-2.6,8.7,20.9,LAND,False,OK
18:56:45.965,15.3,9300.0,18,FIX_3D,-0.22,-2.6,8.7,20.9,LAND,False,OK
18:56:46.066,15.3,9300.0,18,FIX_3D,-0.22,-2.6,8.7,20.9,LAND,False,OK
18:56:46.166,15.3,9300.0,18,FIX_3D,-0.22,0.5,13.8,25.5,LAND,False,OK
18:56:46.266,15.3,9300.0,18,FIX_3D,0.09,1.1,11.4,31.1,LAND,False,OK
18:56:46.368,15.3,9300.0,18,FIX_3D,0.09,1.1,11.4,31.1,LAND,False,OK
18:56:46.467,15.3,9300.0,18,FIX_3D,0.2,1.1,11.4,31.1,LAND,False,OK
18:56:46.568,15.3,9300.0,18,FIX_3D,0.2,1.1,11.4,31.1,LAND,False,OK
18:56:46.668,15.3,9300.0,18,FIX_3D,0.2,1.1,11.4,31.1,LAND,False,OK
18:56:46.767,15.3,9300.0,19,FIX_3D,0.2,-3.3,1.1,39.5,LAND,False,OK
18:56:46.867,15.31,9300.0,19,FIX_3D,0.22,-8.3,1.8,53.1,LAND,False,OK
18:56:46.968,15.31,9300.0,19,FIX_3D,0.22,-8.3,1.8,53.1,LAND,False,OK
18:56:47.068,15.31,9300.0,19,FIX_3D,0.22,-8.3,1.8,53.1,LAND,False,OK
18:56:47.168,15.31,9300.0,19,FIX_3D,0.22,-8.3,1.8,53.1,LAND,False,OK
18:56:47.269,15.31,9300.0,18,FIX_3D,0.22,-8.3,1.8,53.1,LAND,False,OK
18:56:47.369,15.31,9300.0,18,FIX_3D,0.18,-9.0,8.9,70.1,LAND,False,OK
18:56:47.469,15.31,9300.0,18,FIX_3D,0.18,-9.0,8.9,70.1,LAND,False,OK
18:56:47.570,15.31,9300.0,18,FIX_3D,0.19,-9.0,8.9,70.1,LAND,False,OK
18:56:47.672,15.32,9300.0,18,FIX_3D,0.18,-9.6,10.6,79.4,LAND,False,OK
18:56:47.773,15.32,9300.0,18,FIX_3D,0.18,-9.6,10.6,79.4,LAND,False,OK
18:56:47.874,15.32,9300.0,18,FIX_3D,0.15,-10.0,10.1,86.7,LAND,False,OK
18:56:47.974,15.32,9300.0,18,FIX_3D,0.15,-10.0,10.1,86.7,LAND,False,OK
18:56:48.075,15.32,9300.0,18,FIX_3D,0.15,-10.0,10.1,86.7,LAND,False,OK
18:56:48.176,15.32,9300.0,17,FIX_3D,0.09,-10.6,7.2,90.6,LAND,False,OK
18:56:48.276,15.32,9300.0,17,FIX_3D,0.04,-7.7,6.5,95.2,LAND,False,OK
18:56:48.377,15.32,9300.0,17,FIX_3D,-0.02,-7.7,6.5,95.2,LAND,False,OK
18:56:48.477,15.32,9300.0,17,FIX_3D,-0.02,-7.7,6.5,95.2,LAND,False,OK
18:56:48.578,15.32,9300.0,17,FIX_3D,-0.02,-7.7,6.5,95.2,LAND,False,OK
18:56:48.679,15.33,9300.0,17,FIX_3D,-0.11,-7.5,5.8,104.3,LAND,False,OK
18:56:48.781,15.33,9300.0,17,FIX_3D,-0.11,-3.1,0.0,100.7,LAND,False,OK
18:56:48.882,15.33,9300.0,17,FIX_3D,-0.17,-3.1,0.0,100.7,LAND,False,OK
18:56:48.982,15.33,9300.0,17,FIX_3D,-0.17,-3.1,0.0,100.7,LAND,False,OK
18:56:49.083,15.33,9300.0,17,FIX_3D,-0.17,-3.1,0.0,100.7,LAND,False,OK
18:56:49.184,15.33,9300.0,19,FIX_3D,-0.17,1.4,2.3,101.3,LAND,False,OK
18:56:49.284,15.33,9300.0,19,FIX_3D,-0.21,2.7,0.1,104.7,LAND,False,OK
18:56:49.385,15.33,9300.0,19,FIX_3D,-0.21,2.7,0.1,104.7,LAND,False,OK
18:56:49.485,15.33,9300.0,19,FIX_3D,-0.21,2.7,0.1,104.7,LAND,False,OK
18:56:49.585,15.33,9300.0,19,FIX_3D,-0.21,2.7,0.1,104.7,LAND,False,OK
18:56:49.686,15.33,9300.0,19,FIX_3D,-0.21,2.7,0.1,104.7,LAND,False,OK
18:56:49.787,15.33,9300.0,19,FIX_3D,-0.21,2.7,0.1,104.7,LAND,False,OK
18:56:49.887,15.34,9300.0,19,FIX_3D,-0.18,-0.8,0.2,103.4,LAND,False,OK
18:56:49.988,15.34,9300.0,19,FIX_3D,-0.18,-0.8,0.2,103.4,LAND,False,OK
18:56:50.088,15.34,9300.0,18,FIX_3D,-0.18,-0.8,0.2,103.4,LAND,False,OK
18:56:50.189,15.34,9300.0,18,FIX_3D,-0.16,-0.4,-0.2,101.3,LAND,False,OK
18:56:50.288,15.34,9300.0,18,FIX_3D,-0.15,-0.5,-0.8,100.6,LAND,False,OK
18:56:50.388,15.34,9300.0,18,FIX_3D,-0.15,-0.5,-0.8,100.6,LAND,False,OK
18:56:50.489,15.34,9300.0,18,FIX_3D,-0.15,-0.5,-0.8,100.6,LAND,False,OK
18:56:50.589,15.34,9300.0,18,FIX_3D,-0.15,-0.5,-0.8,100.6,LAND,False,OK
18:56:50.690,15.34,9300.0,18,FIX_3D,-0.14,-0.5,0.2,100.7,LAND,False,OK
18:56:50.790,15.34,9300.0,18,FIX_3D,-0.14,-0.5,0.2,100.7,LAND,False,OK
18:56:50.890,15.34,9300.0,18,FIX_3D,-0.13,-0.5,0.3,100.8,LAND,False,OK
18:56:50.990,15.34,9300.0,18,FIX_3D,-0.13,-0.5,0.3,100.8,LAND,False,OK
18:56:51.091,15.34,9300.0,18,FIX_3D,-0.13,-0.5,0.3,100.8,LAND,False,OK
18:56:51.191,15.34,9300.0,18,FIX_3D,-0.13,-0.5,0.3,100.7,LAND,False,OK
18:56:51.292,15.34,9300.0,18,FIX_3D,-0.13,-0.4,0.3,100.7,LAND,False,OK
18:56:51.393,15.34,9300.0,18,FIX_3D,-0.13,-0.4,0.3,100.7,LAND,False,OK
18:56:51.493,15.34,9300.0,18,FIX_3D,-0.13,-0.4,0.3,100.7,LAND,False,OK
18:56:51.594,15.34,9300.0,18,FIX_3D,-0.13,-0.4,0.3,100.7,LAND,False,OK
18:56:51.695,15.35,9300.0,18,FIX_3D,-0.13,-0.4,0.4,100.7,LAND,False,OK
18:56:51.795,15.35,9300.0,18,FIX_3D,-0.13,-0.4,0.4,100.6,LAND,False,OK
18:56:51.895,15.35,9300.0,18,FIX_3D,-0.11,-0.4,0.4,100.6,LAND,False,OK
18:56:51.995,15.35,9300.0,18,FIX_3D,-0.11,-0.4,0.4,100.6,LAND,False,OK
18:56:52.096,15.35,9300.0,19,FIX_3D,-0.11,-0.4,0.4,100.6,LAND,False,OK
18:56:52.197,15.35,9300.0,19,FIX_3D,-0.09,-0.4,0.4,100.6,LAND,False,OK
18:56:52.298,15.35,9300.0,19,FIX_3D,-0.07,-0.4,0.4,100.6,LAND,False,OK
18:56:52.398,15.35,9300.0,19,FIX_3D,-0.07,-0.4,0.4,100.6,LAND,False,OK
18:56:52.498,15.35,9300.0,19,FIX_3D,-0.06,-0.4,0.4,100.6,LAND,False,OK
18:56:52.599,15.35,9300.0,19,FIX_3D,-0.06,-0.4,0.4,100.6,LAND,False,OK
18:56:52.699,15.35,9300.0,19,FIX_3D,-0.05,-0.4,0.4,100.6,LAND,False,OK
18:56:52.798,15.35,9300.0,19,FIX_3D,-0.04,-0.3,0.4,100.6,LAND,False,OK
18:56:52.898,15.35,9300.0,19,FIX_3D,-0.04,-0.3,0.4,100.6,LAND,False,OK
18:56:52.999,15.35,9300.0,19,FIX_3D,-0.04,-0.3,0.4,100.6,LAND,False,OK
18:56:53.099,15.35,9300.0,19,FIX_3D,-0.04,-0.3,0.4,100.6,LAND,False,OK
18:56:53.200,15.35,9300.0,19,FIX_3D,-0.04,-0.3,0.4,100.5,LAND,False,OK
18:56:53.301,15.35,9300.0,19,FIX_3D,-0.04,-0.3,0.4,100.5,LAND,False,OK
18:56:53.401,15.35,9300.0,19,FIX_3D,-0.04,-0.3,0.4,100.5,LAND,False,OK
18:56:53.501,15.35,9300.0,19,FIX_3D,-0.04,-0.3,0.4,100.5,LAND,False,OK
18:56:53.602,15.35,9300.0,19,FIX_3D,-0.05,-0.3,0.4,100.5,LAND,False,OK
18:56:53.703,15.36,9300.0,19,FIX_3D,-0.05,-0.3,0.4,100.5,LAND,False,OK
18:56:53.803,15.36,9300.0,19,FIX_3D,-0.05,-0.3,0.4,100.5,LAND,False,OK
18:56:53.904,15.36,9300.0,19,FIX_3D,-0.05,-0.3,0.4,100.5,LAND,False,OK
18:56:54.005,15.36,9300.0,19,FIX_3D,-0.05,-0.3,0.4,100.5,LAND,False,OK
18:56:54.105,15.36,9300.0,19,FIX_3D,-0.05,-0.3,0.4,100.5,LAND,False,OK
18:56:54.206,15.36,9300.0,19,FIX_3D,-0.05,-0.3,0.4,100.5,HOLD,False,OK
18:56:54.307,15.36,9300.0,19,FIX_3D,-0.05,-0.2,0.5,100.5,HOLD,False,OK
18:56:54.409,15.36,9300.0,19,FIX_3D,-0.05,-0.2,0.5,100.5,HOLD,False,OK
18:56:54.510,15.36,9300.0,19,FIX_3D,0.0,-0.2,0.5,100.5,HOLD,False,OK
18:56:54.611,15.36,9300.0,19,FIX_3D,0.0,-0.2,0.5,100.5,HOLD,False,OK
18:56:54.712,15.3,9300.0,19,FIX_3D,0.01,-0.2,0.5,100.5,HOLD,False,OK
18:56:54.813,15.3,9300.0,19,FIX_3D,0.01,-0.2,0.5,100.5,HOLD,False,OK
18:56:54.914,15.3,9300.0,19,FIX_3D,0.01,-0.2,0.5,100.5,HOLD,False,OK
18:56:55.014,15.3,9300.0,19,FIX_3D,0.01,-0.2,0.5,100.5,HOLD,False,OK
18:56:55.115,15.3,9300.0,19,FIX_3D,0.01,-0.2,0.5,100.5,HOLD,False,OK
18:56:55.216,15.3,9300.0,19,FIX_3D,0.02,-0.2,0.5,100.4,HOLD,True,OK
18:56:55.317,15.3,9300.0,19,FIX_3D,0.03,-0.2,0.5,100.4,HOLD,True,OK
18:56:55.418,15.3,9300.0,19,FIX_3D,0.03,-0.2,0.5,100.4,HOLD,True,OK
18:56:55.519,15.3,9300.0,19,FIX_3D,0.03,-0.2,0.5,100.4,HOLD,True,OK
18:56:55.620,15.3,9300.0,19,FIX_3D,0.03,-0.2,0.5,100.4,HOLD,True,OK
18:56:55.721,15.3,9300.0,19,FIX_3D,0.04,-0.2,0.5,100.4,HOLD,True,OK
18:56:55.820,15.3,9300.0,19,FIX_3D,0.05,-0.2,0.5,100.4,HOLD,True,OK
18:56:55.921,15.3,9300.0,19,FIX_3D,0.05,-0.2,0.5,100.4,HOLD,True,OK
18:56:56.021,15.3,9300.0,19,FIX_3D,0.05,-0.2,0.5,100.4,HOLD,True,OK
18:56:56.121,15.3,9300.0,19,FIX_3D,0.05,-0.2,0.5,100.4,HOLD,True,OK
18:56:56.221,15.3,9300.0,19,FIX_3D,0.05,-0.2,0.5,100.4,HOLD,True,OK
18:56:56.322,15.3,9300.0,19,FIX_3D,0.05,-0.2,0.5,100.4,HOLD,True,OK
18:56:56.422,15.3,9300.0,19,FIX_3D,0.05,-0.2,0.5,100.4,HOLD,True,OK
18:56:56.523,15.3,9300.0,19,FIX_3D,0.05,-0.2,0.5,100.4,HOLD,True,OK
18:56:56.624,15.3,9300.0,19,FIX_3D,0.05,-0.2,0.5,100.4,HOLD,True,OK
18:56:56.725,15.31,9300.0,19,FIX_3D,0.06,-0.2,0.5,100.4,HOLD,True,OK
18:56:56.826,15.31,9300.0,19,FIX_3D,0.06,-0.2,0.5,100.4,HOLD,True,OK
18:56:56.927,15.31,9300.0,19,FIX_3D,0.06,-0.2,0.5,100.4,HOLD,True,OK
18:56:57.028,15.31,9300.0,19,FIX_3D,0.06,-0.2,0.5,100.4,HOLD,True,OK
18:56:57.128,15.31,9300.0,19,FIX_3D,0.06,-0.2,0.5,100.4,HOLD,True,OK
18:56:57.229,15.31,9300.0,19,FIX_3D,0.06,-0.1,0.5,100.4,HOLD,True,OK
18:56:57.330,15.31,9300.0,19,FIX_3D,0.06,-0.1,0.5,100.4,HOLD,True,OK
18:56:57.431,15.31,9300.0,19,FIX_3D,0.07,-0.1,0.5,100.4,HOLD,True,OK
18:56:57.532,15.31,9300.0,19,FIX_3D,0.07,-0.1,0.5,100.4,HOLD,True,OK
18:56:57.632,15.31,9300.0,19,FIX_3D,0.07,-0.1,0.5,100.4,HOLD,True,OK
18:56:57.732,15.3,9300.0,19,FIX_3D,0.07,-0.1,0.5,100.4,HOLD,True,OK
18:56:57.833,15.3,9300.0,19,FIX_3D,0.07,-0.1,0.5,100.3,HOLD,True,OK
18:56:57.934,15.3,9300.0,19,FIX_3D,0.09,-0.1,0.5,100.3,HOLD,True,OK
18:56:58.034,15.3,9300.0,19,FIX_3D,0.09,-0.1,0.5,100.3,HOLD,True,OK
18:56:58.135,15.3,9300.0,19,FIX_3D,0.09,-0.1,0.5,100.3,HOLD,True,OK
18:56:58.235,15.3,9300.0,19,FIX_3D,0.1,-0.1,0.5,100.3,HOLD,True,OK
18:56:58.335,15.3,9300.0,19,FIX_3D,0.1,-0.1,0.5,100.3,HOLD,True,OK
18:56:58.435,15.3,9300.0,19,FIX_3D,0.1,-0.1,0.5,100.3,HOLD,True,OK
18:56:58.535,15.3,9300.0,19,FIX_3D,0.1,-0.1,0.5,100.3,HOLD,True,OK
18:56:58.636,15.3,9300.0,19,FIX_3D,0.1,-0.1,0.5,100.3,HOLD,True,OK
18:56:58.736,15.3,9300.0,19,FIX_3D,0.09,-0.1,0.5,100.3,HOLD,True,OK
18:56:58.835,15.3,9300.0,19,FIX_3D,0.09,-0.1,0.5,100.3,HOLD,True,OK
18:56:58.935,15.3,9300.0,19,FIX_3D,0.09,-0.1,0.5,100.3,HOLD,True,OK
18:56:59.036,15.3,9300.0,19,FIX_3D,0.09,-0.1,0.5,100.3,HOLD,True,OK
18:56:59.136,15.3,9300.0,19,FIX_3D,0.09,-0.1,0.5,100.3,HOLD,True,OK
18:56:59.237,15.3,9300.0,19,FIX_3D,0.1,-0.1,0.5,100.3,HOLD,True,OK
18:56:59.337,15.3,9300.0,19,FIX_3D,0.1,-0.2,0.5,100.3,HOLD,True,OK
18:56:59.437,15.3,9300.0,19,FIX_3D,0.1,-0.2,0.5,100.3,HOLD,True,OK
18:56:59.538,15.3,9300.0,19,FIX_3D,0.1,-0.2,0.5,100.3,HOLD,True,OK
18:56:59.638,15.3,9300.0,19,FIX_3D,0.1,-0.2,0.5,100.3,HOLD,True,OK
18:56:59.739,15.32,9300.0,19,FIX_3D,0.09,-0.2,0.5,100.3,OFFBOARD,True,OK
18:56:59.840,15.32,9300.0,19,FIX_3D,0.08,-0.2,0.5,100.2,OFFBOARD,True,OK
18:56:59.941,15.32,9300.0,19,FIX_3D,0.08,-0.2,0.5,100.2,OFFBOARD,True,OK
18:57:00.043,15.32,9300.0,19,FIX_3D,0.08,-0.2,0.5,100.2,OFFBOARD,True,OK
18:57:00.143,15.32,9300.0,19,FIX_3D,0.08,-0.2,0.5,100.2,OFFBOARD,True,OK
18:57:00.244,15.32,9300.0,19,FIX_3D,0.07,-0.2,0.5,100.2,OFFBOARD,True,OK
18:57:00.344,15.32,9300.0,19,FIX_3D,0.06,-0.2,0.5,100.2,OFFBOARD,True,OK
18:57:00.445,15.32,9300.0,19,FIX_3D,0.06,-0.2,0.5,100.2,OFFBOARD,True,OK
18:57:00.546,15.32,9300.0,19,FIX_3D,0.06,-0.2,0.5,100.2,OFFBOARD,True,OK
18:57:00.648,15.32,9300.0,19,FIX_3D,0.06,-0.2,0.5,100.2,OFFBOARD,True,OK
18:57:00.749,14.77,9300.0,19,FIX_3D,0.06,-0.2,0.5,100.2,OFFBOARD,True,OK
18:57:00.850,14.77,9300.0,19,FIX_3D,0.06,-0.7,0.2,100.6,OFFBOARD,True,OK
18:57:00.951,14.77,9300.0,19,FIX_3D,0.08,-0.7,0.2,100.6,OFFBOARD,True,OK
18:57:01.052,14.77,9300.0,19,FIX_3D,0.08,-0.7,0.2,100.6,OFFBOARD,True,OK
18:57:01.152,14.77,9300.0,19,FIX_3D,0.08,-0.7,0.2,100.6,OFFBOARD,True,OK
18:57:01.253,14.77,9300.0,19,FIX_3D,0.08,-0.7,0.2,100.6,OFFBOARD,True,OK
18:57:01.354,14.77,9300.0,19,FIX_3D,0.25,0.1,-1.0,102.7,OFFBOARD,True,OK
18:57:01.455,14.77,9300.0,19,FIX_3D,0.4,0.1,-1.0,102.7,OFFBOARD,True,OK
18:57:01.555,14.77,9300.0,19,FIX_3D,0.4,0.1,-1.0,102.7,OFFBOARD,True,OK
18:57:01.656,14.77,9300.0,19,FIX_3D,0.4,0.1,-1.0,102.7,OFFBOARD,True,OK
18:57:01.757,14.47,9300.0,19,FIX_3D,0.58,0.1,0.0,102.7,OFFBOARD,True,OK
18:57:01.858,14.47,9300.0,19,FIX_3D,0.79,0.3,0.2,102.1,OFFBOARD,True,OK
18:57:01.959,14.47,9300.0,19,FIX_3D,0.79,0.3,0.2,102.1,OFFBOARD,True,OK
18:57:02.059,14.47,9300.0,19,FIX_3D,0.79,0.3,0.2,102.1,OFFBOARD,True,OK
18:57:02.160,14.47,9300.0,19,FIX_3D,0.79,0.3,0.2,102.1,OFFBOARD,True,OK
18:57:02.260,14.47,9300.0,19,FIX_3D,0.79,0.3,-0.6,101.7,OFFBOARD,True,OK
18:57:02.361,14.47,9300.0,19,FIX_3D,1.2,-0.2,-1.1,101.6,OFFBOARD,True,OK
18:57:02.461,14.47,9300.0,19,FIX_3D,1.2,-0.2,-1.1,101.6,OFFBOARD,True,OK
18:57:02.562,14.47,9300.0,19,FIX_3D,1.2,-0.2,-1.1,101.6,OFFBOARD,True,OK
18:57:02.663,14.47,9300.0,19,FIX_3D,1.39,-0.2,-1.1,101.6,OFFBOARD,True,OK
18:57:02.764,14.59,9300.0,19,FIX_3D,1.56,-0.1,-1.3,101.5,OFFBOARD,True,OK
18:57:02.867,14.59,9300.0,19,FIX_3D,1.69,-0.1,-1.3,101.5,OFFBOARD,True,OK
18:57:02.967,14.59,9300.0,19,FIX_3D,1.69,-0.1,-1.3,101.5,OFFBOARD,True,OK
18:57:03.068,14.59,9300.0,19,FIX_3D,1.69,-0.1,-1.3,101.5,OFFBOARD,True,OK
18:57:03.168,14.59,9300.0,19,FIX_3D,1.69,-0.1,-1.3,101.5,OFFBOARD,True,OK
18:57:03.269,14.59,9300.0,19,FIX_3D,1.79,-0.1,-1.3,101.5,OFFBOARD,True,OK
18:57:03.370,14.59,9300.0,19,FIX_3D,1.86,-0.1,-1.7,101.7,OFFBOARD,True,OK
18:57:03.470,14.59,9300.0,19,FIX_3D,1.9,-0.1,-1.7,101.7,OFFBOARD,True,OK
18:57:03.571,14.59,9300.0,19,FIX_3D,1.9,-0.1,-1.7,101.7,OFFBOARD,True,OK
18:57:03.672,14.59,9300.0,19,FIX_3D,1.9,-0.1,-1.7,101.7,OFFBOARD,True,OK
18:57:03.773,14.58,9300.0,19,FIX_3D,1.93,-0.0,-1.6,101.8,OFFBOARD,True,OK
18:57:03.873,14.58,9300.0,19,FIX_3D,1.93,0.1,-1.4,101.7,OFFBOARD,True,OK
18:57:03.974,14.58,9300.0,19,FIX_3D,1.94,0.1,-1.4,101.7,OFFBOARD,True,OK
18:57:04.073,14.58,9300.0,19,FIX_3D,1.94,0.1,-1.4,101.7,RETURN_TO_LAUNCH,True,OK
18:57:04.174,14.58,9300.0,19,FIX_3D,1.94,0.0,-1.3,101.6,RETURN_TO_LAUNCH,True,OK
18:57:04.273,14.58,9300.0,19,FIX_3D,1.93,-0.2,-1.3,101.7,RETURN_TO_LAUNCH,True,OK
18:57:04.373,14.58,9300.0,19,FIX_3D,1.93,-0.2,-1.3,101.7,RETURN_TO_LAUNCH,True,OK
18:57:04.474,14.58,9300.0,19,FIX_3D,1.92,-0.2,-1.3,101.7,RETURN_TO_LAUNCH,True,OK
18:57:04.574,14.58,9300.0,19,FIX_3D,1.92,-0.2,-1.3,101.7,RETURN_TO_LAUNCH,True,OK
18:57:04.674,14.58,9300.0,19,FIX_3D,1.92,-0.2,-1.3,101.7,RETURN_TO_LAUNCH,True,OK
18:57:04.775,14.58,9300.0,19,FIX_3D,1.92,-0.2,-1.3,101.7,RETURN_TO_LAUNCH,True,OK
18:57:04.875,14.48,9300.0,19,FIX_3D,1.91,-0.6,-1.1,101.5,RETURN_TO_LAUNCH,True,OK
18:57:04.976,14.48,9300.0,19,FIX_3D,1.91,-0.6,-1.1,101.5,RETURN_TO_LAUNCH,True,OK
18:57:05.076,14.48,9300.0,19,FIX_3D,1.91,-0.6,-1.1,101.5,RETURN_TO_LAUNCH,True,OK
18:57:05.176,14.48,9300.0,19,FIX_3D,1.91,-0.6,-1.1,101.5,RETURN_TO_LAUNCH,True,OK
18:57:05.277,14.48,9300.0,19,FIX_3D,1.91,-0.6,-1.1,101.5,RETURN_TO_LAUNCH,True,OK
18:57:05.377,14.48,9300.0,19,FIX_3D,1.89,-0.6,-1.6,101.7,RETURN_TO_LAUNCH,True,OK
18:57:05.478,14.48,9300.0,19,FIX_3D,1.89,-0.6,-1.6,101.7,RETURN_TO_LAUNCH,True,OK
18:57:05.579,14.48,9300.0,19,FIX_3D,1.89,-0.6,-1.6,101.7,RETURN_TO_LAUNCH,True,OK
18:57:05.679,14.48,9300.0,19,FIX_3D,1.89,-0.6,-1.6,101.7,RETURN_TO_LAUNCH,True,OK
18:57:05.780,14.48,9300.0,19,FIX_3D,1.9,-0.6,-1.6,101.7,RETURN_TO_LAUNCH,True,OK
18:57:05.881,14.48,9300.0,19,FIX_3D,1.91,-0.5,-1.4,101.8,RETURN_TO_LAUNCH,True,OK
18:57:05.982,14.48,9300.0,19,FIX_3D,1.91,-0.5,-1.4,101.8,RETURN_TO_LAUNCH,True,OK
18:57:06.082,14.48,9300.0,19,FIX_3D,1.91,-0.5,-1.4,101.8,RETURN_TO_LAUNCH,True,OK
18:57:06.182,14.48,9300.0,19,FIX_3D,1.91,-0.5,-1.4,101.8,RETURN_TO_LAUNCH,True,OK
18:57:06.283,14.48,9300.0,19,FIX_3D,1.91,-0.5,-1.4,101.8,RETURN_TO_LAUNCH,True,OK
18:57:06.383,14.48,9300.0,19,FIX_3D,1.91,-0.5,-1.4,101.8,RETURN_TO_LAUNCH,True,OK
18:57:06.484,14.48,9300.0,19,FIX_3D,1.91,-0.5,-1.4,101.8,RETURN_TO_LAUNCH,True,OK
18:57:06.585,14.48,9300.0,19,FIX_3D,1.91,-0.5,-1.4,101.8,RETURN_TO_LAUNCH,True,OK
18:57:06.686,14.48,9300.0,19,FIX_3D,1.91,-0.5,-1.4,101.8,RETURN_TO_LAUNCH,True,OK
18:57:06.785,14.47,9200.0,19,FIX_3D,1.9,1.3,-0.4,102.0,RETURN_TO_LAUNCH,True,OK
18:57:06.886,14.47,9200.0,19,FIX_3D,1.9,0.3,-0.7,101.8,RETURN_TO_LAUNCH,True,OK
18:57:06.986,14.47,9200.0,19,FIX_3D,1.9,0.3,-0.7,101.8,RETURN_TO_LAUNCH,True,OK
18:57:07.087,14.47,9200.0,19,FIX_3D,1.9,0.3,-0.7,101.8,RETURN_TO_LAUNCH,True,OK
18:57:07.186,14.47,9200.0,19,FIX_3D,1.89,-0.8,-1.0,101.6,RETURN_TO_LAUNCH,True,OK
18:57:07.288,14.47,9200.0,19,FIX_3D,1.88,-0.8,-1.0,101.6,RETURN_TO_LAUNCH,True,OK
18:57:07.389,14.47,9200.0,19,FIX_3D,1.88,-0.8,-1.0,101.6,RETURN_TO_LAUNCH,True,OK
18:57:07.489,14.47,9200.0,19,FIX_3D,1.88,-0.8,-1.0,101.6,RETURN_TO_LAUNCH,True,OK
18:57:07.590,14.47,9200.0,19,FIX_3D,1.88,-0.8,-1.0,101.6,RETURN_TO_LAUNCH,True,OK
18:57:07.690,14.47,9200.0,19,FIX_3D,1.88,-0.8,-1.0,101.6,RETURN_TO_LAUNCH,True,OK
18:57:07.792,14.47,9200.0,19,FIX_3D,1.88,-0.8,-1.0,101.6,RETURN_TO_LAUNCH,True,OK
18:57:07.893,14.44,9200.0,19,FIX_3D,1.89,-0.2,-1.1,101.6,RETURN_TO_LAUNCH,True,OK
18:57:07.993,14.44,9200.0,19,FIX_3D,1.89,-0.2,-1.1,101.6,RETURN_TO_LAUNCH,True,OK
18:57:08.094,14.44,9200.0,19,FIX_3D,1.89,-0.2,-1.1,101.6,RETURN_TO_LAUNCH,True,OK
18:57:08.194,14.44,9200.0,19,FIX_3D,1.89,-0.2,-1.1,101.6,RETURN_TO_LAUNCH,True,OK
18:57:08.295,14.44,9200.0,19,FIX_3D,1.89,-0.1,-1.0,101.5,RETURN_TO_LAUNCH,True,OK
18:57:08.395,14.44,9200.0,19,FIX_3D,1.89,-0.1,-1.0,101.5,RETURN_TO_LAUNCH,True,OK
18:57:08.496,14.44,9200.0,19,FIX_3D,1.89,-0.1,-1.0,101.5,RETURN_TO_LAUNCH,True,OK
18:57:08.597,14.44,9200.0,19,FIX_3D,1.89,-0.1,-1.0,101.5,RETURN_TO_LAUNCH,True,OK
18:57:08.697,14.44,9200.0,19,FIX_3D,1.89,-0.1,-1.0,101.5,RETURN_TO_LAUNCH,True,OK
18:57:08.798,14.44,9200.0,19,FIX_3D,1.89,-0.4,-1.4,101.5,RETURN_TO_LAUNCH,True,OK
18:57:08.899,14.44,9200.0,19,FIX_3D,1.88,-0.5,-1.3,101.4,LAND,True,OK
18:57:08.999,14.44,9200.0,19,FIX_3D,1.88,-0.5,-1.3,101.4,LAND,True,OK
18:57:09.099,14.44,9200.0,19,FIX_3D,1.88,-0.5,-1.3,101.4,LAND,True,OK
18:57:09.200,14.44,9200.0,19,FIX_3D,1.88,-0.5,-1.3,101.4,LAND,True,OK
18:57:09.300,14.44,9200.0,19,FIX_3D,1.87,-0.3,-1.3,101.4,LAND,True,OK
18:57:09.401,14.44,9200.0,19,FIX_3D,1.83,-0.2,-1.2,101.3,LAND,True,OK
18:57:09.501,14.44,9200.0,19,FIX_3D,1.75,-0.2,-1.2,101.3,LAND,True,OK
18:57:09.601,14.44,9200.0,19,FIX_3D,1.75,-0.2,-1.2,101.3,LAND,True,OK
18:57:09.702,14.44,9200.0,19,FIX_3D,1.75,-0.2,-1.2,101.3,LAND,True,OK
18:57:09.803,14.48,9200.0,19,FIX_3D,1.65,0.1,-0.7,101.3,LAND,True,OK
18:57:09.903,14.48,9200.0,19,FIX_3D,1.55,0.1,-0.7,101.3,LAND,True,OK
18:57:10.003,14.48,9200.0,19,FIX_3D,1.55,0.1,-0.7,101.3,LAND,True,OK
18:57:10.104,14.48,9200.0,19,FIX_3D,1.55,0.1,-0.7,101.3,LAND,True,OK
18:57:10.204,14.48,9200.0,19,FIX_3D,1.45,0.2,-0.9,101.4,LAND,True,OK
18:57:10.303,14.48,9200.0,19,FIX_3D,1.36,-0.2,-1.1,101.2,LAND,True,OK
18:57:10.404,14.48,9200.0,19,FIX_3D,1.36,-0.2,-1.1,101.2,RETURN_TO_LAUNCH,True,OK
18:57:10.503,14.48,9200.0,19,FIX_3D,1.27,-0.2,-1.1,101.2,RETURN_TO_LAUNCH,True,OK
18:57:10.604,14.48,9200.0,19,FIX_3D,1.27,-0.2,-1.1,101.2,RETURN_TO_LAUNCH,True,OK
18:57:10.704,14.48,9200.0,19,FIX_3D,1.27,-0.2,-1.1,101.2,RETURN_TO_LAUNCH,True,OK
18:57:10.804,14.48,9200.0,19,FIX_3D,1.27,-0.2,-1.1,101.2,RETURN_TO_LAUNCH,True,OK
18:57:10.905,14.39,9200.0,19,FIX_3D,1.1,0.0,-1.4,101.1,RETURN_TO_LAUNCH,True,OK
18:57:11.005,14.39,9200.0,19,FIX_3D,1.1,0.0,-1.4,101.1,RETURN_TO_LAUNCH,True,OK
18:57:11.105,14.39,9200.0,19,FIX_3D,1.1,0.0,-1.4,101.1,RETURN_TO_LAUNCH,True,OK
18:57:11.205,14.39,9200.0,19,FIX_3D,1.1,0.0,-1.4,101.1,RETURN_TO_LAUNCH,True,OK
18:57:11.306,14.39,9200.0,19,FIX_3D,1.1,0.0,-1.4,101.1,RETURN_TO_LAUNCH,True,OK
18:57:11.405,14.39,9200.0,19,FIX_3D,0.99,-0.2,-1.2,101.7,RETURN_TO_LAUNCH,True,OK
18:57:11.506,14.39,9200.0,19,FIX_3D,0.99,-0.2,-1.2,101.7,RETURN_TO_LAUNCH,True,OK
18:57:11.606,14.39,9200.0,19,FIX_3D,0.97,-0.2,-1.2,101.7,RETURN_TO_LAUNCH,True,OK
18:57:11.706,14.39,9200.0,19,FIX_3D,0.97,-0.2,-1.2,101.7,RETURN_TO_LAUNCH,True,OK
18:57:11.806,14.35,9200.0,19,FIX_3D,0.99,-0.2,-1.1,101.2,RETURN_TO_LAUNCH,True,OK
18:57:11.905,14.35,9200.0,19,FIX_3D,1.03,-0.2,-1.1,101.2,RETURN_TO_LAUNCH,True,OK
18:57:12.005,14.35,9200.0,19,FIX_3D,1.03,-0.2,-1.1,101.2,RETURN_TO_LAUNCH,True,OK
18:57:12.106,14.35,9200.0,19,FIX_3D,1.03,-0.2,-1.1,101.2,RETURN_TO_LAUNCH,True,OK
18:57:12.206,14.35,9200.0,19,FIX_3D,1.03,-0.2,-1.1,101.2,RETURN_TO_LAUNCH,True,OK
18:57:12.307,14.35,9200.0,19,FIX_3D,1.09,-0.3,-1.1,101.1,RETURN_TO_LAUNCH,True,OK
18:57:12.408,14.35,9200.0,19,FIX_3D,1.14,-0.4,-1.0,101.0,RETURN_TO_LAUNCH,True,OK
18:57:12.508,14.35,9200.0,19,FIX_3D,1.2,-0.4,-1.0,101.0,RETURN_TO_LAUNCH,True,OK
18:57:12.608,14.35,9200.0,19,FIX_3D,1.2,-0.4,-1.0,101.0,RETURN_TO_LAUNCH,True,OK
18:57:12.709,14.35,9200.0,19,FIX_3D,1.2,-0.4,-1.0,101.0,RETURN_TO_LAUNCH,True,OK
18:57:12.809,14.39,9200.0,19,FIX_3D,1.25,-0.2,-0.7,100.8,RETURN_TO_LAUNCH,True,OK
18:57:12.910,14.39,9200.0,19,FIX_3D,1.29,-0.2,-0.7,100.8,RETURN_TO_LAUNCH,True,OK
18:57:13.010,14.39,9200.0,19,FIX_3D,1.29,-0.2,-0.7,100.8,RETURN_TO_LAUNCH,True,OK
18:57:13.110,14.39,9200.0,19,FIX_3D,1.29,-0.2,-0.7,100.8,RETURN_TO_LAUNCH,True,OK
18:57:13.211,14.39,9200.0,19,FIX_3D,1.33,-0.2,-0.7,100.7,RETURN_TO_LAUNCH,True,OK
18:57:13.310,14.39,9200.0,19,FIX_3D,1.34,-0.2,-0.7,100.7,RETURN_TO_LAUNCH,True,OK
18:57:13.410,14.39,9200.0,19,FIX_3D,1.34,-0.1,-0.8,100.5,RETURN_TO_LAUNCH,True,OK
18:57:13.511,14.39,9200.0,19,FIX_3D,1.34,-0.1,-0.8,100.5,RETURN_TO_LAUNCH,True,OK
18:57:13.611,14.39,9200.0,19,FIX_3D,1.34,-0.1,-0.8,100.5,RETURN_TO_LAUNCH,True,OK
18:57:13.711,14.39,9200.0,19,FIX_3D,1.34,-0.1,-0.8,100.5,RETURN_TO_LAUNCH,True,OK
18:57:13.812,14.39,9200.0,19,FIX_3D,1.34,-0.1,-0.8,100.5,RETURN_TO_LAUNCH,True,OK
18:57:13.913,14.41,9200.0,19,FIX_3D,1.32,0.0,-1.9,100.2,RETURN_TO_LAUNCH,True,OK
18:57:14.013,14.41,9200.0,19,FIX_3D,1.29,0.0,-1.9,100.2,RETURN_TO_LAUNCH,True,OK
18:57:14.113,14.41,9200.0,19,FIX_3D,1.29,0.0,-1.9,100.2,RETURN_TO_LAUNCH,True,OK
18:57:14.213,14.41,9200.0,19,FIX_DGPS,1.27,-0.3,-0.8,100.4,RETURN_TO_LAUNCH,True,OK
18:57:14.313,14.41,9200.0,19,FIX_DGPS,1.26,-0.4,-0.1,100.6,RETURN_TO_LAUNCH,True,OK
18:57:14.414,14.41,9200.0,19,FIX_DGPS,1.26,-0.4,-0.1,100.6,RETURN_TO_LAUNCH,True,OK
18:57:14.514,14.41,9200.0,19,FIX_DGPS,1.26,-0.4,-0.1,100.6,RETURN_TO_LAUNCH,True,OK
18:57:14.615,14.41,9200.0,19,FIX_DGPS,1.25,-0.4,-0.1,100.6,RETURN_TO_LAUNCH,True,OK
18:57:14.714,14.38,9100.0,19,FIX_DGPS,1.25,-0.7,0.5,100.7,RETURN_TO_LAUNCH,True,OK
18:57:14.814,14.38,9100.0,19,FIX_DGPS,1.25,-0.7,0.5,100.7,RETURN_TO_LAUNCH,True,OK
18:57:14.914,14.38,9100.0,19,FIX_DGPS,1.25,-0.7,0.2,100.8,RETURN_TO_LAUNCH,True,OK
18:57:15.015,14.38,9100.0,19,FIX_DGPS,1.25,-0.7,0.2,100.8,RETURN_TO_LAUNCH,True,OK
18:57:15.115,14.38,9100.0,19,FIX_DGPS,1.25,-0.7,0.2,100.8,RETURN_TO_LAUNCH,True,OK
18:57:15.215,14.38,9100.0,19,FIX_DGPS,1.25,-0.7,0.2,100.8,RETURN_TO_LAUNCH,True,OK
18:57:15.316,14.38,9100.0,19,FIX_DGPS,1.24,-0.6,-0.4,100.6,RETURN_TO_LAUNCH,True,OK
18:57:15.416,14.38,9100.0,19,FIX_DGPS,1.24,-0.5,-0.5,100.2,RETURN_TO_LAUNCH,True,OK
18:57:15.515,14.38,9100.0,19,FIX_DGPS,1.24,-0.5,-0.5,100.2,RETURN_TO_LAUNCH,True,OK
18:57:15.616,14.38,9100.0,19,FIX_DGPS,1.24,-0.5,-0.5,100.2,RETURN_TO_LAUNCH,True,OK
18:57:15.716,14.37,9100.0,19,FIX_DGPS,1.25,-0.7,-0.8,100.0,RETURN_TO_LAUNCH,True,OK
18:57:15.817,14.37,9100.0,19,FIX_DGPS,1.25,-0.5,-1.0,100.1,RETURN_TO_LAUNCH,True,OK
18:57:15.917,14.37,9100.0,19,FIX_DGPS,1.26,-0.5,-1.0,100.1,RETURN_TO_LAUNCH,True,OK
18:57:16.017,14.37,9100.0,19,FIX_DGPS,1.26,-0.5,-1.0,100.1,RETURN_TO_LAUNCH,True,OK
18:57:16.117,14.37,9100.0,19,FIX_DGPS,1.26,-0.5,-1.0,100.1,RETURN_TO_LAUNCH,True,OK
18:57:16.218,14.37,9100.0,19,FIX_DGPS,1.27,-0.3,-1.1,100.3,RETURN_TO_LAUNCH,True,OK
18:57:16.317,14.37,9100.0,19,FIX_DGPS,1.27,-0.3,-1.1,100.3,RETURN_TO_LAUNCH,True,OK
18:57:16.418,14.37,9100.0,19,FIX_DGPS,1.27,-0.2,-1.1,100.4,RETURN_TO_LAUNCH,True,OK
18:57:16.518,14.37,9100.0,19,FIX_DGPS,1.28,-0.2,-1.1,100.4,RETURN_TO_LAUNCH,True,OK
18:57:16.620,14.37,9100.0,19,FIX_DGPS,1.28,-0.2,-1.1,100.4,RETURN_TO_LAUNCH,True,OK
18:57:16.721,14.37,9100.0,19,FIX_DGPS,1.28,-0.2,-1.1,100.4,RETURN_TO_LAUNCH,True,OK
18:57:16.822,14.37,9100.0,19,FIX_DGPS,1.28,-0.1,-0.9,100.4,RETURN_TO_LAUNCH,True,OK
18:57:16.923,14.37,9100.0,19,FIX_DGPS,1.28,-0.1,-1.1,100.3,RETURN_TO_LAUNCH,True,OK
18:57:17.023,14.37,9100.0,19,FIX_DGPS,1.28,-0.1,-1.1,100.3,RETURN_TO_LAUNCH,True,OK
18:57:17.124,14.37,9100.0,19,FIX_DGPS,1.28,-0.1,-1.1,100.3,RETURN_TO_LAUNCH,True,OK
18:57:17.225,14.37,9100.0,19,FIX_DGPS,1.28,0.0,-1.6,100.3,RETURN_TO_LAUNCH,True,OK
18:57:17.325,14.37,9100.0,19,FIX_DGPS,1.28,0.0,-1.7,100.5,RETURN_TO_LAUNCH,True,OK
18:57:17.425,14.37,9100.0,19,FIX_DGPS,1.28,0.0,-1.7,100.5,RETURN_TO_LAUNCH,True,OK
18:57:17.527,14.37,9100.0,19,FIX_DGPS,1.28,0.0,-1.7,100.5,RETURN_TO_LAUNCH,True,OK
18:57:17.628,14.37,9100.0,19,FIX_DGPS,1.28,0.0,-1.7,100.5,RETURN_TO_LAUNCH,True,OK
18:57:17.729,14.37,9100.0,19,FIX_DGPS,1.28,0.0,-1.7,100.5,RETURN_TO_LAUNCH,True,OK
18:57:17.830,14.37,9100.0,19,FIX_DGPS,1.28,0.0,-1.9,100.8,RETURN_TO_LAUNCH,True,OK
18:57:17.931,14.37,9100.0,19,FIX_DGPS,1.28,0.0,-1.9,100.9,RETURN_TO_LAUNCH,True,OK
18:57:18.031,14.37,9100.0,19,FIX_DGPS,1.28,0.0,-1.9,100.9,RETURN_TO_LAUNCH,True,OK
18:57:18.131,14.37,9100.0,19,FIX_DGPS,1.28,0.0,-1.9,100.9,RETURN_TO_LAUNCH,True,OK
18:57:18.232,14.37,9100.0,19,FIX_DGPS,1.28,0.0,-1.9,100.9,RETURN_TO_LAUNCH,True,OK
18:57:18.331,14.37,9100.0,19,FIX_DGPS,1.28,0.1,-1.6,100.8,RETURN_TO_LAUNCH,True,OK
18:57:18.432,14.37,9100.0,19,FIX_DGPS,1.27,0.2,-1.5,100.7,RETURN_TO_LAUNCH,True,OK
18:57:18.532,14.37,9100.0,19,FIX_DGPS,1.27,0.2,-1.5,100.7,RETURN_TO_LAUNCH,True,OK
18:57:18.633,14.37,9100.0,19,FIX_DGPS,1.27,0.2,-1.5,100.7,RETURN_TO_LAUNCH,True,OK
18:57:18.732,14.36,9100.0,19,FIX_DGPS,1.27,0.0,-1.5,100.6,RETURN_TO_LAUNCH,True,OK
18:57:18.832,14.36,9100.0,19,FIX_DGPS,1.27,-0.1,-1.3,100.5,RETURN_TO_LAUNCH,True,OK
18:57:18.932,14.36,9100.0,19,FIX_DGPS,1.27,-0.1,-1.3,100.5,RETURN_TO_LAUNCH,True,OK
18:57:19.032,14.36,9100.0,19,FIX_DGPS,1.27,-0.1,-1.3,100.5,RETURN_TO_LAUNCH,True,OK
18:57:19.133,14.36,9100.0,19,FIX_DGPS,1.27,-0.1,-1.3,100.5,RETURN_TO_LAUNCH,True,OK
18:57:19.233,14.36,9100.0,19,FIX_DGPS,1.27,-0.2,-1.2,100.4,RETURN_TO_LAUNCH,True,OK
18:57:19.332,14.36,9100.0,19,FIX_DGPS,1.27,-0.1,-1.2,100.3,RETURN_TO_LAUNCH,True,OK
18:57:19.432,14.36,9100.0,19,FIX_DGPS,1.27,-0.1,-1.2,100.3,RETURN_TO_LAUNCH,True,OK
18:57:19.533,14.36,9100.0,19,FIX_DGPS,1.27,-0.1,-1.2,100.3,RETURN_TO_LAUNCH,True,OK
18:57:19.633,14.36,9100.0,19,FIX_DGPS,1.27,-0.1,-1.2,100.3,RETURN_TO_LAUNCH,True,OK
18:57:19.734,14.36,9100.0,19,FIX_DGPS,1.27,-0.1,-1.2,100.3,RETURN_TO_LAUNCH,True,OK
18:57:19.834,14.34,9100.0,19,FIX_DGPS,1.27,0.3,-1.5,100.5,OFFBOARD,True,OK
18:57:19.935,14.34,9100.0,19,FIX_DGPS,1.27,0.3,-1.5,100.5,OFFBOARD,True,OK
18:57:20.035,14.34,9100.0,19,FIX_DGPS,1.27,0.3,-1.5,100.5,OFFBOARD,True,OK
18:57:20.136,14.34,9100.0,19,FIX_DGPS,1.27,0.3,-1.5,100.5,OFFBOARD,True,OK
18:57:20.238,14.34,9100.0,19,FIX_DGPS,1.27,0.3,-1.5,100.5,OFFBOARD,True,OK
18:57:20.339,14.34,9100.0,19,FIX_DGPS,1.2,1.1,-3.2,81.4,OFFBOARD,True,OK
18:57:20.439,14.34,9100.0,19,FIX_DGPS,1.2,1.1,-3.2,81.4,OFFBOARD,True,OK
18:57:20.540,14.34,9100.0,19,FIX_DGPS,1.11,1.1,-3.2,81.4,OFFBOARD,True,OK
18:57:20.640,14.34,9100.0,19,FIX_DGPS,1.11,1.1,-3.2,81.4,OFFBOARD,True,OK
18:57:20.741,14.34,9100.0,19,FIX_DGPS,1.11,1.1,-3.2,81.4,OFFBOARD,True,OK
18:57:20.843,14.26,9100.0,19,FIX_DGPS,1.02,-5.6,-4.8,61.6,OFFBOARD,True,OK
18:57:20.943,14.26,9100.0,19,FIX_DGPS,0.98,-9.8,-10.4,43.2,OFFBOARD,True,OK
18:57:21.044,14.26,9100.0,19,FIX_DGPS,0.98,-9.8,-10.4,43.2,OFFBOARD,True,OK
18:57:21.144,14.26,9100.0,19,FIX_DGPS,0.98,-9.8,-10.4,43.2,OFFBOARD,True,OK
18:57:21.245,14.26,9100.0,19,FIX_DGPS,0.98,-9.8,-10.4,43.2,OFFBOARD,True,OK
18:57:21.346,14.26,9100.0,19,FIX_DGPS,0.98,-9.8,-10.4,43.2,OFFBOARD,True,OK
18:57:21.446,14.26,9100.0,19,FIX_DGPS,1.04,0.8,-0.9,11.6,OFFBOARD,True,OK
18:57:21.547,14.26,9100.0,19,FIX_DGPS,1.04,0.8,-0.9,11.6,OFFBOARD,True,OK
18:57:21.647,14.26,9100.0,19,FIX_DGPS,1.12,0.8,-0.9,11.6,OFFBOARD,True,OK
18:57:21.748,14.17,9100.0,19,FIX_DGPS,1.25,0.5,2.6,-0.7,OFFBOARD,True,OK
18:57:21.848,14.17,9100.0,19,FIX_DGPS,1.25,-0.7,3.5,-6.5,OFFBOARD,True,OK
18:57:21.949,14.17,9100.0,19,FIX_DGPS,1.25,-0.7,3.5,-6.5,OFFBOARD,True,OK
18:57:22.050,14.17,9100.0,19,FIX_DGPS,1.43,-0.7,3.5,-6.5,OFFBOARD,True,OK
18:57:22.151,14.17,9100.0,19,FIX_DGPS,1.43,-0.7,3.5,-6.5,OFFBOARD,True,OK
18:57:22.252,14.17,9100.0,19,FIX_DGPS,1.66,-0.7,3.4,-5.5,OFFBOARD,True,OK
18:57:22.352,14.17,9100.0,19,FIX_DGPS,1.9,0.2,3.0,-2.0,OFFBOARD,True,OK
18:57:22.453,14.17,9100.0,19,FIX_DGPS,1.9,0.2,3.0,-2.0,OFFBOARD,True,OK
18:57:22.555,14.17,9100.0,19,FIX_DGPS,2.11,0.2,3.0,-2.0,OFFBOARD,True,OK
18:57:22.655,14.17,9100.0,19,FIX_DGPS,2.11,0.2,3.0,-2.0,OFFBOARD,True,OK
18:57:22.756,14.17,9100.0,19,FIX_DGPS,2.11,0.2,3.0,-2.0,OFFBOARD,True,OK
18:57:22.857,14.36,9000.0,19,FIX_DGPS,2.3,1.6,2.8,0.9,OFFBOARD,True,OK
18:57:22.957,14.36,9000.0,19,FIX_DGPS,2.46,1.6,2.8,0.9,OFFBOARD,True,OK
18:57:23.057,14.36,9000.0,19,FIX_DGPS,2.46,1.6,2.8,0.9,OFFBOARD,True,OK
18:57:23.157,14.36,9000.0,19,FIX_DGPS,2.46,1.6,2.8,0.9,OFFBOARD,True,OK
18:57:23.258,14.36,9000.0,19,FIX_DGPS,2.46,1.6,2.8,0.9,OFFBOARD,True,OK
18:57:23.357,14.36,9000.0,19,FIX_DGPS,2.46,1.6,2.8,0.9,OFFBOARD,True,OK
18:57:23.457,14.36,9000.0,19,FIX_DGPS,2.69,1.0,2.5,0.8,OFFBOARD,True,OK
18:57:23.558,14.36,9000.0,19,FIX_DGPS,2.76,1.0,2.5,0.8,OFFBOARD,True,OK
18:57:23.658,14.36,9000.0,19,FIX_DGPS,2.76,1.0,2.5,0.8,OFFBOARD,True,OK
18:57:23.757,14.39,9000.0,19,FIX_DGPS,2.78,0.7,2.3,-0.0,OFFBOARD,True,OK
18:57:23.857,14.39,9000.0,19,FIX_DGPS,2.78,0.7,2.2,-0.8,OFFBOARD,True,OK
18:57:23.958,14.39,9000.0,19,FIX_DGPS,2.78,0.7,2.2,-0.8,OFFBOARD,True,OK
18:57:24.058,14.39,9000.0,19,FIX_DGPS,2.78,0.7,2.2,-0.8,OFFBOARD,True,OK
18:57:24.158,14.39,9000.0,19,FIX_DGPS,2.78,0.7,2.2,-0.8,OFFBOARD,True,OK
18:57:24.259,14.39,9000.0,19,FIX_DGPS,2.78,0.7,2.2,-0.8,OFFBOARD,True,OK
18:57:24.359,14.39,9000.0,19,FIX_DGPS,2.74,1.3,0.9,-0.4,OFFBOARD,True,OK
18:57:24.459,14.39,9000.0,19,FIX_DGPS,2.74,1.3,0.9,-0.4,OFFBOARD,True,OK
18:57:24.560,14.39,9000.0,19,FIX_DGPS,2.74,1.3,0.9,-0.4,OFFBOARD,True,OK
18:57:24.660,14.39,9000.0,19,FIX_DGPS,2.72,1.3,0.9,-0.4,OFFBOARD,True,OK
18:57:24.761,14.3,9000.0,19,FIX_DGPS,2.72,1.4,0.7,0.6,OFFBOARD,True,OK
18:57:24.861,14.3,9000.0,19,FIX_DGPS,2.72,1.5,0.6,1.3,OFFBOARD,True,OK
18:57:24.962,14.3,9000.0,19,FIX_DGPS,2.72,1.5,0.6,1.3,OFFBOARD,True,OK
18:57:25.062,14.3,9000.0,19,FIX_DGPS,2.72,1.5,0.6,1.3,OFFBOARD,True,OK
18:57:25.161,14.3,9000.0,19,FIX_DGPS,2.72,1.5,0.6,1.3,OFFBOARD,True,OK
18:57:25.261,14.3,9000.0,19,FIX_DGPS,2.73,1.2,0.4,1.9,OFFBOARD,True,OK
18:57:25.361,14.3,9000.0,19,FIX_DGPS,2.73,1.2,0.4,1.9,OFFBOARD,True,OK
18:57:25.461,14.3,9000.0,19,FIX_DGPS,2.74,1.2,0.4,1.9,OFFBOARD,True,OK
18:57:25.561,14.3,9000.0,19,FIX_DGPS,2.74,1.2,0.4,1.9,OFFBOARD,True,OK
18:57:25.662,14.3,9000.0,19,FIX_DGPS,2.74,1.2,0.4,1.9,OFFBOARD,True,OK
18:57:25.762,14.3,9000.0,19,FIX_DGPS,2.74,1.2,0.4,1.9,OFFBOARD,True,OK
18:57:25.863,14.3,9000.0,19,FIX_DGPS,2.73,1.2,-0.2,0.9,OFFBOARD,True,OK
18:57:25.963,14.3,9000.0,19,FIX_DGPS,2.73,1.2,-0.2,0.9,OFFBOARD,True,OK
18:57:26.063,14.3,9000.0,19,FIX_DGPS,2.73,1.2,-0.2,0.9,OFFBOARD,True,OK
18:57:26.163,14.3,9000.0,19,FIX_DGPS,2.73,1.2,-0.2,0.9,OFFBOARD,True,OK
18:57:26.263,14.3,9000.0,19,FIX_DGPS,2.72,1.3,-0.3,0.4,OFFBOARD,True,OK
18:57:26.364,14.3,9000.0,19,FIX_DGPS,2.72,1.3,-0.4,0.3,OFFBOARD,True,OK
18:57:26.464,14.3,9000.0,19,FIX_DGPS,2.72,1.3,-0.4,0.3,OFFBOARD,True,OK
18:57:26.564,14.3,9000.0,19,FIX_DGPS,2.72,1.3,-0.4,0.3,OFFBOARD,True,OK
18:57:26.665,14.3,9000.0,19,FIX_DGPS,2.72,1.3,-0.4,0.3,OFFBOARD,True,OK
18:57:26.765,14.31,9000.0,19,FIX_DGPS,2.72,1.5,-0.6,0.4,OFFBOARD,True,OK
18:57:26.866,14.31,9000.0,19,FIX_DGPS,2.72,1.5,-0.6,0.4,OFFBOARD,True,OK
18:57:26.966,14.31,9000.0,19,FIX_DGPS,2.72,1.5,-0.6,0.4,OFFBOARD,True,OK
18:57:27.066,14.31,9000.0,19,FIX_DGPS,2.72,1.5,-0.6,0.4,OFFBOARD,True,OK
18:57:27.166,14.31,9000.0,19,FIX_DGPS,2.72,1.5,-0.6,0.4,OFFBOARD,True,OK
18:57:27.266,14.31,9000.0,19,FIX_DGPS,2.73,1.2,-0.3,1.0,OFFBOARD,True,OK
18:57:27.367,14.31,9000.0,19,FIX_DGPS,2.73,1.2,-0.3,1.0,OFFBOARD,True,OK
18:57:27.467,14.31,9000.0,19,FIX_DGPS,2.74,1.2,-0.3,1.0,OFFBOARD,True,OK
18:57:27.567,14.31,9000.0,19,FIX_DGPS,2.74,1.2,-0.3,1.0,OFFBOARD,True,OK
18:57:27.668,14.31,9000.0,19,FIX_DGPS,2.74,1.2,-0.3,1.1,OFFBOARD,True,OK
18:57:27.768,14.31,9000.0,19,FIX_DGPS,2.76,0.9,-0.2,0.7,OFFBOARD,True,OK
18:57:27.868,14.31,9000.0,19,FIX_DGPS,2.76,0.9,-0.2,0.7,OFFBOARD,True,OK
18:57:27.969,14.31,9000.0,19,FIX_DGPS,2.77,0.9,-0.2,0.7,OFFBOARD,True,OK
18:57:28.070,14.31,9000.0,19,FIX_DGPS,2.77,0.9,-0.2,0.7,OFFBOARD,True,OK
18:57:28.170,14.31,9000.0,19,FIX_DGPS,2.77,0.9,-0.2,0.7,OFFBOARD,True,OK
18:57:28.270,14.31,9000.0,19,FIX_DGPS,2.77,0.9,-0.2,0.7,OFFBOARD,True,OK
18:57:28.371,14.31,9000.0,19,FIX_DGPS,2.8,0.7,0.1,0.7,OFFBOARD,True,OK
18:57:28.471,14.31,9000.0,19,FIX_DGPS,2.8,0.7,0.1,0.7,OFFBOARD,True,OK
18:57:28.571,14.31,9000.0,19,FIX_DGPS,2.8,0.7,0.1,0.7,OFFBOARD,True,OK
18:57:28.671,14.31,9000.0,19,FIX_DGPS,2.8,0.7,0.1,0.7,OFFBOARD,True,OK
18:57:28.771,14.3,9000.0,19,FIX_DGPS,2.79,1.1,0.2,1.3,OFFBOARD,True,OK
18:57:28.871,14.3,9000.0,19,FIX_DGPS,2.79,1.1,0.2,1.3,OFFBOARD,True,OK
18:57:28.972,14.3,9000.0,19,FIX_DGPS,2.79,1.1,0.2,1.3,OFFBOARD,True,OK
18:57:29.072,14.3,9000.0,19,FIX_DGPS,2.79,1.1,0.2,1.3,OFFBOARD,True,OK
18:57:29.172,14.3,9000.0,19,FIX_DGPS,2.79,1.1,0.2,1.3,OFFBOARD,True,OK
18:57:29.273,14.3,9000.0,19,FIX_DGPS,2.79,1.2,0.2,1.1,OFFBOARD,True,OK
18:57:29.374,14.3,9000.0,19,FIX_DGPS,2.79,1.2,0.3,0.7,OFFBOARD,True,OK
18:57:29.474,14.3,9000.0,19,FIX_DGPS,2.79,1.2,0.3,0.7,OFFBOARD,True,OK
18:57:29.574,14.3,9000.0,19,FIX_DGPS,2.79,1.2,0.3,0.7,OFFBOARD,True,OK
18:57:29.674,14.3,9000.0,19,FIX_DGPS,2.79,1.2,0.3,0.7,OFFBOARD,True,OK
18:57:29.773,14.3,8900.0,19,FIX_DGPS,2.78,1.2,0.2,-0.1,LAND,True,OK
18:57:29.873,14.3,8900.0,19,FIX_DGPS,2.78,1.2,0.2,-0.1,LAND,True,OK
18:57:29.973,14.3,8900.0,19,FIX_DGPS,2.78,1.2,0.2,-0.1,LAND,True,OK
18:57:30.074,14.3,8900.0,19,FIX_DGPS,2.78,1.2,0.2,-0.1,LAND,True,OK
18:57:30.173,14.3,8900.0,19,FIX_DGPS,2.78,1.2,0.2,-0.1,LAND,True,OK
18:57:30.274,14.3,8900.0,19,FIX_DGPS,2.77,1.6,0.2,-0.3,LAND,True,OK
18:57:30.375,14.3,8900.0,19,FIX_DGPS,2.63,1.6,0.5,-0.8,LAND,True,OK
18:57:30.475,14.3,8900.0,19,FIX_DGPS,2.63,1.6,0.5,-0.8,LAND,True,OK
18:57:30.575,14.3,8900.0,19,FIX_DGPS,2.63,1.6,0.5,-0.8,LAND,True,OK
18:57:30.675,14.34,8900.0,19,FIX_DGPS,2.53,0.9,0.3,-0.8,LAND,True,OK
18:57:30.776,14.34,8900.0,19,FIX_DGPS,2.53,0.6,0.4,-0.5,LAND,True,OK
18:57:30.876,14.34,8900.0,19,FIX_DGPS,2.41,0.6,0.4,-0.5,LAND,True,OK
18:57:30.976,14.34,8900.0,19,FIX_DGPS,2.41,0.6,0.4,-0.5,LAND,True,OK
18:57:31.077,14.34,8900.0,19,FIX_DGPS,2.41,0.6,0.4,-0.5,LAND,True,OK
18:57:31.178,14.34,8900.0,19,FIX_DGPS,2.18,0.4,0.4,-0.0,LAND,True,OK
18:57:31.278,14.34,8900.0,19,FIX_DGPS,2.18,0.4,0.4,-0.0,LAND,True,OK
18:57:31.377,14.34,8900.0,19,FIX_DGPS,2.18,0.4,0.5,0.0,LAND,True,OK
18:57:31.478,14.34,8900.0,19,FIX_DGPS,2.08,0.4,0.5,0.0,LAND,True,OK
18:57:31.578,14.34,8900.0,19,FIX_DGPS,2.08,0.4,0.5,0.0,LAND,True,OK
18:57:31.678,14.34,8900.0,19,FIX_DGPS,2.08,0.4,0.5,0.0,LAND,True,OK
18:57:31.779,14.34,8900.0,19,FIX_DGPS,2.08,0.6,0.9,0.3,LAND,True,OK
18:57:31.878,14.29,8900.0,19,FIX_DGPS,1.9,0.7,0.8,0.3,LAND,True,OK
18:57:31.978,14.29,8900.0,19,FIX_DGPS,1.9,0.7,0.8,0.3,LAND,True,OK
18:57:32.079,14.29,8900.0,19,FIX_DGPS,1.9,0.7,0.8,0.3,LAND,True,OK
18:57:32.179,14.29,8900.0,19,FIX_DGPS,1.9,0.7,0.8,0.3,LAND,True,OK
18:57:32.280,14.29,8900.0,19,FIX_DGPS,1.73,0.8,0.5,0.7,LAND,True,OK
18:57:32.380,14.29,8900.0,19,FIX_DGPS,1.73,0.8,0.5,0.7,LAND,True,OK
18:57:32.480,14.29,8900.0,19,FIX_DGPS,1.73,0.8,0.5,0.7,LAND,True,OK
18:57:32.581,14.29,8900.0,19,FIX_DGPS,1.62,0.8,0.5,0.7,LAND,True,OK
18:57:32.681,14.29,8900.0,19,FIX_DGPS,1.51,0.9,0.5,1.0,LAND,True,OK
18:57:32.781,14.29,8900.0,19,FIX_DGPS,1.51,0.9,0.5,1.0,LAND,True,OK
18:57:32.881,14.29,8900.0,19,FIX_DGPS,1.38,0.6,0.2,1.1,LAND,True,OK
18:57:32.982,14.29,8900.0,19,FIX_DGPS,1.38,0.6,0.2,1.1,LAND,True,OK
18:57:33.082,14.29,8900.0,19,FIX_DGPS,1.38,0.6,0.2,1.1,LAND,True,OK
18:57:33.182,14.29,8900.0,19,FIX_DGPS,1.26,0.7,0.3,0.8,LAND,True,OK
18:57:33.283,14.29,8900.0,19,FIX_DGPS,1.15,1.1,0.4,0.4,LAND,True,OK
18:57:33.385,14.29,8900.0,19,FIX_DGPS,1.04,1.1,0.4,0.4,LAND,True,OK
18:57:33.485,14.29,8900.0,19,FIX_DGPS,1.04,1.1,0.4,0.4,LAND,True,OK
18:57:33.586,14.29,8900.0,19,FIX_DGPS,1.04,1.1,0.4,0.4,LAND,True,OK
18:57:33.685,14.27,8900.0,19,FIX_DGPS,0.97,1.1,-0.0,0.1,LAND,True,OK
18:57:33.786,14.27,8900.0,19,FIX_DGPS,0.97,0.9,-0.3,0.1,LAND,True,OK
18:57:33.886,14.27,8900.0,19,FIX_DGPS,0.9,0.9,-0.3,0.1,LAND,True,OK
18:57:33.987,14.27,8900.0,19,FIX_DGPS,0.9,0.9,-0.3,0.1,LAND,True,OK
18:57:34.086,14.27,8900.0,19,FIX_DGPS,0.82,1.0,-0.3,0.3,LAND,True,OK
18:57:34.186,14.27,8900.0,19,FIX_DGPS,0.73,1.0,-0.3,0.3,LAND,True,OK
18:57:34.286,14.27,8900.0,19,FIX_DGPS,0.73,1.0,-0.3,0.3,LAND,True,OK
18:57:34.387,14.27,8900.0,19,FIX_DGPS,0.73,1.1,-0.1,0.4,LAND,True,OK
18:57:34.488,14.27,8900.0,19,FIX_DGPS,0.63,1.1,-0.1,0.4,LAND,True,OK
18:57:34.588,14.27,8900.0,19,FIX_DGPS,0.63,1.1,-0.1,0.4,LAND,True,OK
18:57:34.690,14.27,8900.0,19,FIX_DGPS,0.63,1.1,-0.1,0.4,LAND,True,OK
18:57:34.789,14.28,8900.0,19,FIX_DGPS,0.41,0.6,0.2,0.7,LAND,True,OK
18:57:34.889,14.28,8900.0,19,FIX_DGPS,0.41,0.6,0.2,0.7,LAND,True,OK
18:57:34.989,14.28,8900.0,19,FIX_DGPS,0.41,0.6,0.2,0.7,LAND,True,OK
18:57:35.090,14.28,8900.0,19,FIX_DGPS,0.41,0.6,0.2,0.7,LAND,True,OK
18:57:35.190,14.28,8900.0,19,FIX_DGPS,0.41,1.0,-0.1,1.1,LAND,True,OK
18:57:35.291,14.28,8900.0,19,FIX_DGPS,0.19,0.7,0.7,1.4,LAND,True,OK
18:57:35.391,14.28,8900.0,19,FIX_DGPS,0.19,0.7,0.7,1.4,LAND,True,OK
18:57:35.491,14.28,8900.0,19,FIX_DGPS,0.19,0.7,0.7,1.4,LAND,True,OK
18:57:35.592,14.28,8900.0,19,FIX_DGPS,0.11,0.7,0.7,1.4,LAND,True,OK
18:57:35.693,14.32,8900.0,19,FIX_DGPS,0.04,0.7,0.0,-0.1,HOLD,True,OK
18:57:35.794,14.32,8900.0,19,FIX_DGPS,-0.03,0.7,0.0,-0.1,HOLD,True,OK
18:57:35.894,14.32,8900.0,19,FIX_DGPS,-0.03,0.7,0.0,-0.1,LAND,True,OK
18:57:35.994,14.32,8900.0,19,FIX_DGPS,-0.03,0.7,0.0,-0.1,LAND,True,OK
18:57:36.095,14.32,8900.0,19,FIX_DGPS,-0.03,0.7,0.0,-0.1,LAND,True,OK
18:57:36.194,14.32,8900.0,19,FIX_DGPS,-0.14,0.0,0.9,-0.9,LAND,True,OK
18:57:36.295,14.32,8900.0,19,FIX_DGPS,-0.2,1.6,1.5,-2.1,LAND,True,OK
18:57:36.396,14.32,8900.0,19,FIX_DGPS,-0.18,1.6,1.5,-2.1,LAND,True,OK
18:57:36.497,14.32,8900.0,19,FIX_DGPS,-0.18,1.6,1.5,-2.1,LAND,True,OK
18:57:36.597,14.32,8900.0,19,FIX_DGPS,-0.18,1.6,1.5,-2.1,LAND,True,OK
18:57:36.698,14.8,8900.0,19,FIX_DGPS,-0.17,-0.4,2.3,-4.0,LAND,True,OK
18:57:36.800,14.8,8900.0,19,FIX_DGPS,-0.17,-0.4,1.9,-4.5,LAND,True,OK
18:57:36.902,14.8,8900.0,19,FIX_DGPS,-0.15,-0.4,1.9,-4.5,LAND,True,OK
18:57:37.002,14.8,8900.0,19,FIX_DGPS,-0.15,-0.4,1.9,-4.5,LAND,True,OK
18:57:37.102,14.8,8900.0,19,FIX_DGPS,-0.14,-0.3,1.7,-4.4,LAND,True,OK
18:57:37.203,14.8,8900.0,19,FIX_DGPS,-0.14,-0.3,1.7,-4.4,LAND,True,OK
18:57:37.304,14.8,8900.0,19,FIX_DGPS,-0.14,-0.3,1.7,-4.3,LAND,True,OK
18:57:37.404,14.8,8900.0,19,FIX_DGPS,-0.14,-0.3,1.7,-4.3,LAND,True,OK
18:57:37.505,14.8,8900.0,19,FIX_DGPS,-0.14,-0.3,1.7,-4.3,LAND,True,OK
18:57:37.605,14.8,8900.0,19,FIX_DGPS,-0.14,-0.3,1.7,-4.3,LAND,True,OK
18:57:37.706,14.9,8900.0,19,FIX_DGPS,-0.14,-0.3,1.7,-4.3,LAND,True,OK
18:57:37.807,14.9,8900.0,19,FIX_DGPS,-0.12,-0.3,1.7,-4.2,LAND,True,OK
18:57:37.907,14.9,8900.0,19,FIX_DGPS,-0.12,-0.3,1.7,-4.2,LAND,True,OK
18:57:38.007,14.9,8900.0,19,FIX_DGPS,-0.12,-0.3,1.7,-4.2,LAND,True,OK
18:57:38.107,14.9,8900.0,19,FIX_DGPS,-0.12,-0.3,1.7,-4.2,LAND,True,OK
18:57:38.207,14.9,8900.0,19,FIX_DGPS,-0.12,-0.4,1.7,-4.1,LAND,True,OK
18:57:38.308,14.9,8900.0,19,FIX_DGPS,-0.11,-0.4,1.7,-4.2,LAND,True,OK
18:57:38.408,14.9,8900.0,19,FIX_DGPS,-0.11,-0.4,1.7,-4.2,LAND,True,OK
18:57:38.508,14.9,8900.0,19,FIX_DGPS,-0.11,-0.4,1.7,-4.2,LAND,True,OK
18:57:38.609,15.09,8900.0,19,FIX_DGPS,-0.1,-0.4,1.7,-4.7,LAND,True,OK
18:57:38.709,15.09,8900.0,19,FIX_DGPS,-0.1,-0.4,1.7,-4.7,LAND,True,OK
18:57:38.809,15.09,8900.0,19,FIX_DGPS,-0.09,-0.4,1.7,-5.1,LAND,True,OK
18:57:38.910,15.09,8900.0,19,FIX_DGPS,-0.09,-0.4,1.7,-5.1,LAND,True,OK
18:57:39.010,15.09,8900.0,19,FIX_DGPS,-0.09,-0.4,1.7,-5.1,LAND,True,OK
18:57:39.111,15.09,8900.0,19,FIX_DGPS,-0.09,-0.4,1.7,-5.1,LAND,True,OK
18:57:39.211,15.09,8900.0,19,FIX_DGPS,-0.08,-0.4,1.7,-5.4,LAND,False,OK
18:57:39.312,15.09,8900.0,19,FIX_DGPS,-0.06,-0.4,1.7,-5.6,LAND,False,OK
18:57:39.413,15.09,8900.0,19,FIX_DGPS,-0.05,-0.4,1.7,-5.6,LAND,False,OK
18:57:39.514,15.09,8900.0,19,FIX_DGPS,-0.05,-0.4,1.7,-5.6,LAND,False,OK
18:57:39.614,15.09,8900.0,19,FIX_DGPS,-0.05,-0.4,1.7,-5.6,LAND,False,OK
18:57:39.714,15.12,8900.0,19,FIX_DGPS,-0.04,-0.4,1.7,-6.0,LAND,False,OK
18:57:39.814,15.12,8900.0,19,FIX_DGPS,-0.03,-0.4,1.7,-6.0,LAND,False,OK
18:57:39.915,15.12,8900.0,19,FIX_DGPS,-0.03,-0.4,1.7,-6.0,LAND,False,OK
18:57:40.016,15.12,8900.0,19,FIX_DGPS,-0.03,-0.4,1.7,-6.0,LAND,False,OK
18:57:40.116,15.12,8900.0,19,FIX_DGPS,-0.03,-0.4,1.7,-6.1,LAND,False,OK
18:57:40.217,15.12,8900.0,19,FIX_DGPS,-0.03,-0.4,1.7,-6.2,STABILIZED,False,OK
18:57:40.318,15.12,8900.0,19,FIX_DGPS,-0.03,-0.4,1.7,-6.2,STABILIZED,False,OK
18:57:40.418,15.12,8900.0,19,FIX_DGPS,-0.03,-0.4,1.7,-6.2,STABILIZED,False,OK
18:57:40.519,15.12,8900.0,19,FIX_DGPS,-0.03,-0.4,1.7,-6.2,STABILIZED,False,OK
18:57:40.620,15.12,8900.0,19,FIX_DGPS,-0.03,-0.4,1.7,-6.2,STABILIZED,False,OK
18:57:40.720,15.12,8900.0,19,FIX_DGPS,-0.02,-0.4,1.7,-6.4,STABILIZED,False,OK
18:57:40.820,15.12,8900.0,19,FIX_DGPS,-0.02,-0.4,1.7,-6.4,STABILIZED,False,OK
18:57:40.922,15.12,8900.0,19,FIX_DGPS,-0.02,-0.4,1.7,-6.4,STABILIZED,False,OK
18:57:41.022,15.12,8900.0,19,FIX_DGPS,-0.02,-0.4,1.7,-6.4,STABILIZED,False,OK
18:57:41.124,15.12,8900.0,19,FIX_DGPS,-0.02,-0.4,1.7,-6.4,STABILIZED,False,OK
18:57:41.224,15.12,8900.0,19,FIX_DGPS,-0.02,-0.4,1.7,-6.5,STABILIZED,False,OK
18:57:41.324,15.12,8900.0,19,FIX_DGPS,-0.01,-0.4,1.7,-6.6,STABILIZED,False,OK
18:57:41.425,15.12,8900.0,19,FIX_DGPS,-0.01,-0.4,1.7,-6.6,STABILIZED,False,OK
18:57:41.526,15.12,8900.0,19,FIX_DGPS,-0.0,-0.4,1.7,-6.6,STABILIZED,False,OK
18:57:41.627,15.15,8900.0,19,FIX_DGPS,0.0,-0.4,1.7,-6.7,STABILIZED,False,OK
18:57:41.727,15.15,8900.0,19,FIX_DGPS,0.0,-0.4,1.7,-6.7,STABILIZED,False,OK
18:57:41.828,15.15,8900.0,19,FIX_DGPS,0.0,-0.3,1.7,-6.7,STABILIZED,False,OK
18:57:41.928,15.15,8900.0,19,FIX_DGPS,0.0,-0.3,1.7,-6.7,STABILIZED,False,OK
18:57:42.029,15.15,8900.0,19,FIX_DGPS,0.0,-0.3,1.7,-6.7,STABILIZED,False,OK
18:57:42.129,15.15,8900.0,19,FIX_DGPS,0.0,-0.3,1.7,-6.7,STABILIZED,False,OK
18:57:42.230,15.15,8900.0,19,FIX_DGPS,-0.0,-0.4,1.7,-6.8,STABILIZED,False,OK
18:57:42.331,15.15,8900.0,19,FIX_DGPS,-0.0,-0.4,1.7,-6.8,STABILIZED,False,OK
18:57:42.432,15.15,8900.0,19,FIX_DGPS,-0.01,-0.4,1.7,-6.8,STABILIZED,False,OK
18:57:42.533,15.15,8900.0,19,FIX_DGPS,-0.01,-0.4,1.7,-6.8,STABILIZED,False,OK
18:57:42.634,15.16,8900.0,19,FIX_DGPS,-0.02,-0.3,1.7,-6.9,STABILIZED,False,OK
18:57:42.735,15.16,8900.0,19,FIX_DGPS,-0.02,-0.4,1.7,-6.9,STABILIZED,False,OK
18:57:42.836,15.16,8900.0,19,FIX_DGPS,-0.03,-0.4,1.7,-6.9,STABILIZED,False,OK
18:57:42.936,15.16,8900.0,19,FIX_DGPS,-0.03,-0.4,1.7,-6.9,STABILIZED,False,OK
18:57:43.038,15.16,8900.0,19,FIX_DGPS,-0.03,-0.4,1.7,-6.9,STABILIZED,False,OK
18:57:43.138,15.16,8900.0,19,FIX_DGPS,-0.03,-0.4,1.7,-6.9,STABILIZED,False,OK
18:57:43.239,15.16,8900.0,19,FIX_DGPS,-0.03,-0.4,1.7,-7.0,STABILIZED,False,OK
18:57:43.339,15.16,8900.0,19,FIX_DGPS,-0.03,-0.4,1.7,-7.0,STABILIZED,False,OK
18:57:43.440,15.16,8900.0,19,FIX_DGPS,-0.04,-0.4,1.7,-7.0,STABILIZED,False,OK
18:57:43.540,15.16,8900.0,19,FIX_DGPS,-0.04,-0.4,1.7,-7.0,STABILIZED,False,OK
18:57:43.641,15.16,8900.0,19,FIX_DGPS,-0.04,-0.4,1.7,-7.0,STABILIZED,False,OK
18:57:43.743,15.16,8900.0,19,FIX_DGPS,-0.03,-0.4,1.6,-7.0,STABILIZED,False,OK
18:57:43.843,15.16,8900.0,19,FIX_DGPS,-0.03,-0.4,1.6,-7.0,STABILIZED,False,OK
18:57:43.944,15.16,8900.0,19,FIX_DGPS,-0.03,-0.4,1.6,-7.0,STABILIZED,False,OK
18:57:44.044,15.16,8900.0,19,FIX_DGPS,-0.03,-0.4,1.6,-7.0,STABILIZED,False,OK
18:57:44.144,15.16,8900.0,19,FIX_DGPS,-0.03,-0.4,1.6,-7.1,STABILIZED,False,OK
18:57:44.244,15.16,8900.0,19,FIX_DGPS,-0.03,-0.4,1.6,-7.1,STABILIZED,False,OK
18:57:44.345,15.16,8900.0,19,FIX_DGPS,-0.03,-0.4,1.6,-7.1,STABILIZED,False,OK
18:57:44.445,15.16,8900.0,19,FIX_DGPS,-0.03,-0.4,1.6,-7.1,STABILIZED,False,OK
18:57:44.547,15.16,8900.0,19,FIX_DGPS,-0.04,-0.4,1.6,-7.1,STABILIZED,False,OK
18:57:44.647,15.18,8900.0,19,FIX_DGPS,-0.05,-0.4,1.6,-7.1,STABILIZED,False,OK
18:57:44.748,15.18,8900.0,19,FIX_DGPS,-0.05,-0.4,1.6,-7.1,STABILIZED,False,OK
18:57:44.849,15.18,8900.0,19,FIX_DGPS,-0.05,-0.4,1.6,-7.1,STABILIZED,False,OK
18:57:44.949,15.18,8900.0,19,FIX_DGPS,-0.05,-0.4,1.6,-7.1,STABILIZED,False,OK
18:57:45.050,15.18,8900.0,19,FIX_DGPS,-0.05,-0.4,1.6,-7.1,STABILIZED,False,OK
18:57:45.150,15.18,8900.0,19,FIX_DGPS,-0.05,-0.4,1.6,-7.2,STABILIZED,False,OK
18:57:45.251,15.18,8900.0,19,FIX_DGPS,-0.06,-0.4,1.6,-7.2,STABILIZED,False,OK
18:57:45.351,15.18,8900.0,19,FIX_DGPS,-0.06,-0.4,1.6,-7.2,STABILIZED,False,OK
18:57:45.452,15.18,8900.0,19,FIX_DGPS,-0.06,-0.4,1.6,-7.2,STABILIZED,False,OK
18:57:45.553,15.18,8900.0,19,FIX_DGPS,-0.06,-0.4,1.6,-7.2,STABILIZED,False,OK
18:57:45.653,15.18,8900.0,19,FIX_DGPS,-0.06,-0.4,1.6,-7.2,STABILIZED,False,OK
18:57:45.755,15.18,8900.0,19,FIX_DGPS,-0.06,-0.4,1.6,-7.2,STABILIZED,False,OK
18:57:45.857,15.18,8900.0,19,FIX_DGPS,-0.07,-0.4,1.6,-7.2,STABILIZED,False,OK
18:57:45.957,15.18,8900.0,19,FIX_DGPS,-0.07,-0.4,1.6,-7.2,STABILIZED,False,OK
18:57:46.059,15.18,8900.0,19,FIX_DGPS,-0.07,-0.4,1.6,-7.2,STABILIZED,False,OK
18:57:46.159,15.18,8900.0,19,FIX_DGPS,-0.07,-0.4,1.6,-7.2,STABILIZED,False,OK
18:57:46.259,15.18,8900.0,19,FIX_DGPS,-0.07,-0.4,1.6,-7.2,STABILIZED,False,OK
18:57:46.359,15.18,8900.0,19,FIX_DGPS,-0.07,-0.4,1.6,-7.2,STABILIZED,False,OK
18:57:46.460,15.18,8900.0,19,FIX_DGPS,-0.07,-0.4,1.6,-7.2,STABILIZED,False,OK
18:57:46.560,15.18,8900.0,19,FIX_DGPS,-0.07,-0.4,1.6,-7.2,STABILIZED,False,OK
18:57:46.660,15.2,8900.0,19,FIX_DGPS,-0.06,-0.4,1.6,-7.3,STABILIZED,False,OK
18:57:46.761,15.2,8900.0,19,FIX_DGPS,-0.06,-0.4,1.6,-7.3,STABILIZED,False,OK
18:57:46.861,15.2,8900.0,19,FIX_DGPS,-0.06,-0.4,1.6,-7.3,STABILIZED,False,OK
18:57:46.962,15.2,8900.0,19,FIX_DGPS,-0.06,-0.4,1.6,-7.3,STABILIZED,False,OK
18:57:47.062,15.2,8900.0,19,FIX_DGPS,-0.06,-0.4,1.6,-7.3,STABILIZED,False,OK
18:57:47.162,15.2,8900.0,19,FIX_DGPS,-0.06,-0.4,1.6,-7.3,STABILIZED,False,OK
18:57:47.263,15.2,8900.0,19,FIX_DGPS,-0.06,-0.4,1.6,-7.3,STABILIZED,False,OK
18:57:47.363,15.2,8900.0,19,FIX_DGPS,-0.06,-0.4,1.6,-7.3,STABILIZED,False,OK
18:57:47.464,15.2,8900.0,19,FIX_DGPS,-0.06,-0.4,1.6,-7.3,STABILIZED,False,OK
18:57:47.565,15.2,8900.0,19,FIX_DGPS,-0.05,-0.4,1.6,-7.3,STABILIZED,False,OK
18:57:47.665,15.2,8900.0,19,FIX_DGPS,0.01,-0.4,1.6,-7.3,STABILIZED,False,OK
18:57:47.766,15.2,8900.0,19,FIX_DGPS,0.01,-0.4,1.6,-7.3,STABILIZED,False,OK
18:57:47.867,15.2,8900.0,19,FIX_DGPS,0.02,-0.4,1.6,-7.3,STABILIZED,False,OK
18:57:47.967,15.2,8900.0,19,FIX_DGPS,0.02,-0.4,1.6,-7.3,STABILIZED,False,OK
18:57:48.068,15.2,8900.0,19,FIX_DGPS,0.02,-0.4,1.6,-7.3,STABILIZED,False,OK
18:57:48.168,15.2,8900.0,19,FIX_DGPS,0.02,-0.4,1.6,-7.4,STABILIZED,True,OK
18:57:48.269,15.2,8900.0,19,FIX_DGPS,0.01,-0.4,1.6,-7.4,STABILIZED,True,OK
18:57:48.370,15.2,8900.0,19,FIX_DGPS,0.01,-0.4,1.6,-7.4,STABILIZED,True,OK
18:57:48.471,15.2,8900.0,19,FIX_DGPS,0.01,-0.4,1.6,-7.4,STABILIZED,True,OK
18:57:48.573,15.2,8900.0,19,FIX_DGPS,0.01,-0.4,1.6,-7.4,STABILIZED,True,OK
18:57:48.673,15.15,8900.0,19,FIX_DGPS,0.01,-0.4,1.6,-7.4,STABILIZED,True,OK
18:57:48.774,15.15,8900.0,19,FIX_DGPS,0.01,-0.4,1.6,-7.4,STABILIZED,True,OK
18:57:48.875,15.15,8900.0,19,FIX_DGPS,0.02,-0.4,1.6,-7.4,STABILIZED,True,OK
18:57:48.975,15.15,8900.0,19,FIX_DGPS,0.02,-0.4,1.6,-7.4,STABILIZED,True,OK
18:57:49.075,15.15,8900.0,19,FIX_DGPS,0.02,-0.4,1.6,-7.4,STABILIZED,True,OK
18:57:49.176,15.15,8900.0,19,FIX_DGPS,0.02,-0.4,1.6,-7.4,STABILIZED,True,OK
18:57:49.276,15.15,8900.0,19,FIX_DGPS,0.02,-0.4,1.6,-7.4,STABILIZED,True,OK
18:57:49.377,15.15,8900.0,19,FIX_DGPS,0.02,-0.4,1.6,-7.4,STABILIZED,True,OK
18:57:49.479,15.15,8900.0,19,FIX_DGPS,0.02,-0.4,1.6,-7.4,STABILIZED,True,OK
18:57:49.580,15.15,8900.0,19,FIX_DGPS,0.02,-0.4,1.6,-7.4,STABILIZED,True,OK
18:57:49.680,15.15,8900.0,19,FIX_DGPS,0.02,-0.4,1.6,-7.4,STABILIZED,True,OK
18:57:49.781,15.15,8900.0,19,FIX_DGPS,0.02,-0.4,1.6,-7.4,STABILIZED,True,OK
18:57:49.881,15.15,8900.0,19,FIX_DGPS,0.02,-0.4,1.6,-7.4,STABILIZED,True,OK
18:57:49.982,15.15,8900.0,19,FIX_DGPS,0.02,-0.4,1.6,-7.4,STABILIZED,True,OK
18:57:50.082,15.15,8900.0,19,FIX_DGPS,0.02,-0.4,1.6,-7.4,STABILIZED,True,OK
18:57:50.182,15.15,8900.0,19,FIX_DGPS,0.02,-0.4,1.6,-7.4,STABILIZED,True,OK
18:57:50.283,15.15,8900.0,19,FIX_DGPS,0.01,-0.4,1.6,-7.4,STABILIZED,True,OK
18:57:50.383,15.15,8900.0,19,FIX_DGPS,0.01,-0.4,1.6,-7.4,STABILIZED,True,OK
18:57:50.483,15.15,8900.0,19,FIX_DGPS,0.01,-0.4,1.6,-7.4,STABILIZED,True,OK
18:57:50.584,15.15,8900.0,19,FIX_DGPS,0.01,-0.4,1.6,-7.4,STABILIZED,True,OK
18:57:50.684,15.17,8900.0,19,FIX_DGPS,0.0,-0.4,1.6,-7.4,STABILIZED,True,OK
18:57:50.784,15.17,8900.0,19,FIX_DGPS,0.0,-0.4,1.6,-7.4,STABILIZED,True,OK
18:57:50.885,15.17,8900.0,19,FIX_DGPS,0.0,-0.4,1.6,-7.4,STABILIZED,True,OK
18:57:50.985,15.17,8900.0,19,FIX_DGPS,0.0,-0.4,1.6,-7.4,STABILIZED,True,OK
18:57:51.084,15.17,8900.0,19,FIX_DGPS,0.0,-0.4,1.6,-7.4,STABILIZED,True,OK
18:57:51.185,15.17,8900.0,19,FIX_DGPS,0.0,-0.4,1.6,-7.5,STABILIZED,True,OK
18:57:51.285,15.17,8900.0,19,FIX_DGPS,-0.0,-0.4,1.6,-7.5,STABILIZED,True,OK
18:57:51.385,15.17,8900.0,19,FIX_DGPS,-0.0,-0.4,1.6,-7.5,STABILIZED,True,OK
18:57:51.485,15.17,8900.0,19,FIX_DGPS,-0.0,-0.4,1.6,-7.5,STABILIZED,True,OK
18:57:51.586,15.17,8900.0,19,FIX_DGPS,-0.0,-0.4,1.6,-7.5,STABILIZED,True,OK
18:57:51.687,15.16,8900.0,19,FIX_DGPS,-0.0,-0.4,1.6,-7.5,STABILIZED,True,OK
18:57:51.788,15.16,8900.0,19,FIX_DGPS,-0.0,-0.4,1.6,-7.5,STABILIZED,True,OK
18:57:51.888,15.16,8900.0,19,FIX_DGPS,-0.0,-0.4,1.6,-7.5,STABILIZED,True,OK
18:57:51.988,15.16,8900.0,19,FIX_DGPS,-0.0,-0.4,1.6,-7.5,STABILIZED,True,OK
18:57:52.089,15.16,8900.0,19,FIX_DGPS,-0.0,-0.4,1.6,-7.5,STABILIZED,True,OK
18:57:52.190,15.16,8900.0,19,FIX_DGPS,-0.0,-0.4,1.6,-7.5,STABILIZED,True,OK
18:57:52.291,15.16,8900.0,19,FIX_DGPS,-0.0,-0.4,1.6,-7.5,STABILIZED,True,OK
18:57:52.392,15.16,8900.0,19,FIX_DGPS,-0.0,-0.4,1.6,-7.5,STABILIZED,True,OK
18:57:52.493,15.16,8900.0,19,FIX_DGPS,-0.0,-0.4,1.6,-7.5,STABILIZED,True,OK
18:57:52.593,15.16,8900.0,19,FIX_DGPS,-0.0,-0.4,1.6,-7.5,STABILIZED,True,OK
18:57:52.694,15.16,8900.0,19,FIX_DGPS,-0.0,-0.4,1.6,-7.5,STABILIZED,True,OK
18:57:52.795,15.16,8900.0,19,FIX_DGPS,-0.01,-0.4,1.6,-7.5,STABILIZED,True,OK
18:57:52.896,15.16,8900.0,19,FIX_DGPS,-0.01,-0.4,1.6,-7.5,STABILIZED,True,OK
18:57:52.996,15.16,8900.0,19,FIX_DGPS,-0.01,-0.4,1.6,-7.5,STABILIZED,True,OK
18:57:53.097,15.16,8900.0,19,FIX_DGPS,-0.01,-0.4,1.6,-7.5,STABILIZED,True,OK
18:57:53.197,15.16,8900.0,19,FIX_DGPS,-0.01,-0.4,1.6,-7.5,STABILIZED,True,OK
18:57:53.299,15.16,8900.0,19,FIX_DGPS,-0.01,-0.4,1.6,-7.5,STABILIZED,True,OK
18:57:53.399,15.16,8900.0,19,FIX_DGPS,-0.01,-0.4,1.6,-7.5,STABILIZED,True,OK
18:57:53.501,15.16,8900.0,19,FIX_DGPS,-0.01,-0.4,1.6,-7.5,STABILIZED,True,OK
18:57:53.601,15.16,8900.0,19,FIX_DGPS,-0.01,-0.4,1.6,-7.5,STABILIZED,True,OK
18:57:53.702,15.17,8900.0,19,FIX_DGPS,-0.02,-0.4,1.6,-7.5,STABILIZED,True,OK
18:57:53.801,15.17,8900.0,19,FIX_DGPS,-0.01,-0.4,1.6,-7.5,STABILIZED,True,OK
18:57:53.902,15.17,8900.0,19,FIX_DGPS,-0.01,-0.4,1.6,-7.5,STABILIZED,True,OK
18:57:54.002,15.17,8900.0,19,FIX_DGPS,-0.01,-0.4,1.6,-7.5,STABILIZED,True,OK
18:57:54.103,15.17,8900.0,19,FIX_DGPS,-0.01,-0.4,1.6,-7.5,STABILIZED,True,OK
18:57:54.203,15.17,8900.0,19,FIX_DGPS,-0.01,-0.4,1.6,-7.5,STABILIZED,True,OK
18:57:54.303,15.17,8900.0,19,FIX_DGPS,-0.01,-0.4,1.6,-7.5,STABILIZED,True,OK
18:57:54.404,15.17,8900.0,19,FIX_DGPS,-0.01,-0.4,1.6,-7.5,STABILIZED,True,OK
18:57:54.504,15.17,8900.0,19,FIX_DGPS,-0.01,-0.4,1.6,-7.5,STABILIZED,True,OK
18:57:54.605,15.17,8900.0,19,FIX_DGPS,-0.01,-0.4,1.6,-7.5,STABILIZED,True,OK
18:57:54.705,15.16,8800.0,19,FIX_DGPS,-0.01,-0.4,1.6,-7.6,STABILIZED,True,OK
18:57:54.805,15.16,8800.0,19,FIX_DGPS,-0.01,-0.4,1.6,-7.6,STABILIZED,True,OK
18:57:54.905,15.16,8800.0,19,FIX_DGPS,-0.01,-0.4,1.6,-7.6,STABILIZED,True,OK
18:57:55.007,15.16,8800.0,19,FIX_DGPS,-0.01,-0.4,1.6,-7.6,STABILIZED,True,OK
18:57:55.107,15.16,8800.0,19,FIX_DGPS,-0.01,-0.4,1.6,-7.6,STABILIZED,True,OK
18:57:55.208,15.16,8800.0,19,FIX_DGPS,-0.02,-0.4,1.6,-7.6,STABILIZED,True,OK
18:57:55.309,15.16,8800.0,19,FIX_DGPS,-0.02,-0.4,1.6,-7.6,STABILIZED,True,OK
18:57:55.410,15.16,8800.0,19,FIX_DGPS,-0.03,-0.4,1.6,-7.6,STABILIZED,True,OK
18:57:55.510,15.16,8800.0,19,FIX_DGPS,-0.03,-0.4,1.6,-7.6,STABILIZED,True,OK
18:57:55.610,15.16,8800.0,19,FIX_DGPS,-0.03,-0.4,1.6,-7.6,STABILIZED,True,OK
18:57:55.710,15.17,8800.0,19,FIX_DGPS,-0.03,-0.4,1.6,-7.6,OFFBOARD,True,OK
18:57:55.811,15.17,8800.0,19,FIX_DGPS,-0.04,-0.4,1.6,-7.6,OFFBOARD,True,OK
18:57:55.912,15.17,8800.0,19,FIX_DGPS,-0.04,-0.4,1.6,-7.6,OFFBOARD,True,OK
18:57:56.012,15.17,8800.0,19,FIX_DGPS,-0.04,-0.4,1.6,-7.6,OFFBOARD,True,OK
18:57:56.113,15.17,8800.0,19,FIX_DGPS,-0.04,-0.4,1.6,-7.6,OFFBOARD,True,OK
18:57:56.214,15.17,8800.0,19,FIX_DGPS,-0.04,-0.4,1.6,-7.6,OFFBOARD,True,OK
18:57:56.314,15.17,8800.0,19,FIX_DGPS,-0.04,-0.4,1.6,-7.6,OFFBOARD,True,OK
18:57:56.416,15.17,8800.0,19,FIX_DGPS,-0.04,-0.4,1.6,-7.6,OFFBOARD,True,OK
18:57:56.517,15.17,8800.0,19,FIX_DGPS,-0.03,-0.4,1.6,-7.6,OFFBOARD,True,OK
18:57:56.618,15.17,8800.0,19,FIX_DGPS,-0.03,-0.4,1.6,-7.6,OFFBOARD,True,OK
18:57:56.719,14.57,8800.0,19,FIX_DGPS,-0.02,-1.0,0.2,-7.1,OFFBOARD,True,OK
18:57:56.820,14.57,8800.0,19,FIX_DGPS,0.01,-1.0,0.2,-7.1,OFFBOARD,True,OK
18:57:56.921,14.57,8800.0,19,FIX_DGPS,0.01,-1.0,0.2,-7.1,OFFBOARD,True,OK
18:57:57.022,14.57,8800.0,19,FIX_DGPS,0.01,-1.0,0.2,-7.1,OFFBOARD,True,OK
18:57:57.123,14.57,8800.0,19,FIX_DGPS,0.01,-1.0,0.2,-7.1,OFFBOARD,True,OK
18:57:57.224,14.57,8800.0,19,FIX_DGPS,0.1,0.1,-0.4,-6.0,OFFBOARD,True,OK
18:57:57.324,14.57,8800.0,19,FIX_DGPS,0.2,0.5,-0.2,-5.1,OFFBOARD,True,OK
18:57:57.424,14.57,8800.0,19,FIX_DGPS,0.34,0.5,-0.2,-5.1,OFFBOARD,True,OK
18:57:57.525,14.57,8800.0,19,FIX_DGPS,0.34,0.5,-0.2,-5.1,OFFBOARD,True,OK
18:57:57.627,14.33,8800.0,19,FIX_DGPS,0.53,1.0,-0.6,-5.0,OFFBOARD,True,OK
18:57:57.729,14.33,8800.0,19,FIX_DGPS,0.53,0.5,-0.4,-4.8,OFFBOARD,True,OK
18:57:57.829,14.33,8800.0,19,FIX_DGPS,0.74,0.5,-0.4,-4.8,OFFBOARD,True,OK
18:57:57.930,14.33,8800.0,19,FIX_DGPS,0.74,0.5,-0.4,-4.8,OFFBOARD,True,OK
18:57:58.031,14.33,8800.0,19,FIX_DGPS,0.74,0.5,-0.4,-4.8,OFFBOARD,True,OK
18:57:58.132,14.33,8800.0,19,FIX_DGPS,0.96,0.8,0.3,-4.8,OFFBOARD,True,OK
18:57:58.233,14.33,8800.0,19,FIX_DGPS,1.18,0.8,0.3,-4.8,OFFBOARD,True,OK
18:57:58.332,14.33,8800.0,19,FIX_DGPS,1.18,1.0,0.8,-5.3,OFFBOARD,True,OK
18:57:58.433,14.33,8800.0,19,FIX_DGPS,1.36,1.0,0.8,-5.3,OFFBOARD,True,OK
18:57:58.534,14.33,8800.0,19,FIX_DGPS,1.36,1.0,0.8,-5.3,OFFBOARD,True,OK
18:57:58.634,14.33,8800.0,19,FIX_DGPS,1.36,1.0,0.8,-5.3,OFFBOARD,True,OK
18:57:58.735,14.33,8800.0,19,FIX_DGPS,1.36,1.0,0.8,-5.3,OFFBOARD,True,OK
18:57:58.835,14.43,8800.0,19,FIX_DGPS,1.65,1.2,0.9,-5.5,OFFBOARD,True,OK
18:57:58.935,14.43,8800.0,19,FIX_DGPS,1.65,1.2,0.9,-5.5,OFFBOARD,True,OK
18:57:59.036,14.43,8800.0,19,FIX_DGPS,1.65,1.2,0.9,-5.5,OFFBOARD,True,OK
18:57:59.136,14.43,8800.0,19,FIX_DGPS,1.76,1.4,0.6,-5.4,OFFBOARD,True,OK
18:57:59.236,14.43,8800.0,19,FIX_DGPS,1.86,1.4,0.3,-5.6,OFFBOARD,True,OK
18:57:59.336,14.43,8800.0,19,FIX_DGPS,1.86,1.4,0.3,-5.6,OFFBOARD,True,OK
18:57:59.437,14.43,8800.0,19,FIX_DGPS,1.86,1.4,0.3,-5.6,OFFBOARD,True,OK
18:57:59.537,14.43,8800.0,19,FIX_DGPS,1.94,1.4,0.3,-5.6,OFFBOARD,True,OK
18:57:59.637,14.47,8800.0,19,FIX_DGPS,1.99,1.0,0.4,-5.8,OFFBOARD,True,OK
18:57:59.737,14.47,8800.0,19,FIX_DGPS,1.99,1.0,0.4,-5.8,OFFBOARD,True,OK
18:57:59.838,14.47,8800.0,19,FIX_DGPS,2.01,0.6,0.4,-5.8,OFFBOARD,True,OK
18:57:59.938,14.47,8800.0,19,FIX_DGPS,2.01,0.6,0.4,-5.8,OFFBOARD,True,OK
18:58:00.039,14.47,8800.0,19,FIX_DGPS,2.01,0.6,0.4,-5.8,OFFBOARD,True,OK
18:58:00.139,14.47,8800.0,19,FIX_DGPS,2.01,0.6,0.4,-5.8,OFFBOARD,True,OK
18:58:00.239,14.47,8800.0,19,FIX_DGPS,2.0,0.4,0.3,-5.8,OFFBOARD,True,OK
18:58:00.341,14.47,8800.0,19,FIX_DGPS,1.99,0.4,0.2,-5.7,OFFBOARD,True,OK
18:58:00.442,14.47,8800.0,19,FIX_DGPS,1.97,0.4,0.2,-5.7,OFFBOARD,True,OK
18:58:00.542,14.47,8800.0,19,FIX_DGPS,1.97,0.4,0.2,-5.7,OFFBOARD,True,OK
18:58:00.643,14.36,8800.0,19,FIX_DGPS,1.96,0.7,0.3,-5.7,OFFBOARD,True,OK
18:58:00.744,14.36,8800.0,19,FIX_DGPS,1.96,1.2,0.4,-5.9,OFFBOARD,True,OK
18:58:00.845,14.36,8800.0,19,FIX_DGPS,1.95,1.2,0.4,-5.9,OFFBOARD,True,OK
18:58:00.945,14.36,8800.0,19,FIX_DGPS,1.95,1.2,0.4,-5.9,OFFBOARD,True,OK
18:58:01.046,14.36,8800.0,19,FIX_DGPS,1.95,1.2,0.4,-5.9,OFFBOARD,True,OK
18:58:01.146,14.36,8800.0,19,FIX_DGPS,1.95,1.1,0.4,-6.0,OFFBOARD,True,OK
18:58:01.248,14.36,8800.0,19,FIX_DGPS,1.96,0.5,0.5,-6.0,OFFBOARD,True,OK
18:58:01.348,14.36,8800.0,19,FIX_DGPS,1.96,0.5,0.5,-6.0,OFFBOARD,True,OK
18:58:01.451,14.36,8800.0,19,FIX_DGPS,1.97,0.5,0.5,-6.0,OFFBOARD,True,OK
18:58:01.550,14.36,8800.0,19,FIX_DGPS,1.97,0.5,0.5,-6.0,OFFBOARD,True,OK
18:58:01.651,14.36,8800.0,19,FIX_DGPS,1.97,0.5,0.5,-6.0,OFFBOARD,True,OK
18:58:01.751,14.36,8800.0,19,FIX_DGPS,1.97,0.6,0.8,-6.5,OFFBOARD,True,OK
18:58:01.852,14.36,8800.0,19,FIX_DGPS,1.98,0.6,0.8,-6.5,OFFBOARD,True,OK
18:58:01.952,14.36,8800.0,19,FIX_DGPS,1.98,0.6,0.8,-6.5,OFFBOARD,True,OK
18:58:02.054,14.36,8800.0,19,FIX_DGPS,1.98,0.6,0.8,-6.5,OFFBOARD,True,OK
18:58:02.155,14.36,8800.0,19,FIX_DGPS,1.98,0.6,0.8,-6.5,OFFBOARD,True,OK
18:58:02.255,14.36,8800.0,19,FIX_DGPS,1.89,1.5,8.2,-3.1,OFFBOARD,True,OK
18:58:02.356,14.36,8800.0,19,FIX_DGPS,1.89,3.3,9.1,1.1,OFFBOARD,True,OK
18:58:02.456,14.36,8800.0,19,FIX_DGPS,1.89,3.3,9.1,1.1,OFFBOARD,True,OK
18:58:02.557,14.36,8800.0,19,FIX_DGPS,1.89,3.3,9.1,1.1,OFFBOARD,True,OK
18:58:02.658,14.21,8800.0,19,FIX_DGPS,1.76,3.2,-0.6,2.9,OFFBOARD,True,OK
18:58:02.759,14.21,8800.0,19,FIX_DGPS,1.76,1.0,-9.2,3.2,OFFBOARD,True,OK
18:58:02.860,14.21,8800.0,19,FIX_DGPS,1.78,1.0,-9.2,3.2,OFFBOARD,True,OK
18:58:02.962,14.21,8800.0,19,FIX_DGPS,1.78,1.0,-9.2,3.2,OFFBOARD,True,OK
18:58:03.063,14.21,8800.0,19,FIX_DGPS,1.78,1.0,-9.2,3.2,OFFBOARD,True,OK
18:58:03.164,14.21,8800.0,19,FIX_DGPS,1.94,-0.7,-7.5,3.1,OFFBOARD,True,OK
18:58:03.264,14.21,8800.0,19,FIX_DGPS,1.94,-0.7,-7.5,3.1,OFFBOARD,True,OK
18:58:03.365,14.21,8800.0,19,FIX_DGPS,1.94,-0.1,-2.4,2.3,OFFBOARD,True,OK
18:58:03.466,14.21,8800.0,19,FIX_DGPS,2.07,-0.1,-2.4,2.3,OFFBOARD,True,OK
18:58:03.567,14.21,8800.0,19,FIX_DGPS,2.07,-0.1,-2.4,2.3,OFFBOARD,True,OK
18:58:03.668,14.21,8800.0,19,FIX_DGPS,2.07,-0.1,-2.4,2.3,OFFBOARD,True,OK
18:58:03.768,14.21,8800.0,19,FIX_DGPS,2.07,-0.1,-2.4,2.3,OFFBOARD,True,OK
18:58:03.869,14.25,8800.0,19,FIX_DGPS,2.39,0.7,1.8,1.3,OFFBOARD,True,OK
18:58:03.969,14.25,8800.0,19,FIX_DGPS,2.39,0.7,1.8,1.3,OFFBOARD,True,OK
18:58:04.070,14.25,8800.0,19,FIX_DGPS,2.39,0.7,1.8,1.3,OFFBOARD,True,OK
18:58:04.170,14.25,8800.0,19,FIX_DGPS,2.39,0.7,1.8,1.3,OFFBOARD,True,OK
18:58:04.270,14.25,8800.0,19,FIX_DGPS,2.66,0.9,1.4,2.0,OFFBOARD,True,OK
18:58:04.371,14.25,8800.0,19,FIX_DGPS,2.66,0.9,1.4,2.0,OFFBOARD,True,OK
18:58:04.471,14.25,8800.0,19,FIX_DGPS,2.76,0.9,1.4,2.0,OFFBOARD,True,OK
18:58:04.572,14.25,8800.0,19,FIX_DGPS,2.76,0.9,1.4,2.0,OFFBOARD,True,OK
18:58:04.673,14.25,8800.0,19,FIX_DGPS,2.76,0.9,1.4,2.0,OFFBOARD,True,OK
18:58:04.774,14.39,8700.0,19,FIX_DGPS,2.84,1.2,1.4,1.9,OFFBOARD,True,OK
18:58:04.874,14.39,8700.0,19,FIX_DGPS,2.88,1.2,1.4,1.9,OFFBOARD,True,OK
18:58:04.975,14.39,8700.0,19,FIX_DGPS,2.88,1.2,1.4,1.9,OFFBOARD,True,OK
18:58:05.075,14.39,8700.0,19,FIX_DGPS,2.88,1.2,1.4,1.9,OFFBOARD,True,OK
18:58:05.176,14.39,8700.0,19,FIX_DGPS,2.88,1.2,1.4,1.9,OFFBOARD,True,OK
18:58:05.276,14.39,8700.0,19,FIX_DGPS,2.87,0.6,0.7,0.4,OFFBOARD,True,OK
18:58:05.376,14.39,8700.0,19,FIX_DGPS,2.87,0.6,0.7,0.4,OFFBOARD,True,OK
18:58:05.477,14.39,8700.0,19,FIX_DGPS,2.86,0.6,0.7,0.4,OFFBOARD,True,OK
18:58:05.577,14.39,8700.0,19,FIX_DGPS,2.86,0.6,0.7,0.4,OFFBOARD,True,OK
18:58:05.677,14.29,8700.0,19,FIX_DGPS,2.84,0.7,0.4,0.7,OFFBOARD,True,OK
18:58:05.778,14.29,8700.0,19,FIX_DGPS,2.84,0.7,0.4,0.7,OFFBOARD,True,OK
18:58:05.877,14.29,8700.0,19,FIX_DGPS,2.84,0.9,0.4,1.1,OFFBOARD,True,OK
18:58:05.977,14.29,8700.0,19,FIX_DGPS,2.84,0.9,0.4,1.1,OFFBOARD,True,OK
18:58:06.078,14.29,8700.0,19,FIX_DGPS,2.84,0.9,0.4,1.1,OFFBOARD,True,OK
18:58:06.177,14.29,8700.0,19,FIX_DGPS,2.84,0.9,0.4,1.1,OFFBOARD,True,OK
18:58:06.277,14.29,8700.0,19,FIX_DGPS,2.84,0.9,0.4,1.1,OFFBOARD,True,OK
18:58:06.378,14.29,8700.0,19,FIX_DGPS,2.84,1.2,0.5,1.4,OFFBOARD,True,OK
18:58:06.478,14.29,8700.0,19,FIX_DGPS,2.84,1.2,0.5,1.4,OFFBOARD,True,OK
18:58:06.579,14.29,8700.0,19,FIX_DGPS,2.84,1.2,0.5,1.4,OFFBOARD,True,OK
18:58:06.678,14.29,8700.0,19,FIX_DGPS,2.84,1.0,0.6,1.2,OFFBOARD,True,OK
18:58:06.778,14.28,8700.0,19,FIX_DGPS,2.85,1.0,0.7,0.7,OFFBOARD,True,OK
18:58:06.879,14.28,8700.0,19,FIX_DGPS,2.86,1.0,0.7,0.7,OFFBOARD,True,OK
18:58:06.979,14.28,8700.0,19,FIX_DGPS,2.86,1.0,0.7,0.7,OFFBOARD,True,OK
18:58:07.080,14.28,8700.0,19,FIX_DGPS,2.86,1.0,0.7,0.7,OFFBOARD,True,OK
18:58:07.181,14.28,8700.0,19,FIX_DGPS,2.87,1.0,0.7,0.4,OFFBOARD,True,OK
18:58:07.282,14.28,8700.0,19,FIX_DGPS,2.87,1.4,0.5,0.4,OFFBOARD,True,OK
18:58:07.381,14.28,8700.0,19,FIX_DGPS,2.87,1.4,0.5,0.4,OFFBOARD,True,OK
18:58:07.482,14.28,8700.0,19,FIX_DGPS,2.87,1.4,0.5,0.4,OFFBOARD,True,OK
18:58:07.583,14.28,8700.0,19,FIX_DGPS,2.87,1.4,0.5,0.4,OFFBOARD,True,OK
18:58:07.683,14.28,8700.0,19,FIX_DGPS,2.87,1.4,0.5,0.4,OFFBOARD,True,OK
18:58:07.783,14.28,8700.0,19,FIX_DGPS,2.87,1.4,0.5,0.4,OFFBOARD,True,OK
18:58:07.884,14.27,8700.0,19,FIX_DGPS,2.88,1.2,0.4,1.1,OFFBOARD,True,OK
18:58:07.985,14.27,8700.0,19,FIX_DGPS,2.87,1.2,0.4,1.1,OFFBOARD,True,OK
18:58:08.085,14.27,8700.0,19,FIX_DGPS,2.87,1.2,0.4,1.1,OFFBOARD,True,OK
18:58:08.186,14.27,8700.0,19,FIX_DGPS,2.87,1.2,0.4,1.1,OFFBOARD,True,OK
18:58:08.287,14.27,8700.0,19,FIX_DGPS,2.86,1.9,0.5,0.7,OFFBOARD,True,OK
18:58:08.388,14.27,8700.0,19,FIX_DGPS,2.86,1.9,0.5,0.7,OFFBOARD,True,OK
18:58:08.489,14.27,8700.0,19,FIX_DGPS,2.85,1.9,0.5,0.7,OFFBOARD,True,OK
18:58:08.590,14.27,8700.0,19,FIX_DGPS,2.85,1.9,0.5,0.7,OFFBOARD,True,OK
18:58:08.690,14.27,8700.0,19,FIX_DGPS,2.85,1.9,0.6,0.5,OFFBOARD,True,OK
18:58:08.791,14.27,8700.0,19,FIX_DGPS,2.85,1.6,0.4,0.7,OFFBOARD,True,OK
18:58:08.891,14.27,8700.0,19,FIX_DGPS,2.85,1.6,0.4,0.7,OFFBOARD,True,OK
18:58:08.992,14.27,8700.0,19,FIX_DGPS,2.85,1.6,0.4,0.7,OFFBOARD,True,OK
18:58:09.093,14.27,8700.0,19,FIX_DGPS,2.85,1.6,0.4,0.7,OFFBOARD,True,OK
18:58:09.193,14.27,8700.0,19,FIX_DGPS,2.85,1.6,0.4,0.7,OFFBOARD,True,OK
18:58:09.293,14.27,8700.0,19,FIX_DGPS,2.86,0.9,0.5,1.4,OFFBOARD,True,OK
18:58:09.395,14.27,8700.0,19,FIX_DGPS,2.85,0.9,0.5,1.4,OFFBOARD,True,OK
18:58:09.495,14.27,8700.0,19,FIX_DGPS,2.85,0.9,0.5,1.4,OFFBOARD,True,OK
18:58:09.595,14.27,8700.0,19,FIX_DGPS,2.85,0.9,0.5,1.4,OFFBOARD,True,OK
18:58:09.697,14.27,8700.0,19,FIX_DGPS,2.85,1.3,0.5,1.1,OFFBOARD,True,OK
18:58:09.796,14.27,8700.0,19,FIX_DGPS,2.85,1.5,0.4,0.6,OFFBOARD,True,OK
18:58:09.896,14.27,8700.0,19,FIX_DGPS,2.85,1.5,0.4,0.6,HOLD,True,OK
18:58:09.997,14.27,8700.0,19,FIX_DGPS,2.85,1.5,0.4,0.6,HOLD,True,OK
18:58:10.098,14.27,8700.0,19,FIX_DGPS,2.85,1.5,0.4,0.6,HOLD,True,OK
18:58:10.199,14.27,8700.0,19,FIX_DGPS,2.83,1.1,0.3,0.7,LAND,True,OK
18:58:10.300,14.27,8700.0,19,FIX_DGPS,2.83,1.1,0.3,0.7,LAND,True,OK
18:58:10.401,14.27,8700.0,19,FIX_DGPS,2.83,1.2,0.6,0.8,LAND,True,OK
18:58:10.502,14.27,8700.0,19,FIX_DGPS,2.77,1.2,0.6,0.8,LAND,True,OK
18:58:10.603,14.27,8700.0,19,FIX_DGPS,2.77,1.2,0.6,0.8,LAND,True,OK
18:58:10.703,14.27,8700.0,19,FIX_DGPS,2.77,1.2,0.6,0.8,LAND,True,OK
18:58:10.804,14.27,8700.0,19,FIX_DGPS,2.77,1.0,0.7,0.4,LAND,True,OK
18:58:10.903,14.27,8700.0,19,FIX_DGPS,2.54,1.1,0.3,0.2,LAND,True,OK
18:58:11.004,14.27,8700.0,19,FIX_DGPS,2.54,1.1,0.3,0.2,LAND,True,OK
18:58:11.105,14.27,8700.0,19,FIX_DGPS,2.54,1.1,0.3,0.2,LAND,True,OK
18:58:11.205,14.27,8700.0,19,FIX_DGPS,2.54,1.1,0.3,0.2,LAND,True,OK
18:58:11.305,14.27,8700.0,19,FIX_DGPS,2.33,1.2,0.5,0.1,LAND,True,OK
18:58:11.406,14.27,8700.0,19,FIX_DGPS,2.33,1.2,0.5,0.1,LAND,True,OK
18:58:11.507,14.27,8700.0,19,FIX_DGPS,2.33,1.2,0.5,0.1,LAND,True,OK
18:58:11.607,14.27,8700.0,19,FIX_DGPS,2.24,1.2,0.5,0.1,LAND,True,OK
18:58:11.707,14.28,8700.0,19,FIX_DGPS,2.18,1.0,0.5,0.4,LAND,True,OK
18:58:11.808,14.28,8700.0,19,FIX_DGPS,2.18,1.0,0.5,0.4,LAND,True,OK
18:58:11.910,14.28,8700.0,19,FIX_DGPS,2.1,0.7,0.5,0.6,LAND,True,OK
18:58:12.011,14.28,8700.0,19,FIX_DGPS,2.1,0.7,0.5,0.6,LAND,True,OK
18:58:12.111,14.28,8700.0,19,FIX_DGPS,2.1,0.7,0.5,0.6,LAND,True,OK
18:58:12.212,14.28,8700.0,19,FIX_DGPS,2.01,0.5,0.5,0.5,LAND,True,OK
18:58:12.313,14.28,8700.0,19,FIX_DGPS,1.9,0.7,0.2,0.1,LAND,True,OK
18:58:12.414,14.28,8700.0,19,FIX_DGPS,1.77,0.7,0.2,0.1,LAND,True,OK
18:58:12.514,14.28,8700.0,19,FIX_DGPS,1.77,0.7,0.2,0.1,LAND,True,OK
18:58:12.615,14.28,8700.0,19,FIX_DGPS,1.77,0.7,0.2,0.1,LAND,True,OK
18:58:12.716,14.24,8600.0,19,FIX_DGPS,1.63,0.8,-0.0,-0.4,LAND,True,OK
18:58:12.817,14.24,8600.0,19,FIX_DGPS,1.63,0.5,0.1,-0.6,LAND,True,OK
18:58:12.918,14.24,8600.0,19,FIX_DGPS,1.51,0.5,0.1,-0.6,LAND,True,OK
18:58:13.019,14.24,8600.0,19,FIX_DGPS,1.51,0.5,0.1,-0.6,LAND,True,OK
18:58:13.118,14.24,8600.0,19,FIX_DGPS,1.4,0.3,0.5,-0.4,LAND,True,OK
18:58:13.219,14.24,8600.0,19,FIX_DGPS,1.29,0.3,0.5,-0.4,LAND,True,OK
18:58:13.320,14.24,8600.0,19,FIX_DGPS,1.29,0.3,0.5,-0.4,LAND,True,OK
18:58:13.420,14.24,8600.0,19,FIX_DGPS,1.29,0.3,0.5,0.1,LAND,True,OK
18:58:13.521,14.24,8600.0,19,FIX_DGPS,1.18,0.3,0.5,0.1,LAND,True,OK
18:58:13.621,14.24,8600.0,19,FIX_DGPS,1.18,0.3,0.5,0.1,LAND,True,OK
18:58:13.722,14.24,8600.0,19,FIX_DGPS,1.18,0.3,0.5,0.1,LAND,True,OK
18:58:13.823,14.23,8600.0,19,FIX_DGPS,1.08,0.3,0.4,0.3,LAND,True,OK
18:58:13.924,14.23,8600.0,19,FIX_DGPS,0.99,0.3,0.6,0.4,LAND,True,OK
18:58:14.025,14.23,8600.0,19,FIX_DGPS,0.99,0.3,0.6,0.4,LAND,True,OK
18:58:14.125,14.23,8600.0,19,FIX_DGPS,0.99,0.3,0.6,0.4,LAND,True,OK
18:58:14.227,14.23,8600.0,19,FIX_DGPS,0.99,0.3,0.6,0.4,LAND,True,OK
18:58:14.328,14.23,8600.0,19,FIX_DGPS,0.82,0.1,0.4,0.2,LAND,True,OK
18:58:14.428,14.23,8600.0,19,FIX_DGPS,0.82,0.1,0.4,0.2,LAND,True,OK
18:58:14.529,14.23,8600.0,19,FIX_DGPS,0.74,0.1,0.4,0.2,LAND,True,OK
18:58:14.630,14.23,8600.0,19,FIX_DGPS,0.74,0.1,0.4,0.2,LAND,True,OK
18:58:14.730,14.26,8600.0,19,FIX_DGPS,0.64,0.2,0.1,0.3,LAND,True,OK
18:58:14.830,14.26,8600.0,19,FIX_DGPS,0.64,0.2,0.1,0.3,LAND,True,OK
18:58:14.931,14.26,8600.0,19,FIX_DGPS,0.54,0.1,0.2,-0.1,LAND,True,OK
18:58:15.031,14.26,8600.0,19,FIX_DGPS,0.54,0.1,0.2,-0.1,LAND,True,OK
18:58:15.132,14.26,8600.0,19,FIX_DGPS,0.54,0.1,0.2,-0.1,LAND,True,OK
18:58:15.232,14.26,8600.0,19,FIX_DGPS,0.44,0.5,0.4,-0.3,LAND,True,OK
18:58:15.332,14.26,8600.0,19,FIX_DGPS,0.33,0.7,0.3,0.1,LAND,True,OK
18:58:15.432,14.26,8600.0,19,FIX_DGPS,0.24,0.7,0.3,0.1,LAND,True,OK
18:58:15.533,14.26,8600.0,19,FIX_DGPS,0.24,0.7,0.3,0.1,LAND,True,OK
18:58:15.633,14.26,8600.0,19,FIX_DGPS,0.24,0.7,0.3,0.1,LAND,True,OK
18:58:15.734,14.87,8600.0,19,FIX_DGPS,0.06,0.8,-0.3,1.2,LAND,True,OK
18:58:15.836,14.87,8600.0,19,FIX_DGPS,0.06,1.8,-2.2,3.0,LAND,True,OK
18:58:15.938,14.87,8600.0,19,FIX_DGPS,-0.2,1.8,-2.2,3.0,LAND,True,OK
18:58:16.038,14.87,8600.0,19,FIX_DGPS,-0.2,1.8,-2.2,3.0,LAND,True,OK
18:58:16.139,14.87,8600.0,19,FIX_DGPS,-0.31,-67.9,5.5,-6.3,LAND,False,OK
18:58:16.240,14.87,8600.0,19,FIX_DGPS,-0.37,-67.9,5.5,-6.3,LAND,False,OK
18:58:16.340,14.87,8600.0,19,FIX_DGPS,-0.37,-65.3,-2.8,-2.3,LAND,False,OK
18:58:16.441,14.87,8600.0,19,FIX_DGPS,-0.38,-65.3,-2.8,-2.3,LAND,False,OK
18:58:16.542,14.87,8600.0,19,FIX_DGPS,-0.38,-65.3,-2.8,-2.3,LAND,False,OK
18:58:16.642,14.87,8600.0,19,FIX_DGPS,-0.38,-65.3,-2.8,-2.3,LAND,False,OK
18:58:16.743,14.87,8600.0,19,FIX_DGPS,-0.38,-65.3,-2.8,-2.3,LAND,False,OK
18:58:16.844,14.87,8600.0,19,FIX_DGPS,-0.38,-65.3,-2.8,-2.3,LAND,False,OK
18:58:16.944,14.94,8600.0,19,FIX_DGPS,-0.44,-65.8,-1.0,-0.9,LAND,False,OK
18:58:17.044,14.94,8600.0,19,FIX_DGPS,-0.44,-65.8,-1.0,-0.9,LAND,False,OK
18:58:17.145,14.94,8600.0,19,FIX_DGPS,-0.44,-65.8,-1.0,-0.9,LAND,False,OK
18:58:17.246,14.94,8600.0,19,FIX_DGPS,-0.44,-65.8,-1.0,-0.9,LAND,False,OK
18:58:17.346,14.94,8600.0,19,FIX_DGPS,-0.48,-65.8,-1.0,-1.1,LAND,False,Safety/Arming
18:58:17.447,14.94,8600.0,19,FIX_DGPS,-0.52,-65.7,-1.0,-1.1,LAND,False,Safety/Arming
18:58:17.548,14.94,8600.0,19,FIX_DGPS,-0.55,-65.7,-1.0,-1.1,LAND,False,Safety/Arming
18:58:17.648,14.94,8600.0,19,FIX_DGPS,-0.55,-65.7,-1.0,-1.1,LAND,False,Safety/Arming
18:58:17.749,15.04,8600.0,19,FIX_DGPS,-0.58,-65.7,-1.0,-1.1,LAND,False,Safety/Arming
18:58:17.850,15.04,8600.0,19,FIX_DGPS,-0.62,-65.7,-1.0,-1.1,LAND,False,Safety/Arming
18:58:17.950,15.04,8600.0,19,FIX_DGPS,-0.62,-65.7,-1.0,-1.1,LAND,False,Safety/Arming
18:58:18.051,15.04,8600.0,19,FIX_DGPS,-0.62,-65.7,-1.0,-1.1,LAND,False,Safety/Arming
18:58:18.151,15.04,8600.0,19,FIX_DGPS,-0.62,-65.7,-1.0,-1.1,LAND,False,Safety/Arming
18:58:18.251,15.04,8600.0,19,FIX_DGPS,-0.65,-65.6,-1.0,-1.1,LAND,False,Safety/Arming
18:58:18.352,15.04,8600.0,19,FIX_DGPS,-0.69,-65.6,-1.0,-1.1,LAND,False,Safety/Arming
18:58:18.453,15.04,8600.0,19,FIX_DGPS,-0.72,-65.6,-1.0,-1.1,LAND,False,Safety/Arming
18:58:18.555,15.04,8600.0,19,FIX_DGPS,-0.72,-65.6,-1.0,-1.1,LAND,False,Safety/Arming
18:58:18.657,15.04,8600.0,19,FIX_DGPS,-0.72,-65.6,-1.0,-1.1,LAND,False,Safety/Arming
18:58:18.759,15.05,8600.0,19,FIX_DGPS,-0.74,-65.6,-1.0,-1.1,LAND,False,Safety/Arming
18:58:18.860,15.05,8600.0,19,FIX_DGPS,-0.76,-65.6,-1.0,-1.1,LAND,False,Safety/Arming
18:58:18.960,15.05,8600.0,19,FIX_DGPS,-0.76,-65.6,-1.0,-1.1,LAND,False,Safety/Arming
18:58:19.062,15.05,8600.0,19,FIX_DGPS,-0.76,-65.6,-1.0,-1.1,LAND,False,Safety/Arming
18:58:19.163,15.05,8600.0,19,FIX_DGPS,-0.76,-65.6,-1.0,-1.1,LAND,False,Safety/Arming
18:58:19.264,15.05,8600.0,19,FIX_DGPS,-0.77,-65.6,-1.0,-1.1,LAND,False,Safety/Arming
18:58:19.364,15.05,8600.0,19,FIX_DGPS,-0.77,-65.6,-1.0,-1.1,LAND,False,Safety/Arming
18:58:19.465,15.05,8600.0,19,FIX_DGPS,-0.78,-65.6,-1.0,-1.1,LAND,False,Safety/Arming
18:58:19.565,15.05,8600.0,19,FIX_DGPS,-0.78,-65.6,-1.0,-1.1,LAND,False,Safety/Arming
18:58:19.666,15.05,8600.0,19,FIX_DGPS,-0.78,-65.6,-1.0,-1.1,LAND,False,Safety/Arming
18:58:19.766,15.05,8600.0,19,FIX_DGPS,-0.78,-65.6,-1.0,-1.1,LAND,False,Safety/Arming
18:58:19.867,15.08,8600.0,19,FIX_DGPS,-0.77,-65.6,-1.0,-1.2,LAND,False,Safety/Arming
18:58:19.967,15.08,8600.0,19,FIX_DGPS,-0.77,-65.6,-1.0,-1.2,LAND,False,Safety/Arming
18:58:20.068,15.08,8600.0,19,FIX_DGPS,-0.77,-65.6,-1.0,-1.2,LAND,False,Safety/Arming
18:58:20.168,15.08,8600.0,19,FIX_DGPS,-0.77,-65.6,-1.0,-1.2,LAND,False,Safety/Arming
18:58:20.271,15.08,8600.0,19,FIX_DGPS,-0.76,-65.7,-1.0,-1.1,LAND,False,Safety/Arming
18:58:20.371,15.08,8600.0,19,FIX_DGPS,-0.76,-65.7,-1.0,-1.1,LAND,False,Safety/Arming
18:58:20.472,15.08,8600.0,19,FIX_DGPS,-0.76,-65.7,-1.0,-1.1,LAND,False,Safety/Arming
18:58:20.573,15.08,8600.0,19,FIX_DGPS,-0.75,-65.7,-1.0,-1.1,LAND,False,Safety/Arming
18:58:20.673,15.1,8600.0,19,FIX_DGPS,-0.74,-65.7,-1.0,-1.1,LAND,False,Safety/Arming
18:58:20.773,15.1,8600.0,19,FIX_DGPS,-0.74,-65.7,-1.0,-1.1,LAND,False,Safety/Arming
18:58:20.874,15.1,8600.0,19,FIX_DGPS,-0.73,-65.7,-1.0,-1.1,LAND,False,Safety/Arming
18:58:20.974,15.1,8600.0,19,FIX_DGPS,-0.73,-65.7,-1.0,-1.1,LAND,False,Safety/Arming
18:58:21.075,15.1,8600.0,19,FIX_DGPS,-0.73,-65.7,-1.0,-1.1,LAND,False,Safety/Arming
18:58:21.177,15.1,8600.0,19,FIX_DGPS,-0.73,-65.7,-1.0,-1.1,LAND,False,Safety/Arming
18:58:21.278,15.1,8600.0,19,FIX_DGPS,-0.72,-65.7,-1.0,-1.1,LAND,False,Safety/Arming
18:58:21.379,15.1,8600.0,19,FIX_DGPS,-0.71,-65.7,-1.0,-1.1,LAND,False,Safety/Arming
18:58:21.480,15.1,8600.0,19,FIX_DGPS,-0.69,-65.7,-1.0,-1.1,LAND,False,Safety/Arming
18:58:21.581,15.1,8600.0,19,FIX_DGPS,-0.69,-65.7,-1.0,-1.1,LAND,False,Safety/Arming
18:58:21.682,15.11,8600.0,19,FIX_DGPS,-0.67,-65.7,-1.0,-1.1,LAND,False,Safety/Arming
18:58:21.784,15.11,8600.0,19,FIX_DGPS,-0.67,-65.8,-1.0,-1.1,LAND,False,Safety/Arming
18:58:21.885,15.11,8600.0,19,FIX_DGPS,-0.64,-65.8,-1.0,-1.1,LAND,False,Safety/Arming
18:58:21.986,15.11,8600.0,19,FIX_DGPS,-0.64,-65.8,-1.0,-1.1,LAND,False,Safety/Arming
18:58:22.087,15.11,8600.0,19,FIX_DGPS,-0.64,-65.8,-1.0,-1.1,LAND,False,Safety/Arming
18:58:22.188,15.11,8600.0,19,FIX_DGPS,-0.62,-65.8,-1.0,-1.1,LAND,False,Safety/Arming
18:58:22.288,15.11,8600.0,19,FIX_DGPS,-0.6,-65.8,-1.0,-1.1,LAND,False,Safety/Arming
18:58:22.389,15.11,8600.0,19,FIX_DGPS,-0.6,-65.8,-1.0,-1.1,LAND,False,Safety/Arming
18:58:22.490,15.11,8600.0,19,FIX_DGPS,-0.57,-65.8,-1.0,-1.1,LAND,False,Safety/Arming
18:58:22.590,15.11,8600.0,19,FIX_DGPS,-0.57,-65.8,-1.0,-1.1,LAND,False,Safety/Arming
18:58:22.691,15.11,8600.0,19,FIX_DGPS,-0.57,-65.8,-1.0,-1.1,LAND,False,Safety/Arming
18:58:22.791,15.11,8600.0,19,FIX_DGPS,-0.57,-65.8,-0.9,-1.1,LAND,False,Safety/Arming
18:58:22.892,15.12,8600.0,19,FIX_DGPS,-0.53,-65.8,-1.0,-1.0,LAND,False,Safety/Arming
18:58:22.992,15.12,8600.0,19,FIX_DGPS,-0.53,-65.8,-1.0,-1.0,LAND,False,Safety/Arming
18:58:23.093,15.12,8600.0,19,FIX_DGPS,-0.53,-65.8,-1.0,-1.0,LAND,False,Safety/Arming
18:58:23.194,15.12,8600.0,19,FIX_DGPS,-0.53,-65.8,-1.0,-1.0,LAND,False,Safety/Arming
18:58:23.294,15.12,8600.0,18,FIX_DGPS,-0.43,-26.2,-0.4,-0.4,LAND,False,Safety/Arming
18:58:23.395,15.12,8600.0,18,FIX_DGPS,-0.43,-26.2,-0.4,-0.4,LAND,False,Safety/Arming
18:58:23.495,15.12,8600.0,18,FIX_DGPS,-0.43,-26.2,-0.4,-0.4,LAND,False,Safety/Arming
18:58:23.597,15.12,8600.0,18,FIX_DGPS,-0.41,-26.2,-0.4,-0.4,LAND,False,Safety/Arming
18:58:23.697,15.13,8600.0,18,FIX_DGPS,-0.39,-4.1,-0.3,0.9,LAND,False,Safety/Arming
18:58:23.798,15.13,8600.0,18,FIX_DGPS,-0.39,-4.1,-0.3,0.9,LAND,False,Safety/Arming
18:58:23.898,15.13,8600.0,18,FIX_DGPS,-0.36,-0.5,0.4,0.4,LAND,False,Safety/Arming
18:58:23.999,15.13,8600.0,18,FIX_DGPS,-0.36,-0.5,0.4,0.4,LAND,False,Safety/Arming
18:58:24.100,15.13,8600.0,18,FIX_DGPS,-0.36,-0.5,0.4,0.4,LAND,False,Safety/Arming
18:58:24.201,15.13,8600.0,16,FIX_DGPS,-0.33,-0.5,0.3,0.4,LAND,False,Safety/Arming
18:58:24.302,15.13,8600.0,16,FIX_DGPS,-0.29,-0.5,0.3,0.4,LAND,False,Safety/Arming
18:58:24.404,15.13,8600.0,16,FIX_DGPS,-0.26,-0.5,0.3,0.4,LAND,False,Safety/Arming
18:58:24.504,15.13,8600.0,16,FIX_DGPS,-0.26,-0.5,0.3,0.4,LAND,False,Safety/Arming
18:58:24.606,15.13,8600.0,16,FIX_DGPS,-0.26,-0.5,0.3,0.4,LAND,False,Safety/Arming
18:58:24.705,15.13,8600.0,16,FIX_DGPS,-0.23,-0.5,0.3,0.3,LAND,False,Safety/Arming
18:58:24.806,15.13,8600.0,16,FIX_DGPS,-0.23,-0.5,0.3,0.3,LAND,False,Safety/Arming
18:58:24.908,15.13,8600.0,16,FIX_DGPS,-0.21,-0.5,0.3,0.3,LAND,False,Safety/Arming
18:58:25.008,15.13,8600.0,16,FIX_DGPS,-0.21,-0.5,0.3,0.3,LAND,False,Safety/Arming
18:58:25.109,15.13,8600.0,16,FIX_DGPS,-0.21,-0.5,0.3,0.3,LAND,False,Safety/Arming
18:58:25.210,15.13,8600.0,16,FIX_DGPS,-0.21,-0.5,0.3,0.3,LAND,False,Safety/Arming
18:58:25.310,15.13,8600.0,19,FIX_DGPS,-0.16,17.5,4.2,6.8,LAND,False,Safety/Arming
18:58:25.410,15.13,8600.0,19,FIX_DGPS,-0.16,17.5,4.2,6.8,LAND,False,Safety/Arming
18:58:25.513,15.13,8600.0,19,FIX_DGPS,-0.06,17.5,4.2,6.8,LAND,False,Safety/Arming
18:58:25.614,15.13,8600.0,19,FIX_DGPS,-0.06,17.5,4.2,6.8,LAND,False,Safety/Arming
18:58:25.714,15.13,8600.0,18,FIX_DGPS,0.13,13.6,6.0,11.5,LAND,False,Safety/Arming
18:58:25.815,15.13,8600.0,18,FIX_DGPS,0.34,18.8,4.3,14.1,LAND,False,Safety/Arming
18:58:25.915,15.13,8600.0,18,FIX_DGPS,0.34,18.8,4.3,14.1,LAND,False,Safety/Arming
18:58:26.016,15.13,8600.0,18,FIX_DGPS,0.34,18.8,4.3,14.1,LAND,False,Safety/Arming
18:58:26.117,15.13,8600.0,19,FIX_DGPS,0.34,18.8,4.3,14.1,LAND,False,Safety/Arming
18:58:26.217,15.13,8600.0,19,FIX_DGPS,0.5,24.7,-3.9,46.6,LAND,False,Safety/Arming
18:58:26.318,15.13,8600.0,19,FIX_DGPS,0.61,23.3,-4.7,82.5,LAND,False,Safety/Arming
18:58:26.418,15.13,8600.0,19,FIX_DGPS,0.61,23.3,-4.7,82.5,LAND,False,Safety/Arming
18:58:26.519,15.13,8600.0,19,FIX_DGPS,0.61,23.3,-4.7,82.5,LAND,False,Safety/Arming
18:58:26.619,15.13,8600.0,19,FIX_DGPS,0.7,23.3,-4.7,82.5,LAND,False,Safety/Arming
18:58:26.719,15.15,8600.0,19,FIX_DGPS,0.8,20.8,2.4,101.7,LAND,False,Safety/Arming
18:58:26.820,15.15,8600.0,19,FIX_DGPS,0.8,20.8,2.4,101.7,LAND,False,Safety/Arming
18:58:26.921,15.15,8600.0,19,FIX_DGPS,0.87,14.8,-8.8,128.9,LAND,False,Safety/Arming
18:58:27.021,15.15,8600.0,19,FIX_DGPS,0.87,14.8,-8.8,128.9,LAND,False,Safety/Arming
18:58:27.122,15.15,8600.0,19,FIX_DGPS,0.87,14.8,-8.8,128.9,LAND,False,Safety/Arming
18:58:27.222,15.15,8600.0,19,FIX_DGPS,0.87,9.9,-16.0,143.4,LAND,False,Safety/Arming
18:58:27.323,15.15,8600.0,19,FIX_DGPS,0.86,14.6,-4.8,127.8,LAND,False,Safety/Arming
18:58:27.424,15.15,8600.0,19,FIX_DGPS,0.87,14.6,-4.8,127.8,LAND,False,Safety/Arming
18:58:27.525,15.15,8600.0,19,FIX_DGPS,0.87,14.6,-4.8,127.8,LAND,False,Safety/Arming
18:58:27.626,15.15,8600.0,18,FIX_DGPS,0.87,14.6,-4.8,127.8,LAND,False,Safety/Arming
18:58:27.728,15.12,8600.0,18,FIX_DGPS,0.88,12.6,3.6,118.0,LAND,False,Safety/Arming
18:58:27.830,15.12,8600.0,18,FIX_DGPS,0.88,13.4,1.0,119.4,LAND,False,Safety/Arming
18:58:27.931,15.12,8600.0,18,FIX_DGPS,0.89,13.4,1.0,119.4,LAND,False,Safety/Arming
18:58:28.032,15.12,8600.0,18,FIX_DGPS,0.89,13.4,1.0,119.4,LAND,False,Safety/Arming
18:58:28.133,15.12,8600.0,18,FIX_DGPS,0.89,13.1,1.2,121.9,LAND,False,OK
18:58:28.235,15.12,8600.0,18,FIX_DGPS,0.87,13.1,1.2,121.9,LAND,False,OK
18:58:28.337,15.12,8600.0,18,FIX_DGPS,0.87,12.1,4.9,125.9,LAND,False,OK
18:58:28.439,15.12,8600.0,18,FIX_DGPS,0.85,12.1,4.9,125.9,LAND,False,OK
18:58:28.539,15.12,8600.0,18,FIX_DGPS,0.85,12.1,4.9,125.9,LAND,False,OK
18:58:28.640,15.12,8600.0,18,FIX_DGPS,0.85,12.1,4.9,125.9,LAND,False,OK
18:58:28.740,15.15,8600.0,18,FIX_DGPS,0.81,14.1,7.1,133.6,LAND,False,OK
18:58:28.840,15.15,8600.0,18,FIX_DGPS,0.77,20.0,-3.2,143.6,LAND,False,OK
18:58:28.941,15.15,8600.0,18,FIX_DGPS,0.77,20.0,-3.2,143.6,LAND,False,OK
18:58:29.041,15.15,8600.0,18,FIX_DGPS,0.77,20.0,-3.2,143.6,LAND,False,OK
18:58:29.142,15.15,8600.0,18,FIX_DGPS,0.77,20.0,-3.2,143.6,LAND,False,OK
18:58:29.243,15.15,8600.0,18,FIX_DGPS,0.76,21.1,2.8,143.2,LAND,False,OK
18:58:29.343,15.15,8600.0,18,FIX_DGPS,0.76,26.3,16.0,142.2,LAND,False,OK
18:58:29.443,15.15,8600.0,18,FIX_DGPS,0.76,26.3,16.0,142.2,LAND,False,OK
18:58:29.543,15.15,8600.0,18,FIX_DGPS,0.76,26.3,16.0,142.2,LAND,False,OK
18:58:29.644,15.17,8600.0,18,FIX_DGPS,0.79,25.9,10.3,150.3,LAND,False,OK
18:58:29.744,15.17,8600.0,18,FIX_DGPS,0.79,25.9,10.3,150.3,LAND,False,OK
18:58:29.845,15.17,8600.0,18,FIX_DGPS,0.8,24.7,5.8,159.0,LAND,False,OK
18:58:29.945,15.17,8600.0,18,FIX_DGPS,0.8,24.7,5.8,159.0,LAND,False,OK
18:58:30.045,15.17,8600.0,18,FIX_DGPS,0.8,24.7,5.8,159.0,LAND,False,OK
18:58:30.147,15.17,8600.0,19,FIX_DGPS,0.8,24.7,5.8,159.0,LAND,False,OK
18:58:30.248,15.17,8600.0,19,FIX_DGPS,0.82,22.1,-0.6,164.0,LAND,False,OK
18:58:30.349,15.17,8600.0,19,FIX_DGPS,0.82,23.6,4.6,161.6,LAND,False,OK
18:58:30.450,15.17,8600.0,19,FIX_DGPS,0.8,23.6,4.6,161.6,LAND,False,OK
18:58:30.550,15.17,8600.0,19,FIX_DGPS,0.8,23.6,4.6,161.6,LAND,False,OK
18:58:30.651,15.17,8600.0,19,FIX_DGPS,0.8,23.6,4.6,161.6,LAND,False,OK
18:58:30.752,15.17,8600.0,19,FIX_DGPS,0.81,18.7,1.3,169.9,LAND,False,OK
18:58:30.853,15.17,8600.0,19,FIX_DGPS,0.8,18.7,1.3,169.9,LAND,False,OK
18:58:30.954,15.17,8600.0,19,FIX_DGPS,0.8,18.7,1.3,169.9,LAND,False,OK
18:58:31.055,15.17,8600.0,19,FIX_DGPS,0.8,18.7,1.3,169.9,LAND,False,OK
18:58:31.156,15.17,8600.0,19,FIX_DGPS,0.8,16.0,-2.1,173.4,LAND,False,OK
18:58:31.258,15.17,8600.0,19,FIX_DGPS,0.81,16.7,-1.0,-179.6,LAND,False,OK
18:58:31.359,15.17,8600.0,19,FIX_DGPS,0.81,16.7,-1.0,-179.6,LAND,False,OK
18:58:31.460,15.17,8600.0,19,FIX_DGPS,0.79,16.7,-1.0,-179.6,LAND,False,OK
18:58:31.561,15.17,8600.0,19,FIX_DGPS,0.79,16.7,-1.0,-179.6,LAND,False,OK
18:58:31.662,15.17,8600.0,19,FIX_DGPS,0.79,16.7,-1.0,-179.6,LAND,False,OK
18:58:31.762,15.17,8600.0,19,FIX_DGPS,0.74,21.5,-9.3,-174.7,LAND,False,OK
18:58:31.863,15.17,8600.0,19,FIX_DGPS,0.73,20.4,-11.4,-173.9,LAND,False,OK
18:58:31.963,15.17,8600.0,19,FIX_DGPS,0.73,20.4,-11.4,-173.9,LAND,False,OK
18:58:32.063,15.17,8600.0,19,FIX_DGPS,0.73,20.4,-11.4,-173.9,LAND,False,OK
18:58:32.164,15.17,8600.0,19,FIX_DGPS,0.73,20.4,-11.4,-173.9,LAND,False,OK
18:58:32.265,15.17,8600.0,18,FIX_DGPS,0.73,20.4,-11.4,-173.9,LAND,False,OK
18:58:32.364,15.17,8600.0,18,FIX_DGPS,0.75,19.9,0.2,177.0,LAND,False,OK
18:58:32.465,15.17,8600.0,18,FIX_DGPS,0.75,19.9,0.2,177.0,LAND,False,OK
18:58:32.566,15.17,8600.0,18,FIX_DGPS,0.75,19.9,0.2,177.0,LAND,False,OK
18:58:32.667,15.17,8600.0,18,FIX_DGPS,0.75,19.9,0.2,177.0,LAND,False,OK
18:58:32.767,15.18,8600.0,18,FIX_DGPS,0.73,17.2,-2.9,-178.1,LAND,False,OK
18:58:32.867,15.18,8600.0,18,FIX_DGPS,0.71,13.9,-6.9,-174.3,LAND,False,OK
18:58:32.967,15.18,8600.0,18,FIX_DGPS,0.71,13.9,-6.9,-174.3,LAND,False,OK
18:58:33.068,15.18,8600.0,18,FIX_DGPS,0.71,13.9,-6.9,-174.3,LAND,False,OK
18:58:33.169,15.18,8600.0,18,FIX_DGPS,0.71,13.9,-6.9,-174.3,LAND,False,OK
18:58:33.270,15.18,8600.0,18,FIX_DGPS,0.72,3.4,-2.9,-162.9,LAND,False,OK
18:58:33.370,15.18,8600.0,18,FIX_DGPS,0.71,-1.1,0.8,-151.6,LAND,False,OK
18:58:33.471,15.18,8600.0,18,FIX_DGPS,0.64,-1.1,0.8,-151.6,LAND,False,OK
18:58:33.572,15.18,8600.0,18,FIX_DGPS,0.64,-1.1,0.8,-151.6,LAND,False,OK
18:58:33.672,15.18,8600.0,18,FIX_DGPS,0.57,-15.6,-8.9,-139.7,LAND,False,OK
18:58:33.772,15.18,8600.0,18,FIX_DGPS,0.57,-40.1,-0.4,-136.5,LAND,False,OK
18:58:33.873,15.18,8600.0,18,FIX_DGPS,0.5,-40.1,-0.4,-136.5,LAND,False,OK
18:58:33.973,15.18,8600.0,18,FIX_DGPS,0.5,-40.1,-0.4,-136.5,LAND,False,OK
18:58:34.074,15.18,8600.0,19,FIX_DGPS,0.5,-40.1,-0.4,-136.5,LAND,False,OK
18:58:34.174,15.18,8600.0,19,FIX_DGPS,0.44,-54.4,9.0,-140.6,LAND,False,OK
18:58:34.275,15.18,8600.0,19,FIX_DGPS,0.42,-54.4,9.0,-140.6,LAND,False,OK
18:58:34.376,15.18,8600.0,19,FIX_DGPS,0.42,-37.7,8.2,-150.3,LAND,False,OK
18:58:34.476,15.18,8600.0,19,FIX_DGPS,0.38,-37.7,8.2,-150.3,LAND,False,OK
18:58:34.577,15.18,8600.0,19,FIX_DGPS,0.38,-37.7,8.2,-150.3,LAND,False,OK
18:58:34.678,15.18,8600.0,19,FIX_DGPS,0.38,-37.7,8.2,-150.3,LAND,False,OK
18:58:34.778,15.18,8600.0,19,FIX_DGPS,0.38,-37.7,8.2,-150.3,LAND,False,OK
18:58:34.879,15.18,8600.0,19,FIX_DGPS,0.34,-47.2,0.5,-175.0,LAND,False,OK
18:58:34.979,15.18,8600.0,19,FIX_DGPS,0.29,-44.2,-6.7,158.3,LAND,False,OK
18:58:35.080,15.18,8600.0,19,FIX_DGPS,0.29,-44.2,-6.7,158.3,LAND,False,OK
18:58:35.180,15.18,8600.0,19,FIX_DGPS,0.29,-44.2,-6.7,158.3,LAND,False,OK
18:58:35.281,15.18,8600.0,19,FIX_DGPS,0.29,-44.2,-6.7,158.3,LAND,False,OK
18:58:35.382,15.18,8600.0,19,FIX_DGPS,0.21,-39.2,-13.0,101.4,LAND,False,OK
18:58:35.482,15.18,8600.0,19,FIX_DGPS,0.21,-39.2,-13.0,101.4,LAND,False,OK
18:58:35.583,15.18,8600.0,19,FIX_DGPS,0.13,-39.2,-13.0,101.4,LAND,False,OK
18:58:35.683,15.19,8600.0,19,FIX_DGPS,0.02,-35.3,-9.9,72.5,LAND,False,OK
18:58:35.783,15.19,8600.0,19,FIX_DGPS,0.02,-35.3,-9.9,72.5,LAND,False,OK
18:58:35.883,15.19,8600.0,19,FIX_DGPS,-0.04,-22.1,-10.7,72.9,LAND,False,OK
18:58:35.984,15.19,8600.0,19,FIX_DGPS,-0.04,-22.1,-10.7,72.9,LAND,False,OK
18:58:36.084,15.19,8600.0,19,FIX_DGPS,-0.04,-22.1,-10.7,72.9,LAND,False,OK
18:58:36.184,15.19,8600.0,19,FIX_DGPS,-0.04,-22.1,-10.7,72.9,LAND,False,OK
18:58:36.284,15.19,8600.0,19,FIX_DGPS,-0.08,-9.2,-7.9,81.2,LAND,False,OK
18:58:36.384,15.19,8600.0,19,FIX_DGPS,-0.08,-7.9,-0.3,79.9,LAND,False,OK
18:58:36.484,15.19,8600.0,19,FIX_DGPS,-0.08,-7.9,-0.3,79.9,LAND,False,OK
18:58:36.585,15.19,8600.0,19,FIX_DGPS,-0.08,-7.9,-0.3,79.9,LAND,False,OK
18:58:36.684,15.19,8600.0,19,FIX_DGPS,-0.08,-3.8,-3.1,89.7,LAND,False,OK
18:58:36.785,15.19,8600.0,19,FIX_DGPS,-0.08,-2.2,-1.5,89.2,LAND,False,OK
18:58:36.885,15.19,8600.0,19,FIX_DGPS,-0.08,-2.2,-1.5,89.2,LAND,False,OK
18:58:36.985,15.19,8600.0,19,FIX_DGPS,-0.08,-2.2,-1.5,89.2,LAND,False,OK
18:58:37.086,15.19,8600.0,19,FIX_DGPS,-0.08,-2.2,-1.5,89.2,LAND,False,OK
18:58:37.187,15.19,8600.0,19,FIX_DGPS,-0.06,-0.7,-0.3,89.4,LAND,False,OK
18:58:37.287,15.19,8600.0,19,FIX_DGPS,-0.06,-0.7,-0.3,89.4,LAND,False,OK
18:58:37.388,15.19,8600.0,19,FIX_DGPS,-0.06,-0.7,-0.4,89.4,LAND,False,OK
18:58:37.489,15.19,8600.0,19,FIX_DGPS,-0.05,-0.7,-0.4,89.4,LAND,False,OK
18:58:37.589,15.19,8600.0,19,FIX_DGPS,-0.05,-0.7,-0.4,89.4,LAND,False,OK
18:58:37.689,15.19,8600.0,19,FIX_DGPS,-0.05,-0.7,-0.4,89.4,LAND,False,OK
18:58:37.790,15.19,8600.0,19,FIX_DGPS,-0.05,-0.7,-0.4,89.4,LAND,False,OK
18:58:37.891,15.2,8600.0,19,FIX_DGPS,-0.04,-0.7,-0.4,89.4,LAND,False,OK
