Timestamp,Battery_V,Battery_Pct,GPS_Sats,GPS_Fix,Rel_Alt,Roll,Pitch,Yaw,Mode,Armed,Health
14:37:39.935,15.18,8700.0,11,FIX_3D,2.65,0.0,0.0,0.0,LAND,False,Gyro Fail|Accel Fail|Mag Fail|Not Armable
14:37:40.036,15.18,8700.0,11,FIX_3D,2.64,0.0,0.0,0.0,LAND,False,Gyro Fail|Accel Fail|Mag Fail|Not Armable
14:37:40.136,15.18,8700.0,11,FIX_3D,2.64,0.0,0.0,0.0,LAND,False,Gyro Fail|Accel Fail|Mag Fail|Not Armable
14:37:40.236,15.18,8700.0,11,FIX_3D,2.64,0.0,0.0,0.0,LAND,False,Gyro Fail|Accel Fail|Mag Fail|Not Armable
14:37:40.336,15.18,8700.0,11,FIX_3D,2.64,0.0,0.0,0.0,LAND,False,Gyro Fail|Accel Fail|Mag Fail|Not Armable
14:37:40.437,15.18,8700.0,11,FIX_3D,2.64,0.0,0.0,0.0,LAND,False,Gyro Fail|Accel Fail|Mag Fail|Not Armable
14:37:40.537,15.18,8700.0,11,FIX_3D,2.64,0.0,0.0,0.0,LAND,False,Gyro Fail|Accel Fail|Mag Fail|Not Armable
14:37:40.637,15.2,8700.0,10,FIX_3D,2.64,0.0,0.0,0.0,LAND,False,Gyro Fail|Accel Fail|Mag Fail|Not Armable
14:37:40.737,15.2,8700.0,10,FIX_3D,2.64,0.0,0.0,0.0,LAND,False,Gyro Fail|Accel Fail|Mag Fail|Not Armable
14:37:40.837,15.2,8700.0,10,FIX_3D,2.65,0.0,0.0,0.0,LAND,False,Gyro Fail|Accel Fail|Mag Fail|Not Armable
14:37:40.937,15.2,8700.0,10,FIX_3D,2.65,0.0,0.0,0.0,LAND,False,Gyro Fail|Accel Fail|Mag Fail|Not Armable
14:37:41.037,15.2,8700.0,10,FIX_3D,2.64,0.0,0.0,0.0,LAND,False,Gyro Fail|Accel Fail|Mag Fail|Not Armable
14:37:41.138,15.2,8700.0,10,FIX_3D,2.64,0.0,0.0,0.0,LAND,False,Gyro Fail|Accel Fail|Mag Fail|Not Armable
14:37:41.238,15.2,8700.0,10,FIX_3D,2.63,0.0,0.0,0.0,LAND,False,Gyro Fail|Accel Fail|Mag Fail|Not Armable
14:37:41.339,15.2,8700.0,10,FIX_3D,2.63,0.0,0.0,0.0,LAND,False,Gyro Fail|Accel Fail|Mag Fail|Not Armable
14:37:41.439,15.2,8700.0,10,FIX_3D,2.63,0.0,0.0,0.0,LAND,False,Gyro Fail|Accel Fail|Mag Fail|Not Armable
14:37:41.539,15.2,8700.0,11,FIX_3D,2.62,0.0,0.0,0.0,LAND,False,Gyro Fail|Accel Fail|Mag Fail|Not Armable
14:37:41.639,15.19,8700.0,11,FIX_3D,2.6,0.0,0.0,0.0,LAND,False,Gyro Fail|Accel Fail|Mag Fail|Not Armable
14:37:41.739,15.19,8700.0,11,FIX_3D,2.6,0.0,0.0,0.0,LAND,False,Gyro Fail|Accel Fail|Mag Fail|Not Armable
14:37:41.839,15.19,8700.0,11,FIX_3D,2.6,0.0,0.0,0.0,LAND,False,Gyro Fail|Accel Fail|Mag Fail|Not Armable
14:37:41.940,15.19,8700.0,11,FIX_3D,2.6,0.0,0.0,0.0,LAND,False,Gyro Fail|Accel Fail|Mag Fail|Not Armable
14:37:42.040,15.19,8700.0,11,FIX_3D,2.6,0.0,0.0,0.0,LAND,False,Gyro Fail|Accel Fail|Mag Fail|Not Armable
14:37:42.140,15.19,8700.0,11,FIX_3D,2.6,0.0,0.0,0.0,LAND,False,Gyro Fail|Accel Fail|Mag Fail|Not Armable
14:37:42.241,15.19,8700.0,11,FIX_3D,2.6,0.0,0.0,0.0,LAND,False,Gyro Fail|Accel Fail|Mag Fail|Not Armable
14:37:42.341,15.19,8700.0,11,FIX_3D,2.6,0.0,0.0,0.0,LAND,False,Gyro Fail|Accel Fail|Mag Fail|Not Armable
14:37:42.441,15.19,8700.0,11,FIX_3D,2.6,0.0,0.0,0.0,LAND,False,Gyro Fail|Accel Fail|Mag Fail|Not Armable
14:37:42.541,15.19,8700.0,11,FIX_3D,2.6,0.0,0.0,0.0,LAND,False,Gyro Fail|Accel Fail|Mag Fail|Not Armable
14:37:42.641,15.19,8700.0,11,FIX_3D,2.6,0.0,0.0,0.0,LAND,False,Gyro Fail|Accel Fail|Mag Fail|Not Armable
14:37:42.741,15.19,8700.0,11,FIX_3D,2.6,0.0,0.0,0.0,LAND,False,Gyro Fail|Accel Fail|Mag Fail|Not Armable
14:37:42.841,15.19,8700.0,11,FIX_3D,2.6,0.0,0.0,0.0,LAND,False,Gyro Fail|Accel Fail|Mag Fail|Not Armable
14:37:42.941,15.19,8700.0,11,FIX_3D,2.6,0.0,0.0,0.0,LAND,False,Gyro Fail|Accel Fail|Mag Fail|Not Armable
14:37:43.042,15.19,8700.0,11,FIX_3D,2.6,0.0,0.0,0.0,LAND,False,Gyro Fail|Accel Fail|Mag Fail|Not Armable
14:37:43.142,15.19,8700.0,11,FIX_3D,2.6,0.0,0.0,0.0,LAND,False,Gyro Fail|Accel Fail|Mag Fail|Not Armable
14:37:43.242,15.19,8700.0,11,FIX_3D,2.6,0.0,0.0,0.0,LAND,False,Gyro Fail|Accel Fail|Mag Fail|Not Armable
14:37:43.342,15.19,8700.0,11,FIX_3D,2.6,0.0,0.0,0.0,LAND,False,Gyro Fail|Accel Fail|Mag Fail|Not Armable
14:37:43.442,15.19,8700.0,11,FIX_3D,2.6,0.0,0.0,0.0,LAND,False,Gyro Fail|Accel Fail|Mag Fail|Not Armable
14:37:43.542,15.19,8700.0,11,FIX_3D,2.6,0.0,0.0,0.0,LAND,False,Gyro Fail|Accel Fail|Mag Fail|Not Armable
14:37:43.643,15.19,8700.0,11,FIX_3D,2.6,0.0,0.0,0.0,LAND,False,Gyro Fail|Accel Fail|Mag Fail|Not Armable
14:37:43.743,15.19,8700.0,11,FIX_3D,2.6,0.0,0.0,0.0,LAND,False,Gyro Fail|Accel Fail|Mag Fail|Not Armable
14:37:43.844,15.19,8700.0,11,FIX_3D,2.5,0.0,0.0,0.0,LAND,False,Gyro Fail|Accel Fail|Mag Fail|Not Armable
14:37:43.944,15.19,8700.0,11,FIX_3D,2.5,0.0,0.0,0.0,LAND,False,Gyro Fail|Accel Fail|Mag Fail|Not Armable
14:37:44.045,15.19,8700.0,11,FIX_3D,2.51,0.0,0.0,0.0,LAND,False,Gyro Fail|Accel Fail|Mag Fail|Not Armable
14:37:44.146,15.19,8700.0,11,FIX_3D,2.51,0.0,0.0,0.0,LAND,False,Gyro Fail|Accel Fail|Mag Fail|Not Armable
14:37:44.246,15.19,8700.0,11,FIX_3D,2.51,0.0,0.0,0.0,LAND,False,Gyro Fail|Accel Fail|Mag Fail|Not Armable
14:37:44.347,15.19,8700.0,11,FIX_3D,2.51,0.0,0.0,0.0,LAND,False,Gyro Fail|Accel Fail|Mag Fail|Not Armable
14:37:44.448,15.19,8700.0,11,FIX_3D,2.51,0.0,0.0,0.0,LAND,False,Gyro Fail|Accel Fail|Mag Fail|Not Armable
14:37:44.548,15.19,8700.0,11,FIX_3D,2.52,0.0,0.0,0.0,LAND,False,Gyro Fail|Accel Fail|Mag Fail|Not Armable
14:37:44.648,15.19,8700.0,11,FIX_3D,2.53,0.0,0.0,0.0,LAND,False,Gyro Fail|Accel Fail|Mag Fail|Not Armable
14:37:44.748,15.19,8700.0,11,FIX_3D,2.53,0.0,0.0,0.0,LAND,False,Gyro Fail|Accel Fail|Mag Fail|Not Armable
14:37:44.848,15.19,8700.0,11,FIX_3D,2.54,0.0,0.0,0.0,LAND,False,Gyro Fail|Accel Fail|Mag Fail|Not Armable
14:37:44.948,15.19,8700.0,11,FIX_3D,2.54,0.0,0.0,0.0,LAND,False,Gyro Fail|Accel Fail|Mag Fail|Not Armable
14:37:45.048,15.19,8700.0,11,FIX_3D,2.54,0.0,0.0,0.0,LAND,False,Gyro Fail|Accel Fail|Mag Fail|Not Armable
14:37:45.148,15.19,8700.0,12,FIX_3D,2.54,0.0,0.0,0.0,LAND,False,Gyro Fail|Accel Fail|Mag Fail|Not Armable
14:37:45.248,15.19,8700.0,12,FIX_3D,2.54,0.0,0.0,0.0,LAND,False,Gyro Fail|Accel Fail|Mag Fail|Not Armable
14:37:45.348,15.19,8700.0,12,FIX_3D,2.55,0.0,0.0,0.0,LAND,False,Gyro Fail|Accel Fail|Mag Fail|Not Armable
14:37:45.448,15.19,8700.0,12,FIX_3D,2.55,0.0,0.0,0.0,LAND,False,Gyro Fail|Accel Fail|Mag Fail|Not Armable
14:37:45.548,15.19,8700.0,12,FIX_3D,2.55,0.0,0.0,0.0,LAND,False,Gyro Fail|Accel Fail|Mag Fail|Not Armable
14:37:45.648,15.19,8700.0,12,FIX_3D,2.55,0.0,0.0,0.0,LAND,False,Gyro Fail|Accel Fail|Mag Fail|Not Armable
14:37:45.748,15.19,8700.0,12,FIX_3D,2.55,0.0,0.0,0.0,LAND,False,Gyro Fail|Accel Fail|Mag Fail|Not Armable
14:37:45.848,15.19,8700.0,12,FIX_3D,2.55,0.0,0.0,0.0,LAND,False,Gyro Fail|Accel Fail|Mag Fail|Not Armable
14:37:45.948,15.19,8700.0,12,FIX_3D,2.55,0.0,0.0,0.0,LAND,False,Gyro Fail|Accel Fail|Mag Fail|Not Armable
14:37:46.049,15.19,8700.0,12,FIX_3D,2.56,0.0,0.0,0.0,LAND,False,Gyro Fail|Accel Fail|Mag Fail|Not Armable
14:37:46.149,15.19,8700.0,12,FIX_3D,2.56,0.0,0.0,0.0,LAND,False,Gyro Fail|Accel Fail|Mag Fail|Not Armable
14:37:46.249,15.19,8700.0,12,FIX_3D,2.56,0.0,0.0,0.0,LAND,False,Gyro Fail|Accel Fail|Mag Fail|Not Armable
14:37:46.349,15.19,8700.0,12,FIX_3D,2.56,0.0,0.0,0.0,LAND,False,Gyro Fail|Accel Fail|Mag Fail|Not Armable
14:37:46.450,15.19,8700.0,12,FIX_3D,2.56,0.0,0.0,0.0,LAND,False,Gyro Fail|Accel Fail|Mag Fail|Not Armable
14:37:46.550,15.19,8700.0,12,FIX_3D,2.57,0.0,0.0,0.0,HOLD,False,Gyro Fail|Accel Fail|Mag Fail|Not Armable
14:37:46.651,15.19,8700.0,12,FIX_3D,2.57,0.0,0.0,0.0,HOLD,False,Gyro Fail|Accel Fail|Mag Fail|Not Armable
14:37:46.751,15.19,8700.0,12,FIX_3D,2.57,0.0,0.0,0.0,HOLD,False,Gyro Fail|Accel Fail|Mag Fail|Not Armable
14:37:46.852,15.19,8700.0,12,FIX_3D,2.58,0.0,0.0,0.0,HOLD,False,Gyro Fail|Accel Fail|Mag Fail|Not Armable
14:37:46.952,15.19,8700.0,12,FIX_3D,2.58,0.0,0.0,0.0,HOLD,False,Gyro Fail|Accel Fail|Mag Fail|Not Armable
14:37:47.052,15.19,8700.0,12,FIX_3D,2.61,0.0,0.0,0.0,HOLD,False,Gyro Fail|Accel Fail|Mag Fail|Not Armable
14:37:47.153,15.19,8700.0,12,FIX_3D,2.61,0.0,0.0,0.0,HOLD,False,Gyro Fail|Accel Fail|Mag Fail|Not Armable
14:37:47.253,15.19,8700.0,12,FIX_3D,2.63,0.0,0.0,0.0,HOLD,False,Gyro Fail|Accel Fail|Mag Fail|Not Armable
14:37:47.354,15.19,8700.0,12,FIX_3D,2.63,0.0,0.0,0.0,HOLD,False,Gyro Fail|Accel Fail|Mag Fail|Not Armable
14:37:47.454,15.19,8700.0,12,FIX_3D,2.63,0.0,0.0,0.0,HOLD,False,Gyro Fail|Accel Fail|Mag Fail|Not Armable
14:37:47.554,15.19,8700.0,11,FIX_3D,2.63,0.0,0.0,0.0,HOLD,False,Gyro Fail|Accel Fail|Mag Fail|Not Armable
14:37:47.654,15.13,8700.0,11,FIX_3D,2.63,0.0,0.0,0.0,HOLD,False,Gyro Fail|Accel Fail|Mag Fail|Not Armable
14:37:47.755,15.13,8700.0,11,FIX_3D,2.63,0.0,0.0,0.0,HOLD,False,Gyro Fail|Accel Fail|Mag Fail|Not Armable
14:37:47.856,15.13,8700.0,11,FIX_3D,2.63,0.0,0.0,0.0,HOLD,False,Gyro Fail|Accel Fail|Mag Fail|Not Armable
14:37:47.957,15.13,8700.0,11,FIX_3D,2.63,0.0,0.0,0.0,HOLD,False,Gyro Fail|Accel Fail|Mag Fail|Not Armable
14:37:48.057,15.13,8700.0,11,FIX_3D,2.63,0.0,0.0,0.0,HOLD,False,Gyro Fail|Accel Fail|Mag Fail|Not Armable
14:37:48.158,15.13,8700.0,11,FIX_3D,2.63,0.0,0.0,0.0,HOLD,False,Gyro Fail|Accel Fail|Mag Fail|Not Armable
14:37:48.258,15.13,8700.0,11,FIX_3D,2.63,0.0,0.0,0.0,HOLD,False,Gyro Fail|Accel Fail|Mag Fail|Not Armable
14:37:48.359,15.13,8700.0,11,FIX_3D,2.63,0.0,0.0,0.0,HOLD,False,Gyro Fail|Accel Fail|Mag Fail|Not Armable
14:37:48.460,15.13,8700.0,11,FIX_3D,2.62,0.0,0.0,0.0,HOLD,False,Gyro Fail|Accel Fail|Mag Fail|Not Armable
14:37:48.560,15.19,8700.0,11,FIX_3D,2.62,0.0,0.0,0.0,HOLD,False,Gyro Fail|Accel Fail|Mag Fail|Not Armable
14:37:48.661,15.19,8700.0,11,FIX_3D,2.62,0.0,0.0,0.0,HOLD,False,Gyro Fail|Accel Fail|Mag Fail|Not Armable
14:37:48.761,15.19,8700.0,11,FIX_3D,2.62,0.0,0.0,0.0,HOLD,False,Gyro Fail|Accel Fail|Mag Fail|Not Armable
14:37:48.862,15.19,8700.0,11,FIX_3D,2.6,0.0,0.0,0.0,HOLD,False,Gyro Fail|Accel Fail|Mag Fail|Not Armable
14:37:48.962,15.19,8700.0,11,FIX_3D,2.6,0.0,0.0,0.0,HOLD,False,Gyro Fail|Accel Fail|Mag Fail|Not Armable
14:37:49.062,15.19,8700.0,11,FIX_3D,2.59,0.0,0.0,0.0,HOLD,False,Gyro Fail|Accel Fail|Mag Fail|Not Armable
14:37:49.163,15.19,8700.0,11,FIX_3D,2.59,0.0,0.0,0.0,HOLD,False,Gyro Fail|Accel Fail|Mag Fail|Not Armable
14:37:49.265,15.19,8700.0,11,FIX_3D,2.59,0.0,0.0,0.0,HOLD,False,Gyro Fail|Accel Fail|Mag Fail|Not Armable
14:37:49.366,15.19,8700.0,11,FIX_3D,2.59,0.0,0.0,0.0,HOLD,False,Gyro Fail|Accel Fail|Mag Fail|Not Armable
14:37:49.466,15.19,8700.0,11,FIX_3D,2.6,0.0,0.0,0.0,HOLD,False,Gyro Fail|Accel Fail|Mag Fail|Not Armable
14:37:49.567,15.18,8700.0,11,FIX_3D,2.6,0.0,0.0,0.0,HOLD,False,Gyro Fail|Accel Fail|Mag Fail|Not Armable
14:37:49.667,15.18,8700.0,11,FIX_3D,2.6,0.0,0.0,0.0,HOLD,False,Gyro Fail|Accel Fail|Mag Fail|Not Armable
14:37:49.768,15.18,8700.0,11,FIX_3D,2.6,0.0,0.0,0.0,HOLD,False,Gyro Fail|Accel Fail|Mag Fail|Not Armable
14:37:49.868,15.18,8700.0,11,FIX_3D,2.61,0.0,0.0,0.0,HOLD,False,Gyro Fail|Accel Fail|Mag Fail|Not Armable
14:37:49.968,15.18,8700.0,11,FIX_3D,2.61,0.0,0.0,0.0,HOLD,False,Gyro Fail|Accel Fail|Mag Fail|Not Armable
14:37:50.068,15.18,8700.0,11,FIX_3D,2.62,0.0,0.0,0.0,HOLD,False,Gyro Fail|Accel Fail|Mag Fail|Not Armable
14:37:50.168,15.18,8700.0,11,FIX_3D,2.62,0.0,0.0,0.0,HOLD,False,Gyro Fail|Accel Fail|Mag Fail|Not Armable
14:37:50.269,15.18,8700.0,11,FIX_3D,2.63,0.0,0.0,0.0,HOLD,False,Gyro Fail|Accel Fail|Mag Fail|Not Armable
14:37:50.369,15.18,8700.0,11,FIX_3D,2.63,0.0,0.0,0.0,HOLD,False,Gyro Fail|Accel Fail|Mag Fail|Not Armable
14:37:50.470,15.18,8700.0,11,FIX_3D,2.63,0.0,0.0,0.0,HOLD,False,Gyro Fail|Accel Fail|Mag Fail|Not Armable
14:37:50.570,15.18,8700.0,11,FIX_3D,2.64,0.0,0.0,0.0,HOLD,False,Gyro Fail|Accel Fail|Mag Fail|Not Armable
14:37:50.671,15.19,8700.0,11,FIX_3D,2.64,0.0,0.0,0.0,HOLD,False,Gyro Fail|Accel Fail|Mag Fail|Not Armable
14:37:50.771,15.19,8700.0,11,FIX_3D,2.64,0.0,0.0,0.0,HOLD,False,Gyro Fail|Accel Fail|Mag Fail|Not Armable
14:37:50.872,15.19,8700.0,11,FIX_3D,2.64,0.0,0.0,0.0,HOLD,False,Gyro Fail|Accel Fail|Mag Fail|Not Armable
14:37:50.972,15.19,8700.0,11,FIX_3D,2.64,0.0,0.0,0.0,HOLD,False,Gyro Fail|Accel Fail|Mag Fail|Not Armable
14:37:51.073,15.19,8700.0,11,FIX_3D,2.63,0.0,0.0,0.0,HOLD,False,Gyro Fail|Accel Fail|Mag Fail|Not Armable
14:37:51.173,15.19,8700.0,11,FIX_3D,2.62,0.0,0.0,0.0,HOLD,False,Gyro Fail|Accel Fail|Mag Fail|Not Armable
14:37:51.274,15.19,8700.0,11,FIX_3D,2.62,0.0,0.0,0.0,HOLD,False,Gyro Fail|Accel Fail|Mag Fail|Not Armable
14:37:51.374,15.19,8700.0,11,FIX_3D,2.62,0.0,0.0,0.0,HOLD,False,Gyro Fail|Accel Fail|Mag Fail|Not Armable
14:37:51.476,15.19,8700.0,11,FIX_3D,2.61,0.0,0.0,0.0,HOLD,False,Gyro Fail|Accel Fail|Mag Fail|Not Armable
14:37:51.576,15.2,8700.0,11,FIX_3D,2.61,0.0,0.0,0.0,HOLD,False,Gyro Fail|Accel Fail|Mag Fail|Not Armable
14:37:51.677,15.2,8700.0,11,FIX_3D,2.59,0.0,0.0,0.0,HOLD,False,Gyro Fail|Accel Fail|Mag Fail|Not Armable
14:37:51.777,15.2,8700.0,11,FIX_3D,2.59,0.0,0.0,0.0,HOLD,False,Gyro Fail|Accel Fail|Mag Fail|Not Armable
14:37:51.877,15.2,8700.0,11,FIX_3D,2.58,0.0,0.0,0.0,HOLD,False,Gyro Fail|Accel Fail|Mag Fail|Not Armable
14:37:51.978,15.2,8700.0,11,FIX_3D,2.58,0.0,0.0,0.0,HOLD,False,Gyro Fail|Accel Fail|Mag Fail|Not Armable
14:37:52.078,15.2,8700.0,11,FIX_3D,2.57,0.0,0.0,0.0,HOLD,False,Gyro Fail|Accel Fail|Mag Fail|Not Armable
14:37:52.178,15.2,8700.0,11,FIX_3D,2.57,0.0,0.0,0.0,HOLD,False,Gyro Fail|Accel Fail|Mag Fail|Not Armable
14:37:52.280,15.2,8700.0,11,FIX_3D,2.56,0.0,0.0,0.0,HOLD,False,Gyro Fail|Accel Fail|Mag Fail|Not Armable
14:37:52.380,15.2,8700.0,11,FIX_3D,2.56,0.0,0.0,0.0,HOLD,False,Gyro Fail|Accel Fail|Mag Fail|Not Armable
14:37:52.481,15.2,8700.0,12,FIX_3D,2.55,0.0,0.0,0.0,HOLD,False,Gyro Fail|Accel Fail|Mag Fail|Not Armable
14:37:52.582,15.19,8700.0,12,FIX_3D,2.55,0.0,0.0,0.0,HOLD,False,Gyro Fail|Accel Fail|Mag Fail|Not Armable
14:37:52.683,15.19,8700.0,12,FIX_3D,2.54,0.0,0.0,0.0,HOLD,False,Gyro Fail|Accel Fail|Mag Fail|Not Armable
14:37:52.784,15.19,8700.0,12,FIX_3D,2.53,0.0,0.0,0.0,HOLD,False,Gyro Fail|Accel Fail|Mag Fail|Not Armable
14:37:52.885,15.19,8700.0,12,FIX_3D,2.53,0.0,0.0,0.0,HOLD,False,Gyro Fail|Accel Fail|Mag Fail|Not Armable
14:37:52.986,15.19,8700.0,12,FIX_3D,2.53,0.0,0.0,0.0,HOLD,False,Gyro Fail|Accel Fail|Mag Fail|Not Armable
14:37:53.086,15.19,8700.0,12,FIX_3D,2.52,0.0,0.0,0.0,HOLD,False,Gyro Fail|Accel Fail|Mag Fail|Not Armable
14:37:53.187,15.19,8700.0,12,FIX_3D,2.52,0.0,0.0,0.0,HOLD,False,Gyro Fail|Accel Fail|Mag Fail|Not Armable
14:37:53.288,15.19,8700.0,12,FIX_3D,2.52,0.0,0.0,0.0,HOLD,False,Gyro Fail|Accel Fail|Mag Fail|Not Armable
14:37:53.388,15.19,8700.0,12,FIX_3D,2.52,0.0,0.0,0.0,HOLD,False,Gyro Fail|Accel Fail|Mag Fail|Not Armable
14:37:53.489,15.19,8700.0,12,FIX_3D,2.52,0.0,0.0,0.0,HOLD,False,Gyro Fail|Accel Fail|Mag Fail|Not Armable
14:37:53.590,15.19,8700.0,12,FIX_3D,2.52,0.0,0.0,0.0,HOLD,False,Gyro Fail|Accel Fail|Mag Fail|Not Armable
14:37:53.691,15.19,8700.0,12,FIX_3D,2.52,0.0,0.0,0.0,HOLD,False,Gyro Fail|Accel Fail|Mag Fail|Not Armable
14:37:53.791,15.19,8700.0,12,FIX_3D,2.52,0.0,0.0,0.0,HOLD,False,Gyro Fail|Accel Fail|Mag Fail|Not Armable
14:37:53.892,15.19,8700.0,12,FIX_3D,2.52,0.0,0.0,0.0,HOLD,False,Gyro Fail|Accel Fail|Mag Fail|Not Armable
14:37:53.992,15.19,8700.0,12,FIX_3D,2.52,0.0,0.0,0.0,HOLD,False,Gyro Fail|Accel Fail|Mag Fail|Not Armable
14:37:54.092,15.19,8700.0,12,FIX_3D,2.52,0.0,0.0,0.0,HOLD,False,Gyro Fail|Accel Fail|Mag Fail|Not Armable
14:37:54.192,15.19,8700.0,12,FIX_3D,2.51,0.0,0.0,0.0,HOLD,False,Gyro Fail|Accel Fail|Mag Fail|Not Armable
14:37:54.293,15.19,8700.0,12,FIX_3D,2.51,0.0,0.0,0.0,HOLD,False,Gyro Fail|Accel Fail|Mag Fail|Not Armable
14:37:54.393,15.19,8700.0,12,FIX_3D,2.51,0.0,0.0,0.0,HOLD,False,Gyro Fail|Accel Fail|Mag Fail|Not Armable
14:37:54.495,15.19,8700.0,12,FIX_3D,2.51,0.0,0.0,0.0,HOLD,False,Gyro Fail|Accel Fail|Mag Fail|Not Armable
14:37:54.595,15.18,8700.0,12,FIX_3D,2.51,0.0,0.0,0.0,HOLD,False,Gyro Fail|Accel Fail|Mag Fail|Not Armable
14:37:54.697,15.18,8700.0,12,FIX_3D,2.5,0.0,0.0,0.0,HOLD,False,Gyro Fail|Accel Fail|Mag Fail|Not Armable
14:37:54.797,15.18,8700.0,12,FIX_3D,2.5,0.0,0.0,0.0,HOLD,False,Gyro Fail|Accel Fail|Mag Fail|Not Armable
14:37:54.897,15.18,8700.0,12,FIX_3D,2.51,0.0,0.0,0.0,HOLD,False,Gyro Fail|Accel Fail|Mag Fail|Not Armable
14:37:54.997,15.18,8700.0,12,FIX_3D,2.53,0.0,0.0,0.0,HOLD,False,Gyro Fail|Accel Fail|Mag Fail|Not Armable
14:37:55.098,15.18,8700.0,12,FIX_3D,2.53,0.0,0.0,0.0,HOLD,False,Gyro Fail|Accel Fail|Mag Fail|Not Armable
14:37:55.198,15.18,8700.0,12,FIX_3D,2.53,0.0,0.0,0.0,HOLD,False,Gyro Fail|Accel Fail|Mag Fail|Not Armable
14:37:55.298,15.18,8700.0,12,FIX_3D,2.54,0.0,0.0,0.0,HOLD,False,Gyro Fail|Accel Fail|Mag Fail|Not Armable
14:37:55.399,15.18,8700.0,12,FIX_3D,2.54,0.0,0.0,0.0,HOLD,False,Gyro Fail|Accel Fail|Mag Fail|Not Armable
14:37:55.500,15.18,8700.0,12,FIX_3D,2.57,0.0,0.0,0.0,HOLD,False,Gyro Fail|Accel Fail|Mag Fail|Not Armable
14:37:55.601,15.2,8700.0,12,FIX_3D,2.57,0.0,0.0,0.0,HOLD,False,Gyro Fail|Accel Fail|Mag Fail|Not Armable
14:37:55.702,15.2,8700.0,12,FIX_3D,2.59,0.0,0.0,0.0,HOLD,False,Gyro Fail|Accel Fail|Mag Fail|Not Armable
14:37:55.803,15.2,8700.0,12,FIX_3D,2.6,0.0,0.0,0.0,HOLD,False,Gyro Fail|Accel Fail|Mag Fail|Not Armable
14:37:55.905,15.2,8700.0,12,FIX_3D,2.6,0.0,0.0,0.0,HOLD,False,Gyro Fail|Accel Fail|Mag Fail|Not Armable
14:37:56.005,15.2,8700.0,12,FIX_3D,2.6,0.0,0.0,0.0,HOLD,False,Gyro Fail|Accel Fail|Mag Fail|Not Armable
14:37:56.106,15.2,8700.0,12,FIX_3D,2.61,0.0,0.0,0.0,HOLD,False,Gyro Fail|Accel Fail|Mag Fail|Not Armable
14:37:56.206,15.2,8700.0,12,FIX_3D,2.61,0.0,0.0,0.0,HOLD,False,Gyro Fail|Accel Fail|Mag Fail|Not Armable
14:37:56.307,15.2,8700.0,12,FIX_3D,2.61,0.0,0.0,0.0,HOLD,False,Gyro Fail|Accel Fail|Mag Fail|Not Armable
14:37:56.408,15.2,8700.0,12,FIX_3D,2.61,0.0,0.0,0.0,HOLD,False,Gyro Fail|Accel Fail|Mag Fail|Not Armable
14:37:56.508,15.2,8700.0,11,FIX_3D,2.61,0.0,0.0,0.0,HOLD,False,Gyro Fail|Accel Fail|Mag Fail|Not Armable
14:37:56.609,15.2,8700.0,11,FIX_3D,2.61,0.0,0.0,0.0,HOLD,False,Gyro Fail|Accel Fail|Mag Fail|Not Armable
14:37:56.709,15.19,8700.0,11,FIX_3D,2.6,0.0,0.0,0.0,HOLD,False,Gyro Fail|Accel Fail|Mag Fail|Not Armable
14:37:56.810,15.19,8700.0,11,FIX_3D,2.6,0.0,0.0,0.0,HOLD,False,Gyro Fail|Accel Fail|Mag Fail|Not Armable
14:37:56.912,15.19,8700.0,11,FIX_3D,2.59,0.0,0.0,0.0,HOLD,False,Gyro Fail|Accel Fail|Mag Fail|Not Armable
14:37:57.014,15.19,8700.0,12,FIX_3D,2.59,0.0,0.0,0.0,HOLD,False,Gyro Fail|Accel Fail|Mag Fail|Not Armable
14:37:57.114,15.19,8700.0,12,FIX_3D,2.58,0.0,0.0,0.0,HOLD,False,Gyro Fail|Accel Fail|Mag Fail|Not Armable
14:37:57.214,15.19,8700.0,12,FIX_3D,2.58,0.0,0.0,0.0,HOLD,False,Gyro Fail|Accel Fail|Mag Fail|Not Armable
14:37:57.315,15.19,8700.0,12,FIX_3D,2.58,0.0,0.0,0.0,HOLD,False,Gyro Fail|Accel Fail|Mag Fail|Not Armable
14:37:57.415,15.19,8700.0,12,FIX_3D,2.57,0.0,0.0,0.0,HOLD,False,Gyro Fail|Accel Fail|Mag Fail|Not Armable
14:37:57.516,15.19,8700.0,12,FIX_3D,2.57,0.0,0.0,0.0,HOLD,False,Gyro Fail|Accel Fail|Mag Fail|Not Armable
14:37:57.616,15.19,8700.0,11,FIX_3D,2.57,0.0,0.0,0.0,HOLD,False,Gyro Fail|Accel Fail|Mag Fail|Not Armable
14:37:57.717,15.19,8700.0,11,FIX_3D,2.56,0.0,0.0,0.0,HOLD,False,Gyro Fail|Accel Fail|Mag Fail|Not Armable
14:37:57.817,15.19,8700.0,11,FIX_3D,2.56,0.0,0.0,0.0,HOLD,False,Gyro Fail|Accel Fail|Mag Fail|Not Armable
14:37:57.918,15.19,8700.0,11,FIX_3D,2.55,0.0,0.0,0.0,HOLD,False,Gyro Fail|Accel Fail|Mag Fail|Not Armable
14:37:58.018,15.19,8700.0,12,FIX_3D,2.54,0.0,0.0,0.0,HOLD,False,Gyro Fail|Accel Fail|Mag Fail|Not Armable
14:37:58.119,15.19,8700.0,12,FIX_3D,2.54,0.0,0.0,0.0,HOLD,False,Gyro Fail|Accel Fail|Mag Fail|Not Armable
14:37:58.220,15.19,8700.0,12,FIX_3D,2.53,0.0,0.0,0.0,HOLD,False,Gyro Fail|Accel Fail|Mag Fail|Not Armable
14:37:58.320,15.19,8700.0,12,FIX_3D,2.53,0.0,0.0,0.0,HOLD,False,Gyro Fail|Accel Fail|Mag Fail|Not Armable
14:37:58.421,15.19,8700.0,12,FIX_3D,2.53,0.0,0.0,0.0,HOLD,False,Gyro Fail|Accel Fail|Mag Fail|Not Armable
14:37:58.522,15.19,8700.0,12,FIX_3D,2.52,0.0,0.0,0.0,HOLD,False,Gyro Fail|Accel Fail|Mag Fail|Not Armable
14:37:58.623,15.19,8700.0,12,FIX_3D,2.52,0.0,0.0,0.0,HOLD,False,Gyro Fail|Accel Fail|Mag Fail|Not Armable
14:37:58.724,15.19,8700.0,12,FIX_3D,2.5,0.0,0.0,0.0,HOLD,False,Gyro Fail|Accel Fail|Mag Fail|Not Armable
14:37:58.825,15.19,8700.0,12,FIX_3D,2.49,0.0,0.0,0.0,HOLD,False,Gyro Fail|Accel Fail|Mag Fail|Not Armable
14:37:58.925,15.19,8700.0,12,FIX_3D,2.49,0.0,0.0,0.0,HOLD,False,Gyro Fail|Accel Fail|Mag Fail|Not Armable
14:37:59.026,15.19,8700.0,12,FIX_3D,2.49,0.0,0.0,0.0,HOLD,False,Gyro Fail|Accel Fail|Mag Fail|Not Armable
14:37:59.126,15.19,8700.0,12,FIX_3D,2.49,0.0,0.0,0.0,HOLD,False,Gyro Fail|Accel Fail|Mag Fail|Not Armable
14:37:59.227,15.19,8700.0,12,FIX_3D,2.49,0.0,0.0,0.0,HOLD,False,Gyro Fail|Accel Fail|Mag Fail|Not Armable
14:37:59.328,15.19,8700.0,12,FIX_3D,2.49,0.0,0.0,0.0,HOLD,False,Gyro Fail|Accel Fail|Mag Fail|Not Armable
14:37:59.428,15.19,8700.0,12,FIX_3D,2.49,0.0,0.0,0.0,HOLD,False,Gyro Fail|Accel Fail|Mag Fail|Not Armable
14:37:59.529,15.19,8700.0,12,FIX_3D,2.49,0.0,0.0,0.0,HOLD,False,Gyro Fail|Accel Fail|Mag Fail|Not Armable
14:37:59.630,15.19,8700.0,12,FIX_3D,2.49,0.0,0.0,0.0,HOLD,False,Gyro Fail|Accel Fail|Mag Fail|Not Armable
14:37:59.731,15.19,8700.0,12,FIX_3D,2.49,0.0,0.0,0.0,HOLD,False,Gyro Fail|Accel Fail|Mag Fail|Not Armable
14:37:59.832,15.19,8700.0,12,FIX_3D,2.49,0.0,0.0,0.0,HOLD,False,Gyro Fail|Accel Fail|Mag Fail|Not Armable
14:37:59.932,15.19,8700.0,12,FIX_3D,2.49,0.0,0.0,0.0,HOLD,False,Gyro Fail|Accel Fail|Mag Fail|Not Armable
14:38:00.033,15.19,8700.0,12,FIX_3D,2.49,0.0,0.0,0.0,HOLD,False,Gyro Fail|Accel Fail|Mag Fail|Not Armable
14:38:00.134,15.19,8700.0,12,FIX_3D,2.49,0.0,0.0,0.0,HOLD,False,Gyro Fail|Accel Fail|Mag Fail|Not Armable
14:38:00.235,15.19,8700.0,12,FIX_3D,2.51,0.0,0.0,0.0,HOLD,False,Gyro Fail|Accel Fail|Mag Fail|Not Armable
14:38:00.335,15.19,8700.0,12,FIX_3D,2.51,0.0,0.0,0.0,HOLD,False,Gyro Fail|Accel Fail|Mag Fail|Not Armable
14:38:00.436,15.19,8700.0,12,FIX_3D,2.52,0.0,0.0,0.0,HOLD,False,Gyro Fail|Accel Fail|Mag Fail|Not Armable
14:38:00.536,15.19,8700.0,12,FIX_3D,2.52,0.0,0.0,0.0,HOLD,False,Gyro Fail|Accel Fail|Mag Fail|Not Armable
14:38:00.637,15.19,8700.0,12,FIX_3D,2.54,0.0,0.0,0.0,HOLD,False,Gyro Fail|Accel Fail|Mag Fail|Not Armable
14:38:00.737,15.19,8700.0,12,FIX_3D,2.54,0.0,0.0,0.0,HOLD,False,Gyro Fail|Accel Fail|Mag Fail|Not Armable
14:38:00.838,15.19,8700.0,12,FIX_3D,2.54,0.0,0.0,0.0,HOLD,False,Gyro Fail|Accel Fail|Mag Fail|Not Armable
14:38:00.939,15.19,8700.0,12,FIX_3D,2.55,0.0,0.0,0.0,HOLD,False,Gyro Fail|Accel Fail|Mag Fail|Not Armable
14:38:01.039,15.19,8700.0,12,FIX_3D,2.57,0.0,0.0,0.0,HOLD,False,Gyro Fail|Accel Fail|Mag Fail|Not Armable
14:38:01.140,15.19,8700.0,12,FIX_3D,2.57,0.0,0.0,0.0,HOLD,False,Gyro Fail|Accel Fail|Mag Fail|Not Armable
14:38:01.241,15.19,8700.0,12,FIX_3D,2.59,0.0,0.0,0.0,HOLD,False,Gyro Fail|Accel Fail|Mag Fail|Not Armable
14:38:01.341,15.19,8700.0,12,FIX_3D,2.59,0.0,0.0,0.0,HOLD,False,Gyro Fail|Accel Fail|Mag Fail|Not Armable
14:38:01.443,15.19,8700.0,12,FIX_3D,2.59,0.0,0.0,0.0,HOLD,False,Gyro Fail|Accel Fail|Mag Fail|Not Armable
14:38:01.543,15.19,8700.0,12,FIX_3D,2.59,0.0,0.0,0.0,HOLD,False,Gyro Fail|Accel Fail|Mag Fail|Not Armable
14:38:01.644,15.19,8700.0,12,FIX_3D,2.6,0.0,0.0,0.0,HOLD,False,Gyro Fail|Accel Fail|Mag Fail|Not Armable
14:38:01.744,15.19,8700.0,12,FIX_3D,2.6,0.0,0.0,0.0,HOLD,False,Gyro Fail|Accel Fail|Mag Fail|Not Armable
14:38:01.844,15.19,8700.0,12,FIX_3D,2.59,0.0,0.0,0.0,HOLD,False,Gyro Fail|Accel Fail|Mag Fail|Not Armable
14:38:01.944,15.19,8700.0,12,FIX_3D,2.59,0.0,0.0,0.0,HOLD,False,Gyro Fail|Accel Fail|Mag Fail|Not Armable
14:38:02.045,15.19,8700.0,12,FIX_3D,2.58,0.0,0.0,0.0,HOLD,False,Gyro Fail|Accel Fail|Mag Fail|Not Armable
14:38:02.146,15.19,8700.0,12,FIX_3D,2.58,0.0,0.0,0.0,HOLD,False,Gyro Fail|Accel Fail|Mag Fail|Not Armable
14:38:02.247,15.19,8700.0,12,FIX_3D,2.57,0.0,0.0,0.0,HOLD,False,Gyro Fail|Accel Fail|Mag Fail|Not Armable
14:38:02.347,15.19,8700.0,12,FIX_3D,2.57,0.0,0.0,0.0,HOLD,False,Gyro Fail|Accel Fail|Mag Fail|Not Armable
14:38:02.449,15.19,8700.0,12,FIX_3D,2.56,0.0,0.0,0.0,HOLD,False,Gyro Fail|Accel Fail|Mag Fail|Not Armable
14:38:02.550,15.19,8700.0,12,FIX_3D,2.56,0.0,0.0,0.0,HOLD,False,Gyro Fail|Accel Fail|Mag Fail|Not Armable
14:38:02.650,15.19,8700.0,12,FIX_3D,2.55,0.0,0.0,0.0,HOLD,False,Gyro Fail|Accel Fail|Mag Fail|Not Armable
14:38:02.751,15.19,8700.0,12,FIX_3D,2.55,0.0,0.0,0.0,HOLD,False,Gyro Fail|Accel Fail|Mag Fail|Not Armable
14:38:02.852,15.19,8700.0,12,FIX_3D,2.54,0.0,0.0,0.0,HOLD,False,Gyro Fail|Accel Fail|Mag Fail|Not Armable
14:38:02.952,15.19,8700.0,12,FIX_3D,2.54,0.0,0.0,0.0,HOLD,False,Gyro Fail|Accel Fail|Mag Fail|Not Armable
14:38:03.052,15.19,8700.0,12,FIX_3D,2.53,0.0,0.0,0.0,HOLD,False,Gyro Fail|Accel Fail|Mag Fail|Not Armable
14:38:03.153,15.19,8700.0,12,FIX_3D,2.53,0.0,0.0,0.0,HOLD,False,Gyro Fail|Accel Fail|Mag Fail|Not Armable
14:38:03.253,15.19,8700.0,12,FIX_3D,2.52,0.0,0.0,0.0,HOLD,False,Gyro Fail|Accel Fail|Mag Fail|Not Armable
14:38:03.354,15.19,8700.0,12,FIX_3D,2.52,0.0,0.0,0.0,HOLD,False,Gyro Fail|Accel Fail|Mag Fail|Not Armable
14:38:03.454,15.19,8700.0,12,FIX_3D,2.52,0.0,0.0,0.0,HOLD,False,Gyro Fail|Accel Fail|Mag Fail|Not Armable
14:38:03.555,15.12,8700.0,12,FIX_3D,2.52,0.0,0.0,0.0,HOLD,False,Gyro Fail|Accel Fail|Mag Fail|Not Armable
14:38:03.656,15.12,8700.0,12,FIX_3D,2.52,0.0,0.0,0.0,HOLD,False,Gyro Fail|Accel Fail|Mag Fail|Not Armable
14:38:03.756,15.12,8700.0,12,FIX_3D,2.52,0.0,0.0,0.0,HOLD,False,Gyro Fail|Accel Fail|Mag Fail|Not Armable
14:38:03.857,15.12,8700.0,12,FIX_3D,2.52,0.0,0.0,0.0,HOLD,False,Gyro Fail|Accel Fail|Mag Fail|Not Armable
14:38:03.957,15.12,8700.0,12,FIX_3D,2.52,0.0,0.0,0.0,HOLD,False,Gyro Fail|Accel Fail|Mag Fail|Not Armable
14:38:04.058,15.12,8700.0,12,FIX_3D,2.52,0.0,0.0,0.0,HOLD,False,Gyro Fail|Accel Fail|Mag Fail|Not Armable
14:38:04.158,15.12,8700.0,12,FIX_3D,2.52,0.0,0.0,0.0,HOLD,False,Gyro Fail|Accel Fail|Mag Fail|Not Armable
14:38:04.259,15.12,8700.0,12,FIX_3D,2.52,0.0,0.0,0.0,HOLD,False,Gyro Fail|Accel Fail|Mag Fail|Not Armable
14:38:04.359,15.12,8700.0,12,FIX_3D,2.52,0.0,0.0,0.0,HOLD,False,Gyro Fail|Accel Fail|Mag Fail|Not Armable
14:38:04.460,15.12,8700.0,12,FIX_3D,2.52,0.0,0.0,0.0,HOLD,False,Gyro Fail|Accel Fail|Mag Fail|Not Armable
14:38:04.560,15.12,8700.0,12,FIX_3D,2.52,0.0,0.0,0.0,HOLD,False,Gyro Fail|Accel Fail|Mag Fail|Not Armable
14:38:04.660,15.19,8700.0,12,FIX_3D,2.52,0.0,0.0,0.0,HOLD,False,Gyro Fail|Accel Fail|Mag Fail|Not Armable
14:38:04.764,15.19,8700.0,12,FIX_3D,2.52,0.0,0.0,0.0,HOLD,False,Gyro Fail|Accel Fail|Mag Fail|Not Armable
14:38:04.865,15.19,8700.0,12,FIX_3D,2.53,0.0,0.0,0.0,HOLD,False,Gyro Fail|Accel Fail|Mag Fail|Not Armable
14:38:04.965,15.19,8700.0,12,FIX_3D,2.53,0.0,0.0,0.0,HOLD,False,Gyro Fail|Accel Fail|Mag Fail|Not Armable
14:38:05.065,15.19,8700.0,12,FIX_3D,2.54,0.0,0.0,0.0,HOLD,False,Gyro Fail|Accel Fail|Mag Fail|Not Armable
14:38:05.166,15.19,8700.0,12,FIX_3D,2.54,0.0,0.0,0.0,HOLD,False,Gyro Fail|Accel Fail|Mag Fail|Not Armable
14:38:05.266,15.19,8700.0,12,FIX_3D,2.53,0.0,0.0,0.0,HOLD,False,Gyro Fail|Accel Fail|Mag Fail|Not Armable
14:38:05.366,15.19,8700.0,12,FIX_3D,2.53,0.0,0.0,0.0,HOLD,False,Gyro Fail|Accel Fail|Mag Fail|Not Armable
14:38:05.467,15.19,8700.0,12,FIX_3D,2.54,0.0,0.0,0.0,HOLD,False,Gyro Fail|Accel Fail|Mag Fail|Not Armable
14:38:05.567,15.19,8700.0,12,FIX_3D,2.54,0.0,0.0,0.0,HOLD,False,Gyro Fail|Accel Fail|Mag Fail|Not Armable
14:38:05.667,15.12,8700.0,12,FIX_3D,2.56,0.0,0.0,0.0,HOLD,False,Gyro Fail|Accel Fail|Mag Fail|Not Armable
14:38:05.768,15.12,8700.0,12,FIX_3D,2.56,0.0,0.0,0.0,HOLD,False,Gyro Fail|Accel Fail|Mag Fail|Not Armable
14:38:05.868,15.12,8700.0,12,FIX_3D,2.57,0.0,0.0,0.0,HOLD,False,Gyro Fail|Accel Fail|Mag Fail|Not Armable
14:38:05.969,15.12,8700.0,12,FIX_3D,2.57,0.0,0.0,0.0,HOLD,False,Gyro Fail|Accel Fail|Mag Fail|Not Armable
14:38:06.069,15.12,8700.0,12,FIX_3D,2.59,0.0,0.0,0.0,HOLD,False,Gyro Fail|Accel Fail|Mag Fail|Not Armable
14:38:06.171,15.12,8700.0,12,FIX_3D,2.6,0.0,0.0,0.0,HOLD,False,Gyro Fail|Accel Fail|Mag Fail|Not Armable
14:38:06.271,15.12,8700.0,12,FIX_3D,2.6,0.0,0.0,0.0,HOLD,False,Gyro Fail|Accel Fail|Mag Fail|Not Armable
14:38:06.371,15.12,8700.0,12,FIX_3D,2.6,0.0,0.0,0.0,HOLD,False,Gyro Fail|Accel Fail|Mag Fail|Not Armable
14:38:06.471,15.12,8700.0,12,FIX_3D,2.6,0.0,0.0,0.0,HOLD,False,Gyro Fail|Accel Fail|Mag Fail|Not Armable
14:38:06.572,15.19,8700.0,12,FIX_3D,2.6,0.0,0.0,0.0,HOLD,False,Gyro Fail|Accel Fail|Mag Fail|Not Armable
14:38:06.674,15.19,8700.0,12,FIX_3D,2.59,0.0,0.0,0.0,HOLD,False,Gyro Fail|Accel Fail|Mag Fail|Not Armable
14:38:06.774,15.19,8700.0,12,FIX_3D,2.59,0.0,0.0,0.0,HOLD,False,Gyro Fail|Accel Fail|Mag Fail|Not Armable
14:38:06.874,15.19,8700.0,12,FIX_3D,2.56,0.0,0.0,0.0,HOLD,False,Gyro Fail|Accel Fail|Mag Fail|Not Armable
14:38:06.974,15.19,8700.0,12,FIX_3D,2.56,0.0,0.0,0.0,HOLD,False,Gyro Fail|Accel Fail|Mag Fail|Not Armable
14:38:07.074,15.19,8700.0,12,FIX_3D,2.52,0.0,0.0,0.0,HOLD,False,Gyro Fail|Accel Fail|Mag Fail|Not Armable
14:38:07.175,15.19,8700.0,12,FIX_3D,2.52,0.0,0.0,0.0,HOLD,False,Gyro Fail|Accel Fail|Mag Fail|Not Armable
14:38:07.276,15.19,8700.0,12,FIX_3D,2.49,0.0,0.0,0.0,HOLD,False,Gyro Fail|Accel Fail|Mag Fail|Not Armable
14:38:07.376,15.19,8700.0,12,FIX_3D,2.49,0.0,0.0,0.0,HOLD,False,Gyro Fail|Accel Fail|Mag Fail|Not Armable
14:38:07.477,15.19,8700.0,12,FIX_3D,2.45,0.0,0.0,0.0,HOLD,False,Gyro Fail|Accel Fail|Mag Fail|Not Armable
14:38:07.579,15.19,8700.0,12,FIX_3D,2.42,0.0,0.0,0.0,HOLD,False,Gyro Fail|Accel Fail|Mag Fail|Not Armable
14:38:07.680,15.19,8700.0,12,FIX_3D,2.42,0.0,0.0,0.0,HOLD,False,Gyro Fail|Accel Fail|Mag Fail|Not Armable
14:38:07.780,15.19,8700.0,12,FIX_3D,2.4,0.0,0.0,0.0,HOLD,False,Gyro Fail|Accel Fail|Mag Fail|Not Armable
14:38:07.880,15.19,8700.0,12,FIX_3D,2.4,0.0,0.0,0.0,HOLD,False,Gyro Fail|Accel Fail|Mag Fail|Not Armable
14:38:07.981,15.19,8700.0,12,FIX_3D,2.4,0.0,0.0,0.0,HOLD,False,Gyro Fail|Accel Fail|Mag Fail|Not Armable
14:38:08.081,15.19,8700.0,12,FIX_3D,2.4,0.0,0.0,0.0,HOLD,False,Gyro Fail|Accel Fail|Mag Fail|Not Armable
14:38:08.181,15.19,8700.0,12,FIX_3D,2.4,0.0,0.0,0.0,HOLD,False,Gyro Fail|Accel Fail|Mag Fail|Not Armable
14:38:08.282,15.19,8700.0,12,FIX_3D,2.4,0.0,0.0,0.0,HOLD,False,Gyro Fail|Accel Fail|Mag Fail|Not Armable
14:38:08.382,15.19,8700.0,12,FIX_3D,2.4,0.0,0.0,0.0,HOLD,False,Gyro Fail|Accel Fail|Mag Fail|Not Armable
14:38:08.482,15.19,8700.0,12,FIX_3D,2.4,0.0,0.0,0.0,HOLD,False,Gyro Fail|Accel Fail|Mag Fail|Not Armable
14:38:08.583,15.19,8700.0,12,FIX_3D,2.4,0.0,0.0,0.0,HOLD,False,Gyro Fail|Accel Fail|Mag Fail|Not Armable
14:38:08.683,15.19,8700.0,12,FIX_3D,2.4,0.0,0.0,0.0,HOLD,False,Gyro Fail|Accel Fail|Mag Fail|Not Armable
14:38:08.784,15.19,8700.0,12,FIX_3D,2.4,0.0,0.0,0.0,HOLD,False,Gyro Fail|Accel Fail|Mag Fail|Not Armable
14:38:08.884,15.19,8700.0,12,FIX_3D,2.4,0.0,0.0,0.0,HOLD,False,Gyro Fail|Accel Fail|Mag Fail|Not Armable
14:38:08.984,15.19,8700.0,12,FIX_3D,2.4,0.0,0.0,0.0,HOLD,False,Gyro Fail|Accel Fail|Mag Fail|Not Armable
14:38:09.084,15.19,8700.0,12,FIX_3D,2.4,0.0,0.0,0.0,HOLD,False,Gyro Fail|Accel Fail|Mag Fail|Not Armable
14:38:09.184,15.19,8700.0,12,FIX_3D,2.4,0.0,0.0,0.0,HOLD,False,Gyro Fail|Accel Fail|Mag Fail|Not Armable
14:38:09.285,15.19,8700.0,12,FIX_3D,2.4,0.0,0.0,0.0,HOLD,False,Gyro Fail|Accel Fail|Mag Fail|Not Armable
14:38:09.385,15.19,8700.0,12,FIX_3D,2.4,0.0,0.0,0.0,HOLD,False,Gyro Fail|Accel Fail|Mag Fail|Not Armable
14:38:09.486,15.19,8700.0,12,FIX_3D,2.4,0.0,0.0,0.0,HOLD,False,Gyro Fail|Accel Fail|Mag Fail|Not Armable
14:38:09.586,15.19,8700.0,12,FIX_3D,2.4,0.0,0.0,0.0,HOLD,False,Gyro Fail|Accel Fail|Mag Fail|Not Armable
14:38:09.686,15.19,8700.0,12,FIX_3D,2.4,0.0,0.0,0.0,HOLD,False,Gyro Fail|Accel Fail|Mag Fail|Not Armable
14:38:09.786,15.19,8700.0,12,FIX_3D,2.4,0.0,0.0,0.0,HOLD,False,Gyro Fail|Accel Fail|Mag Fail|Not Armable
14:38:09.888,15.19,8700.0,12,FIX_3D,2.4,0.0,0.0,0.0,HOLD,False,Gyro Fail|Accel Fail|Mag Fail|Not Armable
14:38:09.988,15.19,8700.0,12,FIX_3D,2.4,0.0,0.0,0.0,HOLD,False,Gyro Fail|Accel Fail|Mag Fail|Not Armable
14:38:10.088,15.19,8700.0,12,FIX_3D,2.4,0.0,0.0,0.0,HOLD,False,Gyro Fail|Accel Fail|Mag Fail|Not Armable
14:38:10.188,15.19,8700.0,12,FIX_3D,2.4,0.0,0.0,0.0,HOLD,False,Gyro Fail|Accel Fail|Mag Fail|Not Armable
14:38:10.289,15.19,8700.0,12,FIX_3D,2.4,0.0,0.0,0.0,HOLD,False,Gyro Fail|Accel Fail|Mag Fail|Not Armable
14:38:10.388,15.19,8700.0,12,FIX_3D,2.4,0.0,0.0,0.0,HOLD,False,Gyro Fail|Accel Fail|Mag Fail|Not Armable
14:38:10.489,15.19,8700.0,12,FIX_3D,2.54,0.0,0.0,0.0,HOLD,False,Gyro Fail|Accel Fail|Mag Fail|Not Armable
14:38:10.590,15.19,8700.0,12,FIX_3D,2.54,0.0,0.0,0.0,HOLD,False,Gyro Fail|Accel Fail|Mag Fail|Not Armable
14:38:10.690,15.19,8700.0,12,FIX_3D,2.56,0.0,0.0,0.0,HOLD,False,Gyro Fail|Accel Fail|Mag Fail|Not Armable
14:38:10.791,15.19,8700.0,12,FIX_3D,2.56,0.0,0.0,0.0,HOLD,False,Gyro Fail|Accel Fail|Mag Fail|Not Armable
14:38:10.892,15.19,8700.0,12,FIX_3D,2.6,0.0,0.0,0.0,HOLD,False,Gyro Fail|Accel Fail|Mag Fail|Not Armable
14:38:11.016,15.19,8700.0,12,FIX_3D,2.6,0.0,0.0,0.0,HOLD,False,Gyro Fail|Accel Fail|Mag Fail|Not Armable
14:38:11.116,15.19,8700.0,12,FIX_3D,2.63,0.0,0.0,0.0,HOLD,False,Gyro Fail|Accel Fail|Mag Fail|Not Armable
14:38:11.217,15.19,8700.0,12,FIX_3D,2.63,0.0,0.0,0.0,HOLD,False,Gyro Fail|Accel Fail|Mag Fail|Not Armable
14:38:11.317,15.19,8700.0,12,FIX_3D,2.67,0.0,0.0,0.0,HOLD,False,Gyro Fail|Accel Fail|Mag Fail|Not Armable
14:38:11.418,15.19,8700.0,12,FIX_3D,2.71,0.0,0.0,0.0,HOLD,False,Gyro Fail|Accel Fail|Mag Fail|Not Armable
14:38:11.518,15.19,8700.0,11,FIX_3D,2.71,0.0,0.0,0.0,HOLD,False,Gyro Fail|Accel Fail|Mag Fail|Not Armable
14:38:11.618,15.19,8700.0,11,FIX_3D,2.71,0.0,0.0,0.0,HOLD,False,Gyro Fail|Accel Fail|Mag Fail|Not Armable
14:38:11.719,15.19,8700.0,11,FIX_3D,2.73,0.0,0.0,0.0,HOLD,False,Gyro Fail|Accel Fail|Mag Fail|Not Armable
14:38:11.819,15.19,8700.0,11,FIX_3D,2.73,0.0,0.0,0.0,HOLD,False,Gyro Fail|Accel Fail|Mag Fail|Not Armable
14:38:11.921,15.19,8700.0,11,FIX_3D,2.75,0.0,0.0,0.0,HOLD,False,Gyro Fail|Accel Fail|Mag Fail|Not Armable
14:38:12.021,15.19,8700.0,11,FIX_3D,2.75,0.0,0.0,0.0,HOLD,False,Gyro Fail|Accel Fail|Mag Fail|Not Armable
14:38:12.122,15.19,8700.0,11,FIX_3D,2.76,0.0,0.0,0.0,HOLD,False,Gyro Fail|Accel Fail|Mag Fail|Not Armable
14:38:12.222,15.19,8700.0,11,FIX_3D,2.77,0.0,0.0,0.0,HOLD,False,Gyro Fail|Accel Fail|Mag Fail|Not Armable
14:38:12.323,15.19,8700.0,11,FIX_3D,2.77,0.0,0.0,0.0,HOLD,False,Gyro Fail|Accel Fail|Mag Fail|Not Armable
14:38:12.424,15.19,8700.0,11,FIX_3D,2.77,0.0,0.0,0.0,HOLD,False,Gyro Fail|Accel Fail|Mag Fail|Not Armable
14:38:12.524,15.19,8700.0,11,FIX_3D,2.77,0.0,0.0,0.0,HOLD,False,Gyro Fail|Accel Fail|Mag Fail|Not Armable
14:38:12.625,15.2,8700.0,11,FIX_3D,2.77,0.0,0.0,0.0,HOLD,False,Gyro Fail|Accel Fail|Mag Fail|Not Armable
14:38:12.726,15.2,8700.0,11,FIX_3D,2.77,0.0,0.0,0.0,HOLD,False,Gyro Fail|Accel Fail|Mag Fail|Not Armable
14:38:12.826,15.2,8700.0,11,FIX_3D,2.77,0.0,0.0,0.0,HOLD,False,Gyro Fail|Accel Fail|Mag Fail|Not Armable
14:38:12.927,15.2,8700.0,11,FIX_3D,2.76,0.0,0.0,0.0,HOLD,False,Gyro Fail|Accel Fail|Mag Fail|Not Armable
14:38:13.027,15.2,8700.0,11,FIX_3D,2.76,0.0,0.0,0.0,HOLD,False,Gyro Fail|Accel Fail|Mag Fail|Not Armable
14:38:13.128,15.2,8700.0,11,FIX_3D,2.76,0.0,0.0,0.0,HOLD,False,Gyro Fail|Accel Fail|Mag Fail|Not Armable
14:38:13.229,15.2,8700.0,11,FIX_3D,2.76,0.0,0.0,0.0,HOLD,False,Gyro Fail|Accel Fail|Mag Fail|Not Armable
14:38:13.329,15.2,8700.0,11,FIX_3D,2.76,0.0,0.0,0.0,HOLD,False,Gyro Fail|Accel Fail|Mag Fail|Not Armable
14:38:13.430,15.2,8700.0,11,FIX_3D,2.76,0.0,0.0,0.0,HOLD,False,Gyro Fail|Accel Fail|Mag Fail|Not Armable
14:38:13.531,15.2,8700.0,10,FIX_3D,2.76,0.0,0.0,0.0,HOLD,False,Gyro Fail|Accel Fail|Mag Fail|Not Armable
14:38:13.631,15.19,8700.0,10,FIX_3D,2.76,0.0,0.0,0.0,HOLD,False,Gyro Fail|Accel Fail|Mag Fail|Not Armable
14:38:13.732,15.19,8700.0,10,FIX_3D,2.76,0.0,0.0,0.0,HOLD,False,Gyro Fail|Accel Fail|Mag Fail|Not Armable
14:38:13.832,15.19,8700.0,10,FIX_3D,2.75,0.0,0.0,0.0,HOLD,False,Gyro Fail|Accel Fail|Mag Fail|Not Armable
14:38:13.933,15.19,8700.0,10,FIX_3D,2.75,0.0,0.0,0.0,HOLD,False,Gyro Fail|Accel Fail|Mag Fail|Not Armable
14:38:14.033,15.19,8700.0,10,FIX_3D,2.75,0.0,0.0,0.0,HOLD,False,Gyro Fail|Accel Fail|Mag Fail|Not Armable
14:38:14.133,15.19,8700.0,10,FIX_3D,2.75,0.0,0.0,0.0,HOLD,False,Gyro Fail|Accel Fail|Mag Fail|Not Armable
14:38:14.233,15.19,8700.0,10,FIX_3D,2.75,0.0,0.0,0.0,HOLD,False,Gyro Fail|Accel Fail|Mag Fail|Not Armable
14:38:14.334,15.19,8700.0,10,FIX_3D,2.74,0.0,0.0,0.0,HOLD,False,Gyro Fail|Accel Fail|Mag Fail|Not Armable
14:38:14.434,15.19,8700.0,10,FIX_3D,2.74,0.0,0.0,0.0,HOLD,False,Gyro Fail|Accel Fail|Mag Fail|Not Armable
14:38:14.535,15.19,8700.0,11,FIX_3D,2.74,0.0,0.0,0.0,HOLD,False,Gyro Fail|Accel Fail|Mag Fail|Not Armable
14:38:14.635,15.12,8700.0,11,FIX_3D,2.74,0.0,0.0,0.0,HOLD,False,Gyro Fail|Accel Fail|Mag Fail|Not Armable
14:38:14.736,15.12,8700.0,11,FIX_3D,2.74,0.0,0.0,0.0,HOLD,False,Gyro Fail|Accel Fail|Mag Fail|Not Armable
14:38:14.836,15.12,8700.0,11,FIX_3D,2.74,0.0,0.0,0.0,HOLD,False,Gyro Fail|Accel Fail|Mag Fail|Not Armable
14:38:14.936,15.12,8700.0,11,FIX_3D,2.75,0.0,0.0,0.0,HOLD,False,Gyro Fail|Accel Fail|Mag Fail|Not Armable
14:38:15.037,15.12,8700.0,12,FIX_3D,2.75,0.0,0.0,0.0,HOLD,False,Gyro Fail|Accel Fail|Mag Fail|Not Armable
14:38:15.137,15.12,8700.0,12,FIX_3D,2.75,0.0,0.0,0.0,HOLD,False,Gyro Fail|Accel Fail|Mag Fail|Not Armable
14:38:15.238,15.12,8700.0,12,FIX_3D,2.75,0.0,0.0,0.0,HOLD,False,Gyro Fail|Accel Fail|Mag Fail|Not Armable
14:38:15.339,15.12,8700.0,12,FIX_3D,2.75,0.0,0.0,0.0,HOLD,False,Gyro Fail|Accel Fail|Mag Fail|Not Armable
14:38:15.440,15.12,8700.0,12,FIX_3D,2.74,0.0,0.0,0.0,HOLD,False,Gyro Fail|Accel Fail|Mag Fail|Not Armable
14:38:15.540,15.12,8700.0,12,FIX_3D,2.74,0.0,0.0,0.0,HOLD,False,Gyro Fail|Accel Fail|Mag Fail|Not Armable
14:38:15.641,15.15,8700.0,11,FIX_3D,2.74,0.0,0.0,0.0,HOLD,False,Gyro Fail|Accel Fail|Mag Fail|Not Armable
14:38:15.741,15.15,8700.0,11,FIX_3D,2.74,0.0,0.0,0.0,HOLD,False,Gyro Fail|Accel Fail|Mag Fail|Not Armable
14:38:15.842,15.15,8700.0,11,FIX_3D,2.74,0.0,0.0,0.0,HOLD,False,Gyro Fail|Accel Fail|Mag Fail|Not Armable
14:38:15.943,15.15,8700.0,11,FIX_3D,2.74,0.0,0.0,0.0,HOLD,False,Gyro Fail|Accel Fail|Mag Fail|Not Armable
14:38:16.043,15.15,8700.0,11,FIX_3D,2.74,0.0,0.0,0.0,HOLD,False,Gyro Fail|Accel Fail|Mag Fail|Not Armable
14:38:16.144,15.15,8700.0,11,FIX_3D,2.74,0.0,0.0,0.0,HOLD,False,Gyro Fail|Accel Fail|Mag Fail|Not Armable
14:38:16.245,15.15,8700.0,11,FIX_3D,2.74,0.0,0.0,0.0,HOLD,False,Gyro Fail|Accel Fail|Mag Fail|Not Armable
14:38:16.345,15.15,8700.0,11,FIX_3D,2.74,0.0,0.0,0.0,HOLD,False,Gyro Fail|Accel Fail|Mag Fail|Not Armable
14:38:16.445,15.15,8700.0,11,FIX_3D,2.74,0.0,0.0,0.0,HOLD,False,Gyro Fail|Accel Fail|Mag Fail|Not Armable
14:38:16.547,15.15,8700.0,11,FIX_3D,2.73,0.0,0.0,0.0,HOLD,False,Gyro Fail|Accel Fail|Mag Fail|Not Armable
14:38:16.648,15.13,8700.0,11,FIX_3D,2.73,0.0,0.0,0.0,HOLD,False,Gyro Fail|Accel Fail|Mag Fail|Not Armable
14:38:16.749,15.13,8700.0,11,FIX_3D,2.73,0.0,0.0,0.0,HOLD,False,Gyro Fail|Accel Fail|Mag Fail|Not Armable
14:38:16.849,15.13,8700.0,11,FIX_3D,2.72,0.0,0.0,0.0,HOLD,False,Gyro Fail|Accel Fail|Mag Fail|Not Armable
14:38:16.949,15.13,8700.0,11,FIX_3D,2.72,0.0,0.0,0.0,HOLD,False,Gyro Fail|Accel Fail|Mag Fail|Not Armable
14:38:17.049,15.13,8700.0,11,FIX_3D,2.71,0.0,0.0,0.0,HOLD,False,Gyro Fail|Accel Fail|Mag Fail|Not Armable
14:38:17.150,15.13,8700.0,11,FIX_3D,2.71,0.0,0.0,0.0,HOLD,False,Gyro Fail|Accel Fail|Mag Fail|Not Armable
14:38:17.251,15.13,8700.0,11,FIX_3D,2.71,0.0,0.0,0.0,HOLD,False,Gyro Fail|Accel Fail|Mag Fail|Not Armable
14:38:17.352,15.13,8700.0,11,FIX_3D,2.71,0.0,0.0,0.0,HOLD,False,Gyro Fail|Accel Fail|Mag Fail|Not Armable
14:38:17.452,15.13,8700.0,11,FIX_3D,2.7,0.0,0.0,0.0,HOLD,False,Gyro Fail|Accel Fail|Mag Fail|Not Armable
14:38:17.553,15.19,8700.0,10,FIX_3D,2.7,0.0,0.0,0.0,HOLD,False,Gyro Fail|Accel Fail|Mag Fail|Not Armable
14:38:17.653,15.19,8700.0,10,FIX_3D,2.69,0.0,0.0,0.0,HOLD,False,Gyro Fail|Accel Fail|Mag Fail|Not Armable
14:38:17.754,15.19,8700.0,10,FIX_3D,2.69,0.0,0.0,0.0,HOLD,False,Gyro Fail|Accel Fail|Mag Fail|Not Armable
14:38:17.855,15.19,8700.0,10,FIX_3D,2.68,0.0,0.0,0.0,HOLD,False,Gyro Fail|Accel Fail|Mag Fail|Not Armable
14:38:17.957,15.19,8700.0,10,FIX_3D,2.68,0.0,0.0,0.0,HOLD,False,Gyro Fail|Accel Fail|Mag Fail|Not Armable
14:38:18.057,15.19,8700.0,11,FIX_3D,2.68,0.0,0.0,0.0,HOLD,False,Gyro Fail|Accel Fail|Mag Fail|Not Armable
14:38:18.157,15.19,8700.0,11,FIX_3D,2.68,0.0,0.0,0.0,HOLD,False,Gyro Fail|Accel Fail|Mag Fail|Not Armable
14:38:18.258,15.19,8700.0,11,FIX_3D,2.67,0.0,0.0,0.0,HOLD,False,Gyro Fail|Accel Fail|Mag Fail|Not Armable
14:38:18.358,15.19,8700.0,11,FIX_3D,2.67,0.0,0.0,0.0,HOLD,False,Gyro Fail|Accel Fail|Mag Fail|Not Armable
14:38:18.459,15.19,8700.0,11,FIX_3D,2.67,0.0,0.0,0.0,HOLD,False,Gyro Fail|Accel Fail|Mag Fail|Not Armable
14:38:18.559,15.19,8700.0,11,FIX_3D,2.67,0.0,0.0,0.0,HOLD,False,Gyro Fail|Accel Fail|Mag Fail|Not Armable
14:38:18.660,15.19,8700.0,11,FIX_3D,2.68,0.0,0.0,0.0,HOLD,False,Gyro Fail|Accel Fail|Mag Fail|Not Armable
14:38:18.761,15.19,8700.0,11,FIX_3D,2.68,0.0,0.0,0.0,HOLD,False,Gyro Fail|Accel Fail|Mag Fail|Not Armable
14:38:18.861,15.19,8700.0,11,FIX_3D,2.68,0.0,0.0,0.0,HOLD,False,Gyro Fail|Accel Fail|Mag Fail|Not Armable
14:38:18.962,15.19,8700.0,11,FIX_3D,2.69,0.0,0.0,0.0,HOLD,False,Gyro Fail|Accel Fail|Mag Fail|Not Armable
14:38:19.063,15.19,8700.0,10,FIX_3D,2.71,0.0,0.0,0.0,HOLD,False,Gyro Fail|Accel Fail|Mag Fail|Not Armable
14:38:19.163,15.19,8700.0,10,FIX_3D,2.71,0.0,0.0,0.0,HOLD,False,Gyro Fail|Accel Fail|Mag Fail|Not Armable
14:38:19.264,15.19,8700.0,10,FIX_3D,2.72,0.0,0.0,0.0,HOLD,False,Gyro Fail|Accel Fail|Mag Fail|Not Armable
14:38:19.365,15.19,8700.0,10,FIX_3D,2.72,0.0,0.0,0.0,HOLD,False,Gyro Fail|Accel Fail|Mag Fail|Not Armable
14:38:19.465,15.19,8700.0,10,FIX_3D,2.72,0.0,0.0,0.0,HOLD,False,Gyro Fail|Accel Fail|Mag Fail|Not Armable
14:38:19.565,15.19,8700.0,11,FIX_3D,2.73,0.0,0.0,0.0,HOLD,False,Gyro Fail|Accel Fail|Mag Fail|Not Armable
14:38:19.665,15.19,8700.0,11,FIX_3D,2.74,0.0,0.0,0.0,HOLD,False,Gyro Fail|Accel Fail|Mag Fail|Not Armable
14:38:19.765,15.19,8700.0,11,FIX_3D,2.74,0.0,0.0,0.0,HOLD,False,Gyro Fail|Accel Fail|Mag Fail|Not Armable
14:38:19.866,15.19,8700.0,11,FIX_3D,2.73,0.0,0.0,0.0,HOLD,False,Gyro Fail|Accel Fail|Mag Fail|Not Armable
14:38:19.967,15.19,8700.0,11,FIX_3D,2.73,0.0,0.0,0.0,HOLD,False,Gyro Fail|Accel Fail|Mag Fail|Not Armable
14:38:20.067,15.19,8700.0,11,FIX_3D,2.72,0.0,0.0,0.0,HOLD,False,Gyro Fail|Accel Fail|Mag Fail|Not Armable
14:38:20.168,15.19,8700.0,11,FIX_3D,2.72,0.0,0.0,0.0,HOLD,False,Gyro Fail|Accel Fail|Mag Fail|Not Armable
14:38:20.269,15.19,8700.0,11,FIX_3D,2.71,0.0,0.0,0.0,HOLD,False,Gyro Fail|Accel Fail|Mag Fail|Not Armable
14:38:20.369,15.19,8700.0,11,FIX_3D,2.71,0.0,0.0,0.0,HOLD,False,Gyro Fail|Accel Fail|Mag Fail|Not Armable
14:38:20.470,15.19,8700.0,11,FIX_3D,2.71,0.0,0.0,0.0,HOLD,False,Gyro Fail|Accel Fail|Mag Fail|Not Armable
14:38:20.570,15.15,8700.0,11,FIX_3D,2.71,0.0,0.0,0.0,HOLD,False,Gyro Fail|Accel Fail|Mag Fail|Not Armable
14:38:20.670,15.15,8700.0,11,FIX_3D,2.7,0.0,0.0,0.0,HOLD,False,Gyro Fail|Accel Fail|Mag Fail|Not Armable
14:38:20.771,15.15,8700.0,11,FIX_3D,2.7,0.0,0.0,0.0,HOLD,False,Gyro Fail|Accel Fail|Mag Fail|Not Armable
14:38:20.871,15.15,8700.0,11,FIX_3D,2.7,0.0,0.0,0.0,HOLD,False,Gyro Fail|Accel Fail|Mag Fail|Not Armable
14:38:20.971,15.15,8700.0,11,FIX_3D,2.7,0.0,0.0,0.0,HOLD,False,Gyro Fail|Accel Fail|Mag Fail|Not Armable
14:38:21.071,15.15,8700.0,11,FIX_3D,2.7,0.0,0.0,0.0,HOLD,False,Gyro Fail|Accel Fail|Mag Fail|Not Armable
14:38:21.171,15.15,8700.0,11,FIX_3D,2.71,0.0,0.0,0.0,HOLD,False,Gyro Fail|Accel Fail|Mag Fail|Not Armable
14:38:21.272,15.15,8700.0,11,FIX_3D,2.71,0.0,0.0,0.0,HOLD,False,Gyro Fail|Accel Fail|Mag Fail|Not Armable
14:38:21.372,15.15,8700.0,11,FIX_3D,2.71,0.0,0.0,0.0,HOLD,False,Gyro Fail|Accel Fail|Mag Fail|Not Armable
14:38:21.472,15.15,8700.0,11,FIX_3D,2.72,0.0,0.0,0.0,HOLD,False,Gyro Fail|Accel Fail|Mag Fail|Not Armable
14:38:21.572,15.19,8700.0,12,FIX_3D,2.72,0.0,0.0,0.0,HOLD,False,Gyro Fail|Accel Fail|Mag Fail|Not Armable
14:38:21.672,15.19,8700.0,12,FIX_3D,2.72,0.0,0.0,0.0,HOLD,False,Gyro Fail|Accel Fail|Mag Fail|Not Armable
14:38:21.772,15.19,8700.0,12,FIX_3D,2.72,0.0,0.0,0.0,HOLD,False,Gyro Fail|Accel Fail|Mag Fail|Not Armable
14:38:21.872,15.19,8700.0,12,FIX_3D,2.71,0.0,0.0,0.0,HOLD,False,Gyro Fail|Accel Fail|Mag Fail|Not Armable
14:38:21.973,15.19,8700.0,12,FIX_3D,2.71,0.0,0.0,0.0,HOLD,False,Gyro Fail|Accel Fail|Mag Fail|Not Armable
14:38:22.074,15.19,8700.0,12,FIX_3D,2.7,0.0,0.0,0.0,HOLD,False,Gyro Fail|Accel Fail|Mag Fail|Not Armable
14:38:22.174,15.19,8700.0,12,FIX_3D,2.7,0.0,0.0,0.0,HOLD,False,Gyro Fail|Accel Fail|Mag Fail|Not Armable
14:38:22.274,15.19,8700.0,12,FIX_3D,2.69,0.0,0.0,0.0,HOLD,False,Gyro Fail|Accel Fail|Mag Fail|Not Armable
14:38:22.375,15.19,8700.0,12,FIX_3D,2.69,0.0,0.0,0.0,HOLD,False,Gyro Fail|Accel Fail|Mag Fail|Not Armable
14:38:22.475,15.19,8700.0,12,FIX_3D,2.68,0.0,0.0,0.0,HOLD,False,Gyro Fail|Accel Fail|Mag Fail|Not Armable
14:38:22.575,15.19,8700.0,12,FIX_3D,2.68,0.0,0.0,0.0,HOLD,False,Gyro Fail|Accel Fail|Mag Fail|Not Armable
14:38:22.675,15.19,8700.0,12,FIX_3D,2.68,0.0,0.0,0.0,HOLD,False,Gyro Fail|Accel Fail|Mag Fail|Not Armable
14:38:22.775,15.19,8700.0,12,FIX_3D,2.68,0.0,0.0,0.0,HOLD,False,Gyro Fail|Accel Fail|Mag Fail|Not Armable
14:38:22.876,15.19,8700.0,12,FIX_3D,2.67,0.0,0.0,0.0,HOLD,False,Gyro Fail|Accel Fail|Mag Fail|Not Armable
14:38:22.976,15.19,8700.0,12,FIX_3D,2.67,0.0,0.0,0.0,HOLD,False,Gyro Fail|Accel Fail|Mag Fail|Not Armable
14:38:23.076,15.19,8700.0,12,FIX_3D,2.66,0.0,0.0,0.0,HOLD,False,Gyro Fail|Accel Fail|Mag Fail|Not Armable
14:38:23.177,15.19,8700.0,12,FIX_3D,2.66,0.0,0.0,0.0,HOLD,False,Gyro Fail|Accel Fail|Mag Fail|Not Armable
14:38:23.277,15.19,8700.0,12,FIX_3D,2.65,0.0,0.0,0.0,LAND,False,Gyro Fail|Accel Fail|Mag Fail|Not Armable
14:38:23.378,15.19,8700.0,12,FIX_3D,2.64,0.0,0.0,0.0,LAND,False,Gyro Fail|Accel Fail|Mag Fail|Not Armable
14:38:23.478,15.19,8700.0,12,FIX_3D,2.64,0.0,0.0,0.0,LAND,False,Gyro Fail|Accel Fail|Mag Fail|Not Armable
14:38:23.580,15.12,8700.0,12,FIX_3D,2.64,0.0,0.0,0.0,LAND,False,Gyro Fail|Accel Fail|Mag Fail|Not Armable
14:38:23.681,15.12,8700.0,12,FIX_3D,2.62,0.0,0.0,0.0,LAND,False,Gyro Fail|Accel Fail|Mag Fail|Not Armable
14:38:23.782,15.12,8700.0,12,FIX_3D,2.62,0.0,0.0,0.0,LAND,False,Gyro Fail|Accel Fail|Mag Fail|Not Armable
14:38:23.882,15.12,8700.0,12,FIX_3D,2.61,0.0,0.0,0.0,LAND,False,Gyro Fail|Accel Fail|Mag Fail|Not Armable
14:38:23.982,15.12,8700.0,12,FIX_3D,2.61,0.0,0.0,0.0,LAND,False,Gyro Fail|Accel Fail|Mag Fail|Not Armable
14:38:24.082,15.12,8700.0,12,FIX_3D,2.61,0.0,0.0,0.0,LAND,False,Gyro Fail|Accel Fail|Mag Fail|Not Armable
14:38:24.182,15.12,8700.0,12,FIX_3D,2.6,0.0,0.0,0.0,LAND,False,Gyro Fail|Accel Fail|Mag Fail|Not Armable
14:38:24.282,15.12,8700.0,12,FIX_3D,2.6,0.0,0.0,0.0,LAND,False,Gyro Fail|Accel Fail|Mag Fail|Not Armable
14:38:24.383,15.12,8700.0,12,FIX_3D,2.6,0.0,0.0,0.0,LAND,False,Gyro Fail|Accel Fail|Mag Fail|Not Armable
14:38:24.484,15.12,8700.0,12,FIX_3D,2.6,0.0,0.0,0.0,LAND,False,Gyro Fail|Accel Fail|Mag Fail|Not Armable
14:38:24.584,15.19,8700.0,12,FIX_3D,2.6,0.0,0.0,0.0,LAND,False,Gyro Fail|Accel Fail|Mag Fail|Not Armable
14:38:24.684,15.19,8700.0,12,FIX_3D,2.6,0.0,0.0,0.0,LAND,False,Gyro Fail|Accel Fail|Mag Fail|Not Armable
14:38:24.785,15.19,8700.0,12,FIX_3D,2.6,0.0,0.0,0.0,LAND,False,Gyro Fail|Accel Fail|Mag Fail|Not Armable
14:38:24.885,15.19,8700.0,12,FIX_3D,2.6,0.0,0.0,0.0,LAND,False,Gyro Fail|Accel Fail|Mag Fail|Not Armable
14:38:24.985,15.19,8700.0,12,FIX_3D,2.6,0.0,0.0,0.0,LAND,False,Gyro Fail|Accel Fail|Mag Fail|Not Armable
14:38:25.086,15.19,8700.0,11,FIX_3D,2.62,0.0,0.0,0.0,LAND,False,Gyro Fail|Accel Fail|Mag Fail|Not Armable
14:38:25.186,15.19,8700.0,11,FIX_3D,2.62,0.0,0.0,0.0,LAND,False,Gyro Fail|Accel Fail|Mag Fail|Not Armable
14:38:25.287,15.19,8700.0,11,FIX_3D,2.65,0.0,0.0,0.0,LAND,False,Gyro Fail|Accel Fail|Mag Fail|Not Armable
14:38:25.387,15.19,8700.0,11,FIX_3D,2.65,0.0,0.0,0.0,LAND,False,Gyro Fail|Accel Fail|Mag Fail|Not Armable
14:38:25.487,15.19,8700.0,11,FIX_3D,2.68,0.0,0.0,0.0,LAND,False,Gyro Fail|Accel Fail|Mag Fail|Not Armable
14:38:25.587,15.19,8700.0,11,FIX_3D,2.71,0.0,0.0,0.0,LAND,False,Gyro Fail|Accel Fail|Mag Fail|Not Armable
14:38:25.687,15.19,8700.0,11,FIX_3D,2.71,0.0,0.0,0.0,LAND,False,Gyro Fail|Accel Fail|Mag Fail|Not Armable
14:38:25.788,15.19,8700.0,11,FIX_3D,2.71,0.0,0.0,0.0,LAND,False,Gyro Fail|Accel Fail|Mag Fail|Not Armable
14:38:25.889,15.19,8700.0,11,FIX_3D,2.74,0.0,0.0,0.0,LAND,False,Gyro Fail|Accel Fail|Mag Fail|Not Armable
14:38:25.989,15.19,8700.0,11,FIX_3D,2.74,0.0,0.0,0.0,LAND,False,Gyro Fail|Accel Fail|Mag Fail|Not Armable
14:38:26.089,15.19,8700.0,11,FIX_3D,2.76,0.0,0.0,0.0,LAND,False,Gyro Fail|Accel Fail|Mag Fail|Not Armable
14:38:26.189,15.19,8700.0,11,FIX_3D,2.76,0.0,0.0,0.0,LAND,False,Gyro Fail|Accel Fail|Mag Fail|Not Armable
14:38:26.289,15.19,8700.0,11,FIX_3D,2.78,0.0,0.0,0.0,LAND,False,Gyro Fail|Accel Fail|Mag Fail|Not Armable
14:38:26.390,15.19,8700.0,11,FIX_3D,2.78,0.0,0.0,0.0,LAND,False,Gyro Fail|Accel Fail|Mag Fail|Not Armable
14:38:26.491,15.19,8700.0,11,FIX_3D,2.78,0.0,0.0,0.0,LAND,False,Gyro Fail|Accel Fail|Mag Fail|Not Armable
14:38:26.591,15.19,8700.0,12,FIX_3D,2.78,0.0,0.0,0.0,LAND,False,Gyro Fail|Accel Fail|Mag Fail|Not Armable
14:38:26.693,15.19,8700.0,12,FIX_3D,2.78,0.0,0.0,0.0,LAND,False,Gyro Fail|Accel Fail|Mag Fail|Not Armable
14:38:26.794,15.19,8700.0,12,FIX_3D,2.78,0.0,0.0,0.0,LAND,False,Gyro Fail|Accel Fail|Mag Fail|Not Armable
14:38:26.894,15.19,8700.0,12,FIX_3D,2.78,0.0,0.0,0.0,LAND,False,Gyro Fail|Accel Fail|Mag Fail|Not Armable
14:38:26.995,15.19,8700.0,12,FIX_3D,2.78,0.0,0.0,0.0,LAND,False,Gyro Fail|Accel Fail|Mag Fail|Not Armable
14:38:27.096,15.19,8700.0,12,FIX_3D,2.76,0.0,0.0,0.0,LAND,False,Gyro Fail|Accel Fail|Mag Fail|Not Armable
14:38:27.197,15.19,8700.0,12,FIX_3D,2.74,0.0,0.0,0.0,LAND,False,Gyro Fail|Accel Fail|Mag Fail|Not Armable
14:38:27.298,15.19,8700.0,12,FIX_3D,2.74,0.0,0.0,0.0,LAND,False,Gyro Fail|Accel Fail|Mag Fail|Not Armable
14:38:27.398,15.19,8700.0,12,FIX_3D,2.74,0.0,0.0,0.0,LAND,False,Gyro Fail|Accel Fail|Mag Fail|Not Armable
14:38:27.498,15.19,8700.0,12,FIX_3D,2.73,0.0,0.0,0.0,LAND,False,Gyro Fail|Accel Fail|Mag Fail|Not Armable
14:38:27.600,15.19,8700.0,12,FIX_3D,2.73,0.0,0.0,0.0,LAND,False,Gyro Fail|Accel Fail|Mag Fail|Not Armable
14:38:27.700,15.19,8700.0,12,FIX_3D,2.71,0.0,0.0,0.0,LAND,False,Gyro Fail|Accel Fail|Mag Fail|Not Armable
14:38:27.800,15.19,8700.0,12,FIX_3D,2.7,0.0,0.0,0.0,LAND,False,Gyro Fail|Accel Fail|Mag Fail|Not Armable
14:38:27.900,15.19,8700.0,12,FIX_3D,2.7,0.0,0.0,0.0,LAND,False,Gyro Fail|Accel Fail|Mag Fail|Not Armable
14:38:28.000,15.19,8700.0,12,FIX_3D,2.7,0.0,0.0,0.0,LAND,False,Gyro Fail|Accel Fail|Mag Fail|Not Armable
14:38:28.101,15.19,8700.0,12,FIX_3D,2.68,0.0,0.0,0.0,LAND,False,Gyro Fail|Accel Fail|Mag Fail|Not Armable
14:38:28.201,15.19,8700.0,12,FIX_3D,2.68,0.0,0.0,0.0,LAND,False,Gyro Fail|Accel Fail|Mag Fail|Not Armable
14:38:28.301,15.19,8700.0,12,FIX_3D,2.67,0.0,0.0,0.0,LAND,False,Gyro Fail|Accel Fail|Mag Fail|Not Armable
14:38:28.401,15.19,8700.0,12,FIX_3D,2.67,0.0,0.0,0.0,LAND,False,Gyro Fail|Accel Fail|Mag Fail|Not Armable
14:38:28.502,15.19,8700.0,12,FIX_3D,2.65,0.0,0.0,0.0,LAND,False,Gyro Fail|Accel Fail|Mag Fail|Not Armable
14:38:28.603,15.19,8700.0,12,FIX_3D,2.64,0.0,0.0,0.0,LAND,False,Gyro Fail|Accel Fail|Mag Fail|Not Armable
14:38:28.703,15.19,8700.0,12,FIX_3D,2.64,0.0,0.0,0.0,LAND,False,Gyro Fail|Accel Fail|Mag Fail|Not Armable
14:38:28.803,15.19,8700.0,12,FIX_3D,2.63,0.0,0.0,0.0,LAND,False,Gyro Fail|Accel Fail|Mag Fail|Not Armable
14:38:28.904,15.19,8700.0,12,FIX_3D,2.63,0.0,0.0,0.0,LAND,False,Gyro Fail|Accel Fail|Mag Fail|Not Armable
14:38:29.004,15.19,8700.0,12,FIX_3D,2.63,0.0,0.0,0.0,LAND,False,Gyro Fail|Accel Fail|Mag Fail|Not Armable
14:38:29.104,15.19,8700.0,12,FIX_3D,2.62,0.0,0.0,0.0,LAND,False,Gyro Fail|Accel Fail|Mag Fail|Not Armable
14:38:29.206,15.19,8700.0,12,FIX_3D,2.62,0.0,0.0,0.0,LAND,False,Gyro Fail|Accel Fail|Mag Fail|Not Armable
14:38:29.307,15.19,8700.0,12,FIX_3D,2.61,0.0,0.0,0.0,LAND,False,Gyro Fail|Accel Fail|Mag Fail|Not Armable
14:38:29.407,15.19,8700.0,12,FIX_3D,2.6,0.0,0.0,0.0,LAND,False,Gyro Fail|Accel Fail|Mag Fail|Not Armable
14:38:29.508,15.19,8700.0,12,FIX_3D,2.6,0.0,0.0,0.0,LAND,False,Gyro Fail|Accel Fail|Mag Fail|Not Armable
14:38:29.610,15.19,8700.0,11,FIX_3D,2.58,0.0,0.0,0.0,LAND,False,Gyro Fail|Accel Fail|Mag Fail|Not Armable
14:38:29.710,15.19,8700.0,11,FIX_3D,2.58,0.0,0.0,0.0,LAND,False,Gyro Fail|Accel Fail|Mag Fail|Not Armable
14:38:29.810,15.19,8700.0,11,FIX_3D,2.58,0.0,0.0,0.0,LAND,False,Gyro Fail|Accel Fail|Mag Fail|Not Armable
14:38:29.911,15.19,8700.0,11,FIX_3D,2.56,0.0,0.0,0.0,LAND,False,Gyro Fail|Accel Fail|Mag Fail|Not Armable
14:38:30.012,15.19,8700.0,12,FIX_3D,2.56,0.0,0.0,0.0,LAND,False,Gyro Fail|Accel Fail|Mag Fail|Not Armable
14:38:30.114,15.19,8700.0,12,FIX_3D,2.54,0.0,0.0,0.0,LAND,False,Gyro Fail|Accel Fail|Mag Fail|Not Armable
14:38:30.214,15.19,8700.0,12,FIX_3D,2.52,0.0,0.0,0.0,LAND,False,Gyro Fail|Accel Fail|Mag Fail|Not Armable
14:38:30.314,15.19,8700.0,12,FIX_3D,2.52,0.0,0.0,0.0,LAND,False,Gyro Fail|Accel Fail|Mag Fail|Not Armable
14:38:30.415,15.19,8700.0,12,FIX_3D,2.52,0.0,0.0,0.0,LAND,False,Gyro Fail|Accel Fail|Mag Fail|Not Armable
14:38:30.516,15.19,8700.0,12,FIX_3D,2.5,0.0,0.0,0.0,LAND,False,Gyro Fail|Accel Fail|Mag Fail|Not Armable
14:38:30.616,15.19,8700.0,12,FIX_3D,2.5,0.0,0.0,0.0,LAND,False,Gyro Fail|Accel Fail|Mag Fail|Not Armable
14:38:30.717,15.19,8700.0,12,FIX_3D,2.48,0.0,0.0,0.0,LAND,False,Gyro Fail|Accel Fail|Mag Fail|Not Armable
14:38:30.818,15.19,8700.0,12,FIX_3D,2.47,0.0,0.0,0.0,LAND,False,Gyro Fail|Accel Fail|Mag Fail|Not Armable
14:38:30.919,15.19,8700.0,12,FIX_3D,2.47,0.0,0.0,0.0,LAND,False,Gyro Fail|Accel Fail|Mag Fail|Not Armable
14:38:31.019,15.19,8700.0,12,FIX_3D,2.47,0.0,0.0,0.0,LAND,False,Gyro Fail|Accel Fail|Mag Fail|Not Armable
14:38:31.119,15.19,8700.0,12,FIX_3D,2.46,0.0,0.0,0.0,LAND,False,Gyro Fail|Accel Fail|Mag Fail|Not Armable
14:38:31.220,15.19,8700.0,12,FIX_3D,2.46,0.0,0.0,0.0,LAND,False,Gyro Fail|Accel Fail|Mag Fail|Not Armable
14:38:31.320,15.19,8700.0,12,FIX_3D,2.45,0.0,0.0,0.0,LAND,False,Gyro Fail|Accel Fail|Mag Fail|Not Armable
14:38:31.421,15.19,8700.0,12,FIX_3D,2.45,0.0,0.0,0.0,LAND,False,Gyro Fail|Accel Fail|Mag Fail|Not Armable
14:38:31.521,15.19,8700.0,12,FIX_3D,2.44,0.0,0.0,0.0,LAND,False,Gyro Fail|Accel Fail|Mag Fail|Not Armable
14:38:31.621,15.19,8700.0,12,FIX_3D,2.43,0.0,0.0,0.0,LAND,False,Gyro Fail|Accel Fail|Mag Fail|Not Armable
14:38:31.722,15.19,8700.0,12,FIX_3D,2.43,0.0,0.0,0.0,LAND,False,Gyro Fail|Accel Fail|Mag Fail|Not Armable
14:38:31.823,15.19,8700.0,12,FIX_3D,2.41,0.0,0.0,0.0,LAND,False,Gyro Fail|Accel Fail|Mag Fail|Not Armable
14:38:31.923,15.19,8700.0,12,FIX_3D,2.41,0.0,0.0,0.0,LAND,False,Gyro Fail|Accel Fail|Mag Fail|Not Armable
14:38:32.023,15.19,8700.0,12,FIX_3D,2.41,0.0,0.0,0.0,LAND,False,Gyro Fail|Accel Fail|Mag Fail|Not Armable
14:38:32.124,15.19,8700.0,12,FIX_3D,2.39,0.0,0.0,0.0,LAND,False,Gyro Fail|Accel Fail|Mag Fail|Not Armable
14:38:32.224,15.19,8700.0,12,FIX_3D,2.39,0.0,0.0,0.0,LAND,False,Gyro Fail|Accel Fail|Mag Fail|Not Armable
14:38:32.325,15.19,8700.0,12,FIX_3D,2.37,0.0,0.0,0.0,LAND,False,Gyro Fail|Accel Fail|Mag Fail|Not Armable
14:38:32.427,15.19,8700.0,12,FIX_3D,2.36,0.0,0.0,0.0,LAND,False,Gyro Fail|Accel Fail|Mag Fail|Not Armable
14:38:32.528,15.19,8700.0,12,FIX_3D,2.36,0.0,0.0,0.0,LAND,False,Gyro Fail|Accel Fail|Mag Fail|Not Armable
14:38:32.629,15.19,8700.0,12,FIX_3D,2.36,0.0,0.0,0.0,LAND,False,Gyro Fail|Accel Fail|Mag Fail|Not Armable
14:38:32.730,15.19,8700.0,12,FIX_3D,2.36,0.0,0.0,0.0,LAND,False,Gyro Fail|Accel Fail|Mag Fail|Not Armable
14:38:32.830,15.19,8700.0,12,FIX_3D,2.36,0.0,0.0,0.0,LAND,False,Gyro Fail|Accel Fail|Mag Fail|Not Armable
14:38:32.931,15.19,8700.0,12,FIX_3D,2.37,0.0,0.0,0.0,LAND,False,Gyro Fail|Accel Fail|Mag Fail|Not Armable
14:38:33.031,15.19,8700.0,11,FIX_3D,2.38,0.0,0.0,0.0,LAND,False,Gyro Fail|Accel Fail|Mag Fail|Not Armable
14:38:33.131,15.19,8700.0,11,FIX_3D,2.38,0.0,0.0,0.0,LAND,False,Gyro Fail|Accel Fail|Mag Fail|Not Armable
14:38:33.234,15.19,8700.0,11,FIX_3D,2.4,0.0,0.0,0.0,LAND,False,Gyro Fail|Accel Fail|Mag Fail|Not Armable
14:38:33.334,15.19,8700.0,11,FIX_3D,2.4,0.0,0.0,0.0,LAND,False,Gyro Fail|Accel Fail|Mag Fail|Not Armable
14:38:33.434,15.19,8700.0,11,FIX_3D,2.42,0.0,0.0,0.0,LAND,False,Gyro Fail|Accel Fail|Mag Fail|Not Armable
14:38:33.535,15.19,8700.0,11,FIX_3D,2.42,0.0,0.0,0.0,LAND,False,Gyro Fail|Accel Fail|Mag Fail|Not Armable
14:38:33.636,15.19,8700.0,11,FIX_3D,2.42,0.0,0.0,0.0,LAND,False,Gyro Fail|Accel Fail|Mag Fail|Not Armable
14:38:33.736,15.19,8700.0,11,FIX_3D,2.44,0.0,0.0,0.0,LAND,False,Gyro Fail|Accel Fail|Mag Fail|Not Armable
14:38:33.836,15.19,8700.0,11,FIX_3D,2.46,0.0,0.0,0.0,LAND,False,Gyro Fail|Accel Fail|Mag Fail|Not Armable
14:38:33.937,15.19,8700.0,11,FIX_3D,2.46,0.0,0.0,0.0,LAND,False,Gyro Fail|Accel Fail|Mag Fail|Not Armable
14:38:34.037,15.19,8700.0,11,FIX_3D,2.45,0.0,0.0,0.0,LAND,False,Gyro Fail|Accel Fail|Mag Fail|Not Armable
14:38:34.138,15.19,8700.0,11,FIX_3D,2.45,0.0,0.0,0.0,LAND,False,Gyro Fail|Accel Fail|Mag Fail|Not Armable
14:38:34.239,15.19,8700.0,11,FIX_3D,2.44,0.0,0.0,0.0,LAND,False,Gyro Fail|Accel Fail|Mag Fail|Not Armable
14:38:34.340,15.19,8700.0,11,FIX_3D,2.44,0.0,0.0,0.0,LAND,False,Gyro Fail|Accel Fail|Mag Fail|Not Armable
14:38:34.440,15.19,8700.0,11,FIX_3D,2.44,0.0,0.0,0.0,LAND,False,Gyro Fail|Accel Fail|Mag Fail|Not Armable
14:38:34.540,15.19,8700.0,11,FIX_3D,2.42,0.0,0.0,0.0,LAND,False,Gyro Fail|Accel Fail|Mag Fail|Not Armable
14:38:34.642,15.19,8700.0,11,FIX_3D,2.39,0.0,0.0,0.0,LAND,False,Gyro Fail|Accel Fail|Mag Fail|Not Armable
14:38:34.742,15.19,8700.0,11,FIX_3D,2.39,0.0,0.0,0.0,LAND,False,Gyro Fail|Accel Fail|Mag Fail|Not Armable
14:38:34.843,15.19,8700.0,11,FIX_3D,2.36,0.0,0.0,0.0,LAND,False,Gyro Fail|Accel Fail|Mag Fail|Not Armable
14:38:34.944,15.19,8700.0,11,FIX_3D,2.36,0.0,0.0,0.0,LAND,False,Gyro Fail|Accel Fail|Mag Fail|Not Armable
14:38:35.044,15.19,8700.0,11,FIX_3D,2.36,0.0,0.0,0.0,LAND,False,Gyro Fail|Accel Fail|Mag Fail|Not Armable
14:38:35.145,15.19,8700.0,11,FIX_3D,2.34,0.0,0.0,0.0,LAND,False,Gyro Fail|Accel Fail|Mag Fail|Not Armable
14:38:35.245,15.19,8700.0,11,FIX_3D,2.34,0.0,0.0,0.0,LAND,False,Gyro Fail|Accel Fail|Mag Fail|Not Armable
14:38:35.346,15.19,8700.0,11,FIX_3D,2.33,0.0,0.0,0.0,LAND,False,Gyro Fail|Accel Fail|Mag Fail|Not Armable
14:38:35.448,15.19,8700.0,11,FIX_3D,2.32,0.0,0.0,0.0,LAND,False,Gyro Fail|Accel Fail|Mag Fail|Not Armable
14:38:35.549,15.19,8700.0,11,FIX_3D,2.32,0.0,0.0,0.0,LAND,False,Gyro Fail|Accel Fail|Mag Fail|Not Armable
14:38:35.651,15.19,8700.0,11,FIX_3D,2.3,0.0,0.0,0.0,LAND,False,Gyro Fail|Accel Fail|Mag Fail|Not Armable
14:38:35.752,15.19,8700.0,11,FIX_3D,2.3,0.0,0.0,0.0,LAND,False,Gyro Fail|Accel Fail|Mag Fail|Not Armable
14:38:35.852,15.19,8700.0,11,FIX_3D,2.29,0.0,0.0,0.0,LAND,False,Gyro Fail|Accel Fail|Mag Fail|Not Armable
14:38:35.953,15.19,8700.0,11,FIX_3D,2.29,0.0,0.0,0.0,LAND,False,Gyro Fail|Accel Fail|Mag Fail|Not Armable
14:38:36.053,15.19,8700.0,11,FIX_3D,2.27,0.0,0.0,0.0,LAND,False,Gyro Fail|Accel Fail|Mag Fail|Not Armable
14:38:36.154,15.19,8700.0,11,FIX_3D,2.27,0.0,0.0,0.0,LAND,False,Gyro Fail|Accel Fail|Mag Fail|Not Armable
14:38:36.255,15.19,8700.0,11,FIX_3D,2.24,0.0,0.0,0.0,LAND,False,Gyro Fail|Accel Fail|Mag Fail|Not Armable
14:38:36.355,15.19,8700.0,11,FIX_3D,2.24,0.0,0.0,0.0,LAND,False,Gyro Fail|Accel Fail|Mag Fail|Not Armable
14:38:36.457,15.19,8700.0,11,FIX_3D,2.22,0.0,0.0,0.0,LAND,False,Gyro Fail|Accel Fail|Mag Fail|Not Armable
14:38:36.557,15.19,8700.0,11,FIX_3D,2.22,0.0,0.0,0.0,LAND,False,Gyro Fail|Accel Fail|Mag Fail|Not Armable
14:38:36.659,15.19,8700.0,11,FIX_3D,2.19,0.0,0.0,0.0,LAND,False,Gyro Fail|Accel Fail|Mag Fail|Not Armable
14:38:36.760,15.19,8700.0,11,FIX_3D,2.19,0.0,0.0,0.0,LAND,False,Gyro Fail|Accel Fail|Mag Fail|Not Armable
14:38:36.860,15.19,8700.0,11,FIX_3D,2.17,0.0,0.0,0.0,LAND,False,Gyro Fail|Accel Fail|Mag Fail|Not Armable
14:38:36.962,15.19,8700.0,11,FIX_3D,2.17,0.0,0.0,0.0,LAND,False,Gyro Fail|Accel Fail|Mag Fail|Not Armable
14:38:37.063,15.19,8700.0,11,FIX_3D,2.15,0.0,0.0,0.0,LAND,False,Gyro Fail|Accel Fail|Mag Fail|Not Armable
14:38:37.163,15.19,8700.0,11,FIX_3D,2.15,0.0,0.0,0.0,LAND,False,Gyro Fail|Accel Fail|Mag Fail|Not Armable
14:38:37.264,15.19,8700.0,11,FIX_3D,2.14,0.0,0.0,0.0,LAND,False,Gyro Fail|Accel Fail|Mag Fail|Not Armable
14:38:37.364,15.19,8700.0,11,FIX_3D,2.14,0.0,0.0,0.0,LAND,False,Gyro Fail|Accel Fail|Mag Fail|Not Armable
14:38:37.465,15.19,8700.0,11,FIX_3D,2.14,0.0,0.0,0.0,LAND,False,Gyro Fail|Accel Fail|Mag Fail|Not Armable
14:38:37.565,15.19,8700.0,11,FIX_3D,2.12,0.0,0.0,0.0,LAND,False,Gyro Fail|Accel Fail|Mag Fail|Not Armable
14:38:37.666,15.19,8700.0,11,FIX_3D,2.13,0.0,0.0,0.0,LAND,False,Gyro Fail|Accel Fail|Mag Fail|Not Armable
14:38:37.766,15.19,8700.0,11,FIX_3D,2.13,0.0,0.0,0.0,LAND,False,Gyro Fail|Accel Fail|Mag Fail|Not Armable
14:38:37.867,15.19,8700.0,11,FIX_3D,2.13,0.0,0.0,0.0,LAND,False,Gyro Fail|Accel Fail|Mag Fail|Not Armable
14:38:37.968,15.19,8700.0,11,FIX_3D,2.13,0.0,0.0,0.0,LAND,False,Gyro Fail|Accel Fail|Mag Fail|Not Armable
14:38:38.068,15.19,8700.0,11,FIX_3D,2.14,0.0,0.0,0.0,LAND,False,Gyro Fail|Accel Fail|Mag Fail|Not Armable
14:38:38.168,15.19,8700.0,11,FIX_3D,2.14,0.0,0.0,0.0,LAND,False,Gyro Fail|Accel Fail|Mag Fail|Not Armable
14:38:38.269,15.19,8700.0,11,FIX_3D,2.14,0.0,0.0,0.0,LAND,False,Gyro Fail|Accel Fail|Mag Fail|Not Armable
14:38:38.369,15.19,8700.0,11,FIX_3D,2.14,0.0,0.0,0.0,LAND,False,Gyro Fail|Accel Fail|Mag Fail|Not Armable
14:38:38.470,15.19,8700.0,11,FIX_3D,2.15,0.0,0.0,0.0,LAND,False,Gyro Fail|Accel Fail|Mag Fail|Not Armable
14:38:38.570,15.19,8700.0,10,FIX_3D,2.15,0.0,0.0,0.0,LAND,False,Gyro Fail|Accel Fail|Mag Fail|Not Armable
14:38:38.672,15.19,8700.0,10,FIX_3D,2.16,0.0,0.0,0.0,LAND,False,Gyro Fail|Accel Fail|Mag Fail|Not Armable
14:38:38.773,15.19,8700.0,10,FIX_3D,2.16,0.0,0.0,0.0,LAND,False,Gyro Fail|Accel Fail|Mag Fail|Not Armable
14:38:38.874,15.19,8700.0,10,FIX_3D,2.18,0.0,0.0,0.0,LAND,False,Gyro Fail|Accel Fail|Mag Fail|Not Armable
14:38:38.974,15.19,8700.0,10,FIX_3D,2.18,0.0,0.0,0.0,LAND,False,Gyro Fail|Accel Fail|Mag Fail|Not Armable
14:38:39.075,15.19,8700.0,10,FIX_3D,2.2,0.0,0.0,0.0,LAND,False,Gyro Fail|Accel Fail|Mag Fail|Not Armable
14:38:39.175,15.19,8700.0,10,FIX_3D,2.2,0.0,0.0,0.0,LAND,False,Gyro Fail|Accel Fail|Mag Fail|Not Armable
14:38:39.276,15.19,8700.0,10,FIX_3D,2.21,0.0,0.0,0.0,LAND,False,Gyro Fail|Accel Fail|Mag Fail|Not Armable
14:38:39.377,15.19,8700.0,10,FIX_3D,2.21,0.0,0.0,0.0,LAND,False,Gyro Fail|Accel Fail|Mag Fail|Not Armable
14:38:39.478,15.19,8700.0,10,FIX_3D,2.23,0.0,0.0,0.0,LAND,False,Gyro Fail|Accel Fail|Mag Fail|Not Armable
14:38:39.578,15.19,8700.0,10,FIX_3D,2.23,0.0,0.0,0.0,LAND,False,Gyro Fail|Accel Fail|Mag Fail|Not Armable
14:38:39.680,15.19,8700.0,10,FIX_3D,2.26,0.0,0.0,0.0,LAND,False,Gyro Fail|Accel Fail|Mag Fail|Not Armable
14:38:39.781,15.19,8700.0,10,FIX_3D,2.3,0.0,0.0,0.0,LAND,False,Gyro Fail|Accel Fail|Mag Fail|Not Armable
14:38:39.881,15.19,8700.0,10,FIX_3D,2.3,0.0,0.0,0.0,LAND,False,Gyro Fail|Accel Fail|Mag Fail|Not Armable
14:38:39.981,15.19,8700.0,10,FIX_3D,2.3,0.0,0.0,0.0,LAND,False,Gyro Fail|Accel Fail|Mag Fail|Not Armable
14:38:40.082,15.19,8700.0,10,FIX_3D,2.34,0.0,0.0,0.0,LAND,False,Gyro Fail|Accel Fail|Mag Fail|Not Armable
14:38:40.182,15.19,8700.0,10,FIX_3D,2.34,0.0,0.0,0.0,LAND,False,Gyro Fail|Accel Fail|Mag Fail|Not Armable
14:38:40.283,15.19,8700.0,10,FIX_3D,2.39,0.0,0.0,0.0,LAND,False,Gyro Fail|Accel Fail|Mag Fail|Not Armable
14:38:40.383,15.19,8700.0,10,FIX_3D,2.39,0.0,0.0,0.0,LAND,False,Gyro Fail|Accel Fail|Mag Fail|Not Armable
14:38:40.483,15.19,8700.0,10,FIX_3D,2.39,0.0,0.0,0.0,LAND,False,Gyro Fail|Accel Fail|Mag Fail|Not Armable
14:38:40.583,15.19,8700.0,10,FIX_3D,2.44,0.0,0.0,0.0,LAND,False,Gyro Fail|Accel Fail|Mag Fail|Not Armable
14:38:40.683,15.19,8700.0,10,FIX_3D,2.48,0.0,0.0,0.0,LAND,False,Gyro Fail|Accel Fail|Mag Fail|Not Armable
14:38:40.784,15.19,8700.0,10,FIX_3D,2.48,0.0,0.0,0.0,LAND,False,Gyro Fail|Accel Fail|Mag Fail|Not Armable
14:38:40.884,15.19,8700.0,10,FIX_3D,2.51,0.0,0.0,0.0,LAND,False,Gyro Fail|Accel Fail|Mag Fail|Not Armable
14:38:40.985,15.19,8700.0,10,FIX_3D,2.51,0.0,0.0,0.0,LAND,False,Gyro Fail|Accel Fail|Mag Fail|Not Armable
14:38:41.085,15.19,8700.0,10,FIX_3D,2.53,0.0,0.0,0.0,LAND,False,Gyro Fail|Accel Fail|Mag Fail|Not Armable
14:38:41.186,15.19,8700.0,10,FIX_3D,2.53,0.0,0.0,0.0,LAND,False,Gyro Fail|Accel Fail|Mag Fail|Not Armable
14:38:41.287,15.19,8700.0,10,FIX_3D,2.54,0.0,0.0,0.0,LAND,False,Gyro Fail|Accel Fail|Mag Fail|Not Armable
14:38:41.387,15.19,8700.0,10,FIX_3D,2.54,0.0,0.0,0.0,LAND,False,Gyro Fail|Accel Fail|Mag Fail|Not Armable
14:38:41.487,15.19,8700.0,10,FIX_3D,2.54,0.0,0.0,0.0,LAND,False,Gyro Fail|Accel Fail|Mag Fail|Not Armable
14:38:41.588,15.19,8700.0,10,FIX_3D,2.54,0.0,0.0,0.0,LAND,False,Gyro Fail|Accel Fail|Mag Fail|Not Armable
14:38:41.688,15.19,8700.0,10,FIX_3D,2.54,0.0,0.0,0.0,LAND,False,Gyro Fail|Accel Fail|Mag Fail|Not Armable
14:38:41.789,15.19,8700.0,10,FIX_3D,2.54,0.0,0.0,0.0,LAND,False,Gyro Fail|Accel Fail|Mag Fail|Not Armable
14:38:41.890,15.19,8700.0,10,FIX_3D,2.54,0.0,0.0,0.0,LAND,False,Gyro Fail|Accel Fail|Mag Fail|Not Armable
14:38:41.991,15.19,8700.0,10,FIX_3D,2.54,0.0,0.0,0.0,LAND,False,Gyro Fail|Accel Fail|Mag Fail|Not Armable
14:38:42.091,15.19,8700.0,10,FIX_3D,2.54,0.0,0.0,0.0,LAND,False,Gyro Fail|Accel Fail|Mag Fail|Not Armable
14:38:42.192,15.19,8700.0,10,FIX_3D,2.54,0.0,0.0,0.0,LAND,False,Gyro Fail|Accel Fail|Mag Fail|Not Armable
14:38:42.292,15.19,8700.0,10,FIX_3D,2.54,0.0,0.0,0.0,LAND,False,Gyro Fail|Accel Fail|Mag Fail|Not Armable
14:38:42.393,15.19,8700.0,10,FIX_3D,2.54,0.0,0.0,0.0,LAND,False,Gyro Fail|Accel Fail|Mag Fail|Not Armable
14:38:42.493,15.19,8700.0,10,FIX_3D,2.54,0.0,0.0,0.0,LAND,False,Gyro Fail|Accel Fail|Mag Fail|Not Armable
14:38:42.593,15.19,8700.0,10,FIX_3D,2.54,0.0,0.0,0.0,LAND,False,Gyro Fail|Accel Fail|Mag Fail|Not Armable
14:38:42.693,15.19,8700.0,10,FIX_3D,2.54,0.0,0.0,0.0,LAND,False,Gyro Fail|Accel Fail|Mag Fail|Not Armable
14:38:42.794,15.19,8700.0,10,FIX_3D,2.54,0.0,0.0,0.0,LAND,False,Gyro Fail|Accel Fail|Mag Fail|Not Armable
14:38:42.894,15.19,8700.0,10,FIX_3D,2.54,0.0,0.0,0.0,LAND,False,Gyro Fail|Accel Fail|Mag Fail|Not Armable
14:38:42.994,15.19,8700.0,10,FIX_3D,2.54,0.0,0.0,0.0,LAND,False,Gyro Fail|Accel Fail|Mag Fail|Not Armable
14:38:43.095,15.19,8700.0,10,FIX_3D,2.54,0.0,0.0,0.0,LAND,False,Gyro Fail|Accel Fail|Mag Fail|Not Armable
14:38:43.195,15.19,8700.0,10,FIX_3D,2.54,0.0,0.0,0.0,LAND,False,Gyro Fail|Accel Fail|Mag Fail|Not Armable
14:38:43.295,15.19,8700.0,10,FIX_3D,2.54,0.0,0.0,0.0,LAND,False,Gyro Fail|Accel Fail|Mag Fail|Not Armable
14:38:43.399,15.19,8700.0,10,FIX_3D,2.54,0.0,0.0,0.0,LAND,False,Gyro Fail|Accel Fail|Mag Fail|Not Armable
14:38:43.499,15.19,8700.0,10,FIX_3D,2.67,0.0,0.0,0.0,LAND,False,Gyro Fail|Accel Fail|Mag Fail|Not Armable
14:38:43.599,15.19,8700.0,10,FIX_3D,2.67,0.0,0.0,0.0,LAND,False,Gyro Fail|Accel Fail|Mag Fail|Not Armable
14:38:43.699,15.19,8700.0,10,FIX_3D,2.69,0.0,0.0,0.0,LAND,False,Gyro Fail|Accel Fail|Mag Fail|Not Armable
14:38:43.799,15.19,8700.0,10,FIX_3D,2.69,0.0,0.0,0.0,LAND,False,Gyro Fail|Accel Fail|Mag Fail|Not Armable
14:38:43.900,15.19,8700.0,10,FIX_3D,2.7,0.0,0.0,0.0,LAND,False,Gyro Fail|Accel Fail|Mag Fail|Not Armable
14:38:44.029,15.19,8700.0,10,FIX_3D,2.7,0.0,0.0,0.0,LAND,False,Gyro Fail|Accel Fail|Mag Fail|Not Armable
14:38:44.129,15.19,8700.0,10,FIX_3D,2.72,0.0,0.0,0.0,LAND,False,Gyro Fail|Accel Fail|Mag Fail|Not Armable
14:38:44.230,15.19,8700.0,10,FIX_3D,2.72,0.0,0.0,0.0,LAND,False,Gyro Fail|Accel Fail|Mag Fail|Not Armable
14:38:44.330,15.19,8700.0,10,FIX_3D,2.73,0.0,0.0,0.0,LAND,False,Gyro Fail|Accel Fail|Mag Fail|Not Armable
14:38:44.431,15.19,8700.0,10,FIX_3D,2.75,0.0,0.0,0.0,LAND,False,Gyro Fail|Accel Fail|Mag Fail|Not Armable
14:38:44.531,15.19,8700.0,10,FIX_3D,2.75,0.0,0.0,0.0,LAND,False,Gyro Fail|Accel Fail|Mag Fail|Not Armable
14:38:44.632,15.19,8700.0,10,FIX_3D,2.77,0.0,0.0,0.0,LAND,False,Gyro Fail|Accel Fail|Mag Fail|Not Armable
14:38:44.732,15.19,8700.0,10,FIX_3D,2.77,0.0,0.0,0.0,LAND,False,Gyro Fail|Accel Fail|Mag Fail|Not Armable
14:38:44.832,15.19,8700.0,10,FIX_3D,2.77,0.0,0.0,0.0,LAND,False,Gyro Fail|Accel Fail|Mag Fail|Not Armable
14:38:44.932,15.19,8700.0,10,FIX_3D,2.78,0.0,0.0,0.0,LAND,False,Gyro Fail|Accel Fail|Mag Fail|Not Armable
14:38:45.032,15.19,8700.0,10,FIX_3D,2.79,0.0,0.0,0.0,LAND,False,Gyro Fail|Accel Fail|Mag Fail|Not Armable
14:38:45.132,15.19,8700.0,10,FIX_3D,2.79,0.0,0.0,0.0,LAND,False,Gyro Fail|Accel Fail|Mag Fail|Not Armable
14:38:45.232,15.19,8700.0,10,FIX_3D,2.8,0.0,0.0,0.0,LAND,False,Gyro Fail|Accel Fail|Mag Fail|Not Armable
14:38:45.332,15.19,8700.0,10,FIX_3D,2.8,0.0,0.0,0.0,LAND,False,Gyro Fail|Accel Fail|Mag Fail|Not Armable
14:38:45.432,15.19,8700.0,10,FIX_3D,2.8,0.0,0.0,0.0,LAND,False,Gyro Fail|Accel Fail|Mag Fail|Not Armable
14:38:45.532,15.19,8700.0,10,FIX_3D,2.8,0.0,0.0,0.0,LAND,False,Gyro Fail|Accel Fail|Mag Fail|Not Armable
14:38:45.633,15.19,8700.0,10,FIX_3D,2.8,0.0,0.0,0.0,LAND,False,Gyro Fail|Accel Fail|Mag Fail|Not Armable
14:38:45.733,15.19,8700.0,10,FIX_3D,2.81,0.0,0.0,0.0,LAND,False,Gyro Fail|Accel Fail|Mag Fail|Not Armable
14:38:45.833,15.19,8700.0,10,FIX_3D,2.81,0.0,0.0,0.0,LAND,False,Gyro Fail|Accel Fail|Mag Fail|Not Armable
14:38:45.933,15.19,8700.0,10,FIX_3D,2.81,0.0,0.0,0.0,LAND,False,Gyro Fail|Accel Fail|Mag Fail|Not Armable
14:38:46.033,15.19,8700.0,10,FIX_3D,2.81,0.0,0.0,0.0,LAND,False,Gyro Fail|Accel Fail|Mag Fail|Not Armable
14:38:46.134,15.19,8700.0,10,FIX_3D,2.81,0.0,0.0,0.0,LAND,False,Gyro Fail|Accel Fail|Mag Fail|Not Armable
14:38:46.234,15.19,8700.0,10,FIX_3D,2.81,0.0,0.0,0.0,LAND,False,Gyro Fail|Accel Fail|Mag Fail|Not Armable
14:38:46.334,15.19,8700.0,10,FIX_3D,2.82,0.0,0.0,0.0,LAND,False,Gyro Fail|Accel Fail|Mag Fail|Not Armable
14:38:46.435,15.19,8700.0,10,FIX_3D,2.82,0.0,0.0,0.0,LAND,False,Gyro Fail|Accel Fail|Mag Fail|Not Armable
14:38:46.535,15.19,8700.0,10,FIX_3D,2.82,0.0,0.0,0.0,LAND,False,Gyro Fail|Accel Fail|Mag Fail|Not Armable
14:38:46.637,15.19,8700.0,10,FIX_3D,2.83,0.0,0.0,0.0,LAND,False,Gyro Fail|Accel Fail|Mag Fail|Not Armable
14:38:46.737,15.19,8700.0,10,FIX_3D,2.83,0.0,0.0,0.0,LAND,False,Gyro Fail|Accel Fail|Mag Fail|Not Armable
14:38:46.837,15.19,8700.0,10,FIX_3D,2.84,0.0,0.0,0.0,LAND,False,Gyro Fail|Accel Fail|Mag Fail|Not Armable
14:38:46.937,15.19,8700.0,10,FIX_3D,2.84,0.0,0.0,0.0,LAND,False,Gyro Fail|Accel Fail|Mag Fail|Not Armable
14:38:47.038,15.19,8700.0,10,FIX_3D,2.84,0.0,0.0,0.0,LAND,False,Gyro Fail|Accel Fail|Mag Fail|Not Armable
14:38:47.138,15.19,8700.0,10,FIX_3D,2.85,0.0,0.0,0.0,LAND,False,Gyro Fail|Accel Fail|Mag Fail|Not Armable
14:38:47.239,15.19,8700.0,10,FIX_3D,2.85,0.0,0.0,0.0,LAND,False,Gyro Fail|Accel Fail|Mag Fail|Not Armable
14:38:47.340,15.19,8700.0,10,FIX_3D,2.86,0.0,0.0,0.0,LAND,False,Gyro Fail|Accel Fail|Mag Fail|Not Armable
14:38:47.440,15.19,8700.0,10,FIX_3D,2.87,0.0,0.0,0.0,LAND,False,Gyro Fail|Accel Fail|Mag Fail|Not Armable
14:38:47.541,15.19,8700.0,10,FIX_3D,2.87,0.0,0.0,0.0,LAND,False,Gyro Fail|Accel Fail|Mag Fail|Not Armable
14:38:47.642,15.19,8700.0,10,FIX_3D,2.88,0.0,0.0,0.0,LAND,False,Gyro Fail|Accel Fail|Mag Fail|Not Armable
14:38:47.742,15.19,8700.0,10,FIX_3D,2.88,0.0,0.0,0.0,LAND,False,Gyro Fail|Accel Fail|Mag Fail|Not Armable
14:38:47.843,15.19,8700.0,10,FIX_3D,2.88,0.0,0.0,0.0,LAND,False,Gyro Fail|Accel Fail|Mag Fail|Not Armable
14:38:47.943,15.19,8700.0,10,FIX_3D,2.89,0.0,0.0,0.0,LAND,False,Gyro Fail|Accel Fail|Mag Fail|Not Armable
14:38:48.043,15.19,8700.0,10,FIX_3D,2.89,0.0,0.0,0.0,LAND,False,Gyro Fail|Accel Fail|Mag Fail|Not Armable
14:38:48.143,15.19,8700.0,10,FIX_3D,2.89,0.0,0.0,0.0,LAND,False,Gyro Fail|Accel Fail|Mag Fail|Not Armable
14:38:48.244,15.19,8700.0,10,FIX_3D,2.89,0.0,0.0,0.0,LAND,False,Gyro Fail|Accel Fail|Mag Fail|Not Armable
14:38:48.344,15.19,8700.0,10,FIX_3D,2.89,0.0,0.0,0.0,LAND,False,Gyro Fail|Accel Fail|Mag Fail|Not Armable
14:38:48.444,15.19,8700.0,10,FIX_3D,2.88,0.0,0.0,0.0,LAND,False,Gyro Fail|Accel Fail|Mag Fail|Not Armable
14:38:48.544,15.19,8700.0,10,FIX_3D,2.88,0.0,0.0,0.0,LAND,False,Gyro Fail|Accel Fail|Mag Fail|Not Armable
14:38:48.645,15.18,8700.0,10,FIX_3D,2.88,0.0,0.0,0.0,LAND,False,Gyro Fail|Accel Fail|Mag Fail|Not Armable
14:38:48.746,15.18,8700.0,10,FIX_3D,2.88,0.0,0.0,0.0,LAND,False,Gyro Fail|Accel Fail|Mag Fail|Not Armable
14:38:48.846,15.18,8700.0,10,FIX_3D,2.87,0.0,0.0,0.0,LAND,False,Gyro Fail|Accel Fail|Mag Fail|Not Armable
14:38:48.947,15.18,8700.0,10,FIX_3D,2.87,0.0,0.0,0.0,LAND,False,Gyro Fail|Accel Fail|Mag Fail|Not Armable
14:38:49.047,15.18,8700.0,10,FIX_3D,2.87,0.0,0.0,0.0,LAND,False,Gyro Fail|Accel Fail|Mag Fail|Not Armable
14:38:49.148,15.18,8700.0,10,FIX_3D,2.87,0.0,0.0,0.0,LAND,False,Gyro Fail|Accel Fail|Mag Fail|Not Armable
14:38:49.249,15.18,8700.0,10,FIX_3D,2.86,0.0,0.0,0.0,LAND,False,Gyro Fail|Accel Fail|Mag Fail|Not Armable
14:38:49.349,15.18,8700.0,10,FIX_3D,2.86,0.0,0.0,0.0,LAND,False,Gyro Fail|Accel Fail|Mag Fail|Not Armable
14:38:49.449,15.18,8700.0,10,FIX_3D,2.86,0.0,0.0,0.0,LAND,False,Gyro Fail|Accel Fail|Mag Fail|Not Armable
14:38:49.550,15.18,8700.0,10,FIX_3D,2.85,0.0,0.0,0.0,HOLD,False,Gyro Fail|Accel Fail|Mag Fail|Not Armable
14:38:49.652,15.19,8700.0,10,FIX_3D,2.84,0.0,0.0,0.0,HOLD,False,Gyro Fail|Accel Fail|Mag Fail|Not Armable
14:38:49.753,15.19,8700.0,10,FIX_3D,2.84,0.0,0.0,0.0,HOLD,False,Gyro Fail|Accel Fail|Mag Fail|Not Armable
14:38:49.853,15.19,8700.0,10,FIX_3D,2.83,0.0,0.0,0.0,HOLD,False,Gyro Fail|Accel Fail|Mag Fail|Not Armable
14:38:49.954,15.19,8700.0,10,FIX_3D,2.83,0.0,0.0,0.0,HOLD,False,Gyro Fail|Accel Fail|Mag Fail|Not Armable
14:38:50.055,15.19,8700.0,10,FIX_3D,2.83,0.0,0.0,0.0,HOLD,False,Gyro Fail|Accel Fail|Mag Fail|Not Armable
14:38:50.155,15.19,8700.0,10,FIX_3D,2.82,0.0,0.0,0.0,HOLD,False,Gyro Fail|Accel Fail|Mag Fail|Not Armable
14:38:50.255,15.19,8700.0,10,FIX_3D,2.82,0.0,0.0,0.0,HOLD,False,Gyro Fail|Accel Fail|Mag Fail|Not Armable
14:38:50.355,15.19,8700.0,10,FIX_3D,2.81,0.0,0.0,0.0,HOLD,False,Gyro Fail|Accel Fail|Mag Fail|Not Armable
14:38:50.455,15.19,8700.0,10,FIX_3D,2.8,0.0,0.0,0.0,HOLD,False,Gyro Fail|Accel Fail|Mag Fail|Not Armable
14:38:50.555,15.14,8700.0,10,FIX_3D,2.8,0.0,0.0,0.0,HOLD,False,Gyro Fail|Accel Fail|Mag Fail|Not Armable
14:38:50.656,15.14,8700.0,10,FIX_3D,2.79,0.0,0.0,0.0,HOLD,False,Gyro Fail|Accel Fail|Mag Fail|Not Armable
14:38:50.756,15.14,8700.0,10,FIX_3D,2.79,0.0,0.0,0.0,HOLD,False,Gyro Fail|Accel Fail|Mag Fail|Not Armable
14:38:50.856,15.14,8700.0,10,FIX_3D,2.79,0.0,0.0,0.0,HOLD,False,Gyro Fail|Accel Fail|Mag Fail|Not Armable
14:38:50.956,15.14,8700.0,10,FIX_3D,2.79,0.0,0.0,0.0,HOLD,False,Gyro Fail|Accel Fail|Mag Fail|Not Armable
14:38:51.057,15.14,8700.0,10,FIX_3D,2.79,0.0,0.0,0.0,HOLD,False,Gyro Fail|Accel Fail|Mag Fail|Not Armable
14:38:51.157,15.14,8700.0,10,FIX_3D,2.79,0.0,0.0,0.0,HOLD,False,Gyro Fail|Accel Fail|Mag Fail|Not Armable
14:38:51.258,15.14,8700.0,10,FIX_3D,2.79,0.0,0.0,0.0,HOLD,False,Gyro Fail|Accel Fail|Mag Fail|Not Armable
14:38:51.359,15.14,8700.0,10,FIX_3D,2.79,0.0,0.0,0.0,HOLD,False,Gyro Fail|Accel Fail|Mag Fail|Not Armable
14:38:51.459,15.14,8700.0,10,FIX_3D,2.77,0.0,0.0,0.0,HOLD,False,Gyro Fail|Accel Fail|Mag Fail|Not Armable
14:38:51.559,15.14,8700.0,10,FIX_3D,2.77,0.0,0.0,0.0,HOLD,False,Gyro Fail|Accel Fail|Mag Fail|Not Armable
14:38:51.659,15.19,8700.0,10,FIX_3D,2.76,0.0,0.0,0.0,HOLD,False,Gyro Fail|Accel Fail|Mag Fail|Not Armable
14:38:51.760,15.19,8700.0,10,FIX_3D,2.76,0.0,0.0,0.0,HOLD,False,Gyro Fail|Accel Fail|Mag Fail|Not Armable
14:38:51.860,15.19,8700.0,10,FIX_3D,2.75,0.0,0.0,0.0,OFFBOARD,False,Gyro Fail|Accel Fail|Mag Fail|Not Armable
14:38:51.960,15.19,8700.0,10,FIX_3D,2.75,0.0,0.0,0.0,OFFBOARD,False,Gyro Fail|Accel Fail|Mag Fail|Not Armable
14:38:52.060,15.19,8700.0,10,FIX_3D,2.74,0.0,0.0,0.0,OFFBOARD,False,Gyro Fail|Accel Fail|Mag Fail|Not Armable
14:38:52.160,15.19,8700.0,10,FIX_3D,2.74,0.0,0.0,0.0,OFFBOARD,False,Gyro Fail|Accel Fail|Mag Fail|Not Armable
14:38:52.260,15.19,8700.0,10,FIX_3D,2.74,0.0,0.0,0.0,OFFBOARD,False,Gyro Fail|Accel Fail|Mag Fail|Not Armable
14:38:52.361,15.19,8700.0,10,FIX_3D,2.74,0.0,0.0,0.0,OFFBOARD,False,Gyro Fail|Accel Fail|Mag Fail|Not Armable
14:38:52.461,15.19,8700.0,10,FIX_3D,2.74,0.0,0.0,0.0,OFFBOARD,False,Gyro Fail|Accel Fail|Mag Fail|Not Armable
14:38:52.562,15.19,8700.0,10,FIX_3D,2.74,0.0,0.0,0.0,OFFBOARD,False,Gyro Fail|Accel Fail|Mag Fail|Not Armable
14:38:52.663,15.19,8700.0,10,FIX_3D,2.73,0.0,0.0,0.0,OFFBOARD,False,Gyro Fail|Accel Fail|Mag Fail|Not Armable
14:38:52.763,15.19,8700.0,10,FIX_3D,2.73,0.0,0.0,0.0,OFFBOARD,False,Gyro Fail|Accel Fail|Mag Fail|Not Armable
14:38:52.864,15.19,8700.0,10,FIX_3D,2.72,0.0,0.0,0.0,OFFBOARD,False,Gyro Fail|Accel Fail|Mag Fail|Not Armable
14:38:52.964,15.19,8700.0,10,FIX_3D,2.72,0.0,0.0,0.0,OFFBOARD,False,Gyro Fail|Accel Fail|Mag Fail|Not Armable
14:38:53.064,15.19,8700.0,10,FIX_3D,2.7,0.0,0.0,0.0,OFFBOARD,False,Gyro Fail|Accel Fail|Mag Fail|Not Armable
14:38:53.165,15.19,8700.0,10,FIX_3D,2.7,0.0,0.0,0.0,OFFBOARD,False,Gyro Fail|Accel Fail|Mag Fail|Not Armable
14:38:53.265,15.19,8700.0,10,FIX_3D,2.7,0.0,0.0,0.0,OFFBOARD,False,Gyro Fail|Accel Fail|Mag Fail|Not Armable
14:38:53.366,15.19,8700.0,10,FIX_3D,2.68,0.0,0.0,0.0,OFFBOARD,False,Gyro Fail|Accel Fail|Mag Fail|Not Armable
14:38:53.466,15.19,8700.0,10,FIX_3D,2.67,0.0,0.0,0.0,OFFBOARD,False,Gyro Fail|Accel Fail|Mag Fail|Not Armable
14:38:53.567,15.19,8700.0,10,FIX_3D,2.67,0.0,0.0,0.0,OFFBOARD,False,Gyro Fail|Accel Fail|Mag Fail|Not Armable
14:38:53.667,15.19,8700.0,10,FIX_3D,2.66,0.0,0.0,0.0,OFFBOARD,False,Gyro Fail|Accel Fail|Mag Fail|Not Armable
14:38:53.768,15.19,8700.0,10,FIX_3D,2.66,0.0,0.0,0.0,OFFBOARD,False,Gyro Fail|Accel Fail|Mag Fail|Not Armable
14:38:53.868,15.19,8700.0,10,FIX_3D,2.66,0.0,0.0,0.0,OFFBOARD,False,Gyro Fail|Accel Fail|Mag Fail|Not Armable
14:38:53.969,15.19,8700.0,10,FIX_3D,2.66,0.0,0.0,0.0,OFFBOARD,False,Gyro Fail|Accel Fail|Mag Fail|Not Armable
14:38:54.069,15.19,8700.0,10,FIX_3D,2.66,0.0,0.0,0.0,OFFBOARD,False,Gyro Fail|Accel Fail|Mag Fail|Not Armable
14:38:54.169,15.19,8700.0,10,FIX_3D,2.66,0.0,0.0,0.0,OFFBOARD,False,Gyro Fail|Accel Fail|Mag Fail|Not Armable
14:38:54.269,15.19,8700.0,10,FIX_3D,2.65,0.0,0.0,0.0,OFFBOARD,False,Gyro Fail|Accel Fail|Mag Fail|Not Armable
14:38:54.369,15.19,8700.0,10,FIX_3D,2.65,0.0,0.0,0.0,OFFBOARD,False,Gyro Fail|Accel Fail|Mag Fail|Not Armable
14:38:54.469,15.19,8700.0,10,FIX_3D,2.65,0.0,0.0,0.0,OFFBOARD,False,Gyro Fail|Accel Fail|Mag Fail|Not Armable
14:38:54.569,15.19,8700.0,10,FIX_3D,2.65,0.0,0.0,0.0,OFFBOARD,False,Gyro Fail|Accel Fail|Mag Fail|Not Armable
14:38:54.669,15.19,8700.0,10,FIX_3D,2.65,0.0,0.0,0.0,OFFBOARD,False,Gyro Fail|Accel Fail|Mag Fail|Not Armable
14:38:54.769,15.19,8700.0,10,FIX_3D,2.65,0.0,0.0,0.0,OFFBOARD,False,Gyro Fail|Accel Fail|Mag Fail|Not Armable
14:38:54.869,15.19,8700.0,10,FIX_3D,2.65,0.0,0.0,0.0,OFFBOARD,False,Gyro Fail|Accel Fail|Mag Fail|Not Armable
14:38:54.970,15.19,8700.0,10,FIX_3D,2.65,0.0,0.0,0.0,OFFBOARD,False,Gyro Fail|Accel Fail|Mag Fail|Not Armable
14:38:55.070,15.19,8700.0,10,FIX_3D,2.66,0.0,0.0,0.0,OFFBOARD,False,Gyro Fail|Accel Fail|Mag Fail|Not Armable
14:38:55.171,15.19,8700.0,10,FIX_3D,2.66,0.0,0.0,0.0,OFFBOARD,False,Gyro Fail|Accel Fail|Mag Fail|Not Armable
14:38:55.272,15.19,8700.0,10,FIX_3D,2.67,0.0,0.0,0.0,OFFBOARD,False,Gyro Fail|Accel Fail|Mag Fail|Not Armable
14:38:55.374,15.19,8700.0,10,FIX_3D,2.7,0.0,0.0,0.0,OFFBOARD,False,Gyro Fail|Accel Fail|Mag Fail|Not Armable
14:38:55.474,15.19,8700.0,10,FIX_3D,2.7,0.0,0.0,0.0,OFFBOARD,False,Gyro Fail|Accel Fail|Mag Fail|Not Armable
14:38:55.575,15.19,8700.0,10,FIX_3D,2.7,0.0,0.0,0.0,OFFBOARD,False,Gyro Fail|Accel Fail|Mag Fail|Not Armable
14:38:55.675,15.13,8700.0,10,FIX_3D,2.72,0.0,0.0,0.0,OFFBOARD,False,Gyro Fail|Accel Fail|Mag Fail|Not Armable
14:38:55.776,15.13,8700.0,10,FIX_3D,2.72,0.0,0.0,0.0,OFFBOARD,False,Gyro Fail|Accel Fail|Mag Fail|Not Armable
14:38:55.876,15.13,8700.0,10,FIX_3D,2.75,0.0,0.0,0.0,OFFBOARD,False,Gyro Fail|Accel Fail|Mag Fail|Not Armable
14:38:55.977,15.13,8700.0,10,FIX_3D,2.75,0.0,0.0,0.0,OFFBOARD,False,Gyro Fail|Accel Fail|Mag Fail|Not Armable
14:38:56.077,15.13,8700.0,9,FIX_3D,2.78,0.0,0.0,0.0,OFFBOARD,False,Gyro Fail|Accel Fail|Mag Fail|Not Armable
14:38:56.178,15.13,8700.0,9,FIX_3D,2.78,0.0,0.0,0.0,OFFBOARD,False,Gyro Fail|Accel Fail|Mag Fail|Not Armable
14:38:56.278,15.13,8700.0,9,FIX_3D,2.79,0.0,0.0,0.0,OFFBOARD,False,Gyro Fail|Accel Fail|Mag Fail|Not Armable
14:38:56.379,15.13,8700.0,9,FIX_3D,2.79,0.0,0.0,0.0,OFFBOARD,False,Gyro Fail|Accel Fail|Mag Fail|Not Armable
14:38:56.479,15.13,8700.0,9,FIX_3D,2.8,0.0,0.0,0.0,OFFBOARD,False,Gyro Fail|Accel Fail|Mag Fail|Not Armable
14:38:56.581,15.19,8700.0,9,FIX_3D,2.8,0.0,0.0,0.0,OFFBOARD,False,Gyro Fail|Accel Fail|Mag Fail|Not Armable
14:38:56.681,15.19,8700.0,9,FIX_3D,2.8,0.0,0.0,0.0,OFFBOARD,False,Gyro Fail|Accel Fail|Mag Fail|Not Armable
14:38:56.782,15.19,8700.0,9,FIX_3D,2.8,0.0,0.0,0.0,OFFBOARD,False,Gyro Fail|Accel Fail|Mag Fail|Not Armable
14:38:56.882,15.19,8700.0,9,FIX_3D,2.8,0.0,0.0,0.0,OFFBOARD,False,Gyro Fail|Accel Fail|Mag Fail|Not Armable
14:38:56.982,15.19,8700.0,9,FIX_3D,2.79,0.0,0.0,0.0,OFFBOARD,False,Gyro Fail|Accel Fail|Mag Fail|Not Armable
14:38:57.082,15.19,8700.0,9,FIX_3D,2.77,0.0,0.0,0.0,OFFBOARD,False,Gyro Fail|Accel Fail|Mag Fail|Not Armable
14:38:57.182,15.19,8700.0,9,FIX_3D,2.77,0.0,0.0,0.0,OFFBOARD,False,Gyro Fail|Accel Fail|Mag Fail|Not Armable
14:38:57.283,15.19,8700.0,9,FIX_3D,2.75,0.0,0.0,0.0,OFFBOARD,False,Gyro Fail|Accel Fail|Mag Fail|Not Armable
14:38:57.383,15.19,8700.0,9,FIX_3D,2.75,0.0,0.0,0.0,OFFBOARD,False,Gyro Fail|Accel Fail|Mag Fail|Not Armable
14:38:57.483,15.19,8700.0,10,FIX_3D,2.72,0.0,0.0,0.0,OFFBOARD,False,Gyro Fail|Accel Fail|Mag Fail|Not Armable
14:38:57.583,15.13,8700.0,10,FIX_3D,2.7,0.0,0.0,0.0,OFFBOARD,False,Gyro Fail|Accel Fail|Mag Fail|Not Armable
14:38:57.684,15.13,8700.0,10,FIX_3D,2.7,0.0,0.0,0.0,OFFBOARD,False,Gyro Fail|Accel Fail|Mag Fail|Not Armable
14:38:57.784,15.13,8700.0,10,FIX_3D,2.7,0.0,0.0,0.0,OFFBOARD,False,Gyro Fail|Accel Fail|Mag Fail|Not Armable
14:38:57.884,15.13,8700.0,10,FIX_3D,2.66,0.0,0.0,0.0,OFFBOARD,False,Gyro Fail|Accel Fail|Mag Fail|Not Armable
14:38:57.984,15.13,8700.0,10,FIX_3D,2.66,0.0,0.0,0.0,OFFBOARD,False,Gyro Fail|Accel Fail|Mag Fail|Not Armable
14:38:58.086,15.13,8700.0,10,FIX_3D,2.64,0.0,0.0,0.0,HOLD,False,Gyro Fail|Accel Fail|Mag Fail|Not Armable
14:38:58.186,15.13,8700.0,10,FIX_3D,2.64,0.0,0.0,0.0,HOLD,False,Gyro Fail|Accel Fail|Mag Fail|Not Armable
14:38:58.286,15.13,8700.0,10,FIX_3D,2.62,0.0,0.0,0.0,LAND,False,Gyro Fail|Accel Fail|Mag Fail|Not Armable
14:38:58.386,15.13,8700.0,10,FIX_3D,2.62,0.0,0.0,0.0,LAND,False,Gyro Fail|Accel Fail|Mag Fail|Not Armable
14:38:58.487,15.13,8700.0,10,FIX_3D,2.62,0.0,0.0,0.0,LAND,False,Gyro Fail|Accel Fail|Mag Fail|Not Armable
14:38:58.587,15.13,8700.0,10,FIX_3D,2.62,0.0,0.0,0.0,LAND,False,Gyro Fail|Accel Fail|Mag Fail|Not Armable
14:38:58.687,15.13,8700.0,10,FIX_3D,2.61,0.0,0.0,0.0,LAND,False,Gyro Fail|Accel Fail|Mag Fail|Not Armable
14:38:58.788,15.13,8700.0,10,FIX_3D,2.61,0.0,0.0,0.0,LAND,False,Gyro Fail|Accel Fail|Mag Fail|Not Armable
14:38:58.890,15.13,8700.0,10,FIX_3D,2.6,0.0,0.0,0.0,LAND,False,Gyro Fail|Accel Fail|Mag Fail|Not Armable
14:38:58.991,15.13,8700.0,11,FIX_3D,2.6,0.0,0.0,0.0,LAND,False,Gyro Fail|Accel Fail|Mag Fail|Not Armable
14:38:59.092,15.13,8700.0,11,FIX_3D,2.59,0.0,0.0,0.0,LAND,False,Gyro Fail|Accel Fail|Mag Fail|Not Armable
14:38:59.193,15.13,8700.0,11,FIX_3D,2.57,0.0,0.0,0.0,LAND,False,Gyro Fail|Accel Fail|Mag Fail|Not Armable
14:38:59.293,15.13,8700.0,11,FIX_3D,2.57,0.0,0.0,0.0,LAND,False,Gyro Fail|Accel Fail|Mag Fail|Not Armable
14:38:59.394,15.13,8700.0,11,FIX_3D,2.56,0.0,0.0,0.0,LAND,False,Gyro Fail|Accel Fail|Mag Fail|Not Armable
14:38:59.495,15.13,8700.0,11,FIX_3D,2.56,0.0,0.0,0.0,LAND,False,Gyro Fail|Accel Fail|Mag Fail|Not Armable
14:38:59.595,15.19,8700.0,11,FIX_3D,2.56,0.0,0.0,0.0,LAND,False,Gyro Fail|Accel Fail|Mag Fail|Not Armable
14:38:59.696,15.19,8700.0,11,FIX_3D,2.55,0.0,0.0,0.0,LAND,False,Gyro Fail|Accel Fail|Mag Fail|Not Armable
14:38:59.796,15.19,8700.0,11,FIX_3D,2.55,0.0,0.0,0.0,LAND,False,Gyro Fail|Accel Fail|Mag Fail|Not Armable
14:38:59.897,15.19,8700.0,11,FIX_3D,2.54,0.0,0.0,0.0,LAND,False,Gyro Fail|Accel Fail|Mag Fail|Not Armable
14:38:59.997,15.19,8700.0,11,FIX_3D,2.54,0.0,0.0,0.0,LAND,False,Gyro Fail|Accel Fail|Mag Fail|Not Armable
14:39:00.097,15.19,8700.0,11,FIX_3D,2.54,0.0,0.0,0.0,LAND,False,Gyro Fail|Accel Fail|Mag Fail|Not Armable
14:39:00.198,15.19,8700.0,11,FIX_3D,2.54,0.0,0.0,0.0,LAND,False,Gyro Fail|Accel Fail|Mag Fail|Not Armable
14:39:00.298,15.19,8700.0,11,FIX_3D,2.53,0.0,0.0,0.0,LAND,False,Gyro Fail|Accel Fail|Mag Fail|Not Armable
14:39:00.399,15.19,8700.0,11,FIX_3D,2.53,0.0,0.0,0.0,LAND,False,Gyro Fail|Accel Fail|Mag Fail|Not Armable
14:39:00.499,15.19,8700.0,11,FIX_3D,2.52,0.0,0.0,0.0,LAND,False,Gyro Fail|Accel Fail|Mag Fail|Not Armable
14:39:00.599,15.2,8700.0,11,FIX_3D,2.52,0.0,0.0,0.0,LAND,False,Gyro Fail|Accel Fail|Mag Fail|Not Armable
14:39:00.700,15.2,8700.0,11,FIX_3D,2.52,0.0,0.0,0.0,LAND,False,Gyro Fail|Accel Fail|Mag Fail|Not Armable
14:39:00.801,15.2,8700.0,11,FIX_3D,2.51,0.0,0.0,0.0,LAND,False,Gyro Fail|Accel Fail|Mag Fail|Not Armable
14:39:00.901,15.2,8700.0,11,FIX_3D,2.51,0.0,0.0,0.0,LAND,False,Gyro Fail|Accel Fail|Mag Fail|Not Armable
14:39:01.001,15.2,8700.0,11,FIX_3D,2.51,0.0,0.0,0.0,LAND,False,Gyro Fail|Accel Fail|Mag Fail|Not Armable
14:39:01.101,15.2,8700.0,11,FIX_3D,2.51,0.0,0.0,0.0,LAND,False,Gyro Fail|Accel Fail|Mag Fail|Not Armable
14:39:01.202,15.2,8700.0,11,FIX_3D,2.51,0.0,0.0,0.0,LAND,False,Gyro Fail|Accel Fail|Mag Fail|Not Armable
14:39:01.302,15.2,8700.0,11,FIX_3D,2.5,0.0,0.0,0.0,LAND,False,Gyro Fail|Accel Fail|Mag Fail|Not Armable
14:39:01.403,15.2,8700.0,11,FIX_3D,2.5,0.0,0.0,0.0,LAND,False,Gyro Fail|Accel Fail|Mag Fail|Not Armable
14:39:01.504,15.2,8700.0,11,FIX_3D,2.5,0.0,0.0,0.0,LAND,False,Gyro Fail|Accel Fail|Mag Fail|Not Armable
14:39:01.604,15.2,8700.0,11,FIX_3D,2.5,0.0,0.0,0.0,LAND,False,Gyro Fail|Accel Fail|Mag Fail|Not Armable
14:39:01.705,15.18,8700.0,11,FIX_3D,2.5,0.0,0.0,0.0,LAND,False,Gyro Fail|Accel Fail|Mag Fail|Not Armable
14:39:01.805,15.18,8700.0,11,FIX_3D,2.5,0.0,0.0,0.0,LAND,False,Gyro Fail|Accel Fail|Mag Fail|Not Armable
14:39:01.906,15.18,8700.0,11,FIX_3D,2.5,0.0,0.0,0.0,LAND,False,Gyro Fail|Accel Fail|Mag Fail|Not Armable
14:39:02.007,15.18,8700.0,11,FIX_3D,2.5,0.0,0.0,0.0,LAND,False,Gyro Fail|Accel Fail|Mag Fail|Not Armable
14:39:02.107,15.18,8700.0,11,FIX_3D,2.5,0.0,0.0,0.0,LAND,False,Gyro Fail|Accel Fail|Mag Fail|Not Armable
14:39:02.209,15.18,8700.0,11,FIX_3D,2.49,0.0,0.0,0.0,LAND,False,Gyro Fail|Accel Fail|Mag Fail|Not Armable
14:39:02.310,15.18,8700.0,11,FIX_3D,2.49,0.0,0.0,0.0,LAND,False,Gyro Fail|Accel Fail|Mag Fail|Not Armable
14:39:02.411,15.18,8700.0,11,FIX_3D,2.47,0.0,0.0,0.0,LAND,False,Gyro Fail|Accel Fail|Mag Fail|Not Armable
14:39:02.512,15.18,8700.0,11,FIX_3D,2.47,0.0,0.0,0.0,LAND,False,Gyro Fail|Accel Fail|Mag Fail|Not Armable
14:39:02.613,15.19,8700.0,11,FIX_3D,2.47,0.0,0.0,0.0,LAND,False,Gyro Fail|Accel Fail|Mag Fail|Not Armable
14:39:02.714,15.19,8700.0,11,FIX_3D,2.45,0.0,0.0,0.0,LAND,False,Gyro Fail|Accel Fail|Mag Fail|Not Armable
14:39:02.814,15.19,8700.0,11,FIX_3D,2.45,0.0,0.0,0.0,LAND,False,Gyro Fail|Accel Fail|Mag Fail|Not Armable
14:39:02.915,15.19,8700.0,11,FIX_3D,2.44,0.0,0.0,0.0,LAND,False,Gyro Fail|Accel Fail|Mag Fail|Not Armable
14:39:03.015,15.19,8700.0,11,FIX_3D,2.42,0.0,0.0,0.0,LAND,False,Gyro Fail|Accel Fail|Mag Fail|Not Armable
14:39:03.116,15.19,8700.0,11,FIX_3D,2.42,0.0,0.0,0.0,LAND,False,Gyro Fail|Accel Fail|Mag Fail|Not Armable
14:39:03.216,15.19,8700.0,11,FIX_3D,2.41,0.0,0.0,0.0,LAND,False,Gyro Fail|Accel Fail|Mag Fail|Not Armable
14:39:03.317,15.19,8700.0,11,FIX_3D,2.41,0.0,0.0,0.0,LAND,False,Gyro Fail|Accel Fail|Mag Fail|Not Armable
14:39:03.417,15.19,8700.0,11,FIX_3D,2.41,0.0,0.0,0.0,LAND,False,Gyro Fail|Accel Fail|Mag Fail|Not Armable
14:39:03.517,15.19,8700.0,11,FIX_3D,2.4,0.0,0.0,0.0,LAND,False,Gyro Fail|Accel Fail|Mag Fail|Not Armable
14:39:03.618,15.19,8700.0,11,FIX_3D,2.39,0.0,0.0,0.0,LAND,False,Gyro Fail|Accel Fail|Mag Fail|Not Armable
14:39:03.718,15.19,8700.0,11,FIX_3D,2.39,0.0,0.0,0.0,LAND,False,Gyro Fail|Accel Fail|Mag Fail|Not Armable
14:39:03.818,15.19,8700.0,11,FIX_3D,2.37,0.0,0.0,0.0,LAND,False,Gyro Fail|Accel Fail|Mag Fail|Not Armable
14:39:03.918,15.19,8700.0,11,FIX_3D,2.37,0.0,0.0,0.0,LAND,False,Gyro Fail|Accel Fail|Mag Fail|Not Armable
14:39:04.018,15.19,8700.0,11,FIX_3D,2.37,0.0,0.0,0.0,LAND,False,Gyro Fail|Accel Fail|Mag Fail|Not Armable
14:39:04.118,15.19,8700.0,10,FIX_3D,2.36,0.0,0.0,0.0,LAND,False,Gyro Fail|Accel Fail|Mag Fail|Not Armable
14:39:04.218,15.19,8700.0,10,FIX_3D,2.36,0.0,0.0,0.0,LAND,False,Gyro Fail|Accel Fail|Mag Fail|Not Armable
14:39:04.320,15.19,8700.0,10,FIX_3D,2.36,0.0,0.0,0.0,LAND,False,Gyro Fail|Accel Fail|Mag Fail|Not Armable
14:39:04.420,15.19,8700.0,10,FIX_3D,2.36,0.0,0.0,0.0,LAND,False,Gyro Fail|Accel Fail|Mag Fail|Not Armable
14:39:04.521,15.19,8700.0,11,FIX_3D,2.35,0.0,0.0,0.0,LAND,False,Gyro Fail|Accel Fail|Mag Fail|Not Armable
14:39:04.622,15.19,8700.0,11,FIX_3D,2.34,0.0,0.0,0.0,LAND,False,Gyro Fail|Accel Fail|Mag Fail|Not Armable
14:39:04.723,15.19,8700.0,11,FIX_3D,2.34,0.0,0.0,0.0,LAND,False,Gyro Fail|Accel Fail|Mag Fail|Not Armable
14:39:04.823,15.19,8700.0,11,FIX_3D,2.34,0.0,0.0,0.0,LAND,False,Gyro Fail|Accel Fail|Mag Fail|Not Armable
14:39:04.924,15.19,8700.0,11,FIX_3D,2.34,0.0,0.0,0.0,LAND,False,Gyro Fail|Accel Fail|Mag Fail|Not Armable
14:39:05.025,15.19,8700.0,11,FIX_3D,2.34,0.0,0.0,0.0,LAND,False,Gyro Fail|Accel Fail|Mag Fail|Not Armable
14:39:05.127,15.19,8700.0,11,FIX_3D,2.33,0.0,0.0,0.0,LAND,False,Gyro Fail|Accel Fail|Mag Fail|Not Armable
14:39:05.228,15.19,8700.0,11,FIX_3D,2.33,0.0,0.0,0.0,LAND,False,Gyro Fail|Accel Fail|Mag Fail|Not Armable
14:39:05.328,15.19,8700.0,11,FIX_3D,2.33,0.0,0.0,0.0,LAND,False,Gyro Fail|Accel Fail|Mag Fail|Not Armable
14:39:05.429,15.19,8700.0,11,FIX_3D,2.33,0.0,0.0,0.0,LAND,False,Gyro Fail|Accel Fail|Mag Fail|Not Armable
14:39:05.529,15.19,8700.0,11,FIX_3D,2.33,0.0,0.0,0.0,LAND,False,Gyro Fail|Accel Fail|Mag Fail|Not Armable
14:39:05.630,15.19,8700.0,11,FIX_3D,2.33,0.0,0.0,0.0,LAND,False,Gyro Fail|Accel Fail|Mag Fail|Not Armable
14:39:05.731,15.19,8700.0,11,FIX_3D,2.33,0.0,0.0,0.0,LAND,False,Gyro Fail|Accel Fail|Mag Fail|Not Armable
14:39:05.832,15.19,8700.0,11,FIX_3D,2.33,0.0,0.0,0.0,LAND,False,Gyro Fail|Accel Fail|Mag Fail|Not Armable
14:39:05.933,15.19,8700.0,11,FIX_3D,2.33,0.0,0.0,0.0,LAND,False,Gyro Fail|Accel Fail|Mag Fail|Not Armable
14:39:06.034,15.19,8700.0,11,FIX_3D,2.34,0.0,0.0,0.0,LAND,False,Gyro Fail|Accel Fail|Mag Fail|Not Armable
14:39:06.134,15.19,8700.0,11,FIX_3D,2.34,0.0,0.0,0.0,LAND,False,Gyro Fail|Accel Fail|Mag Fail|Not Armable
14:39:06.234,15.19,8700.0,11,FIX_3D,2.33,0.0,0.0,0.0,LAND,False,Gyro Fail|Accel Fail|Mag Fail|Not Armable
14:39:06.335,15.19,8700.0,11,FIX_3D,2.33,0.0,0.0,0.0,LAND,False,Gyro Fail|Accel Fail|Mag Fail|Not Armable
14:39:06.436,15.19,8700.0,11,FIX_3D,2.33,0.0,0.0,0.0,LAND,False,Gyro Fail|Accel Fail|Mag Fail|Not Armable
14:39:06.537,15.19,8700.0,11,FIX_3D,2.33,0.0,0.0,0.0,LAND,False,Gyro Fail|Accel Fail|Mag Fail|Not Armable
14:39:06.637,15.19,8700.0,11,FIX_3D,2.32,0.0,0.0,0.0,LAND,False,Gyro Fail|Accel Fail|Mag Fail|Not Armable
14:39:06.737,15.19,8700.0,11,FIX_3D,2.32,0.0,0.0,0.0,LAND,False,Gyro Fail|Accel Fail|Mag Fail|Not Armable
14:39:06.838,15.19,8700.0,11,FIX_3D,2.32,0.0,0.0,0.0,LAND,False,Gyro Fail|Accel Fail|Mag Fail|Not Armable
14:39:06.938,15.19,8700.0,11,FIX_3D,2.32,0.0,0.0,0.0,LAND,False,Gyro Fail|Accel Fail|Mag Fail|Not Armable
14:39:07.039,15.19,8700.0,11,FIX_3D,2.32,0.0,0.0,0.0,LAND,False,Gyro Fail|Accel Fail|Mag Fail|Not Armable
14:39:07.139,15.19,8700.0,11,FIX_3D,2.32,0.0,0.0,0.0,LAND,False,Gyro Fail|Accel Fail|Mag Fail|Not Armable
14:39:07.240,15.19,8700.0,11,FIX_3D,2.32,0.0,0.0,0.0,LAND,False,Gyro Fail|Accel Fail|Mag Fail|Not Armable
14:39:07.341,15.19,8700.0,11,FIX_3D,2.32,0.0,0.0,0.0,LAND,False,Gyro Fail|Accel Fail|Mag Fail|Not Armable
14:39:07.442,15.19,8700.0,11,FIX_3D,2.32,0.0,0.0,0.0,LAND,False,Gyro Fail|Accel Fail|Mag Fail|Not Armable
14:39:07.542,15.19,8700.0,10,FIX_3D,2.32,0.0,0.0,0.0,LAND,False,Gyro Fail|Accel Fail|Mag Fail|Not Armable
14:39:07.642,15.19,8700.0,10,FIX_3D,2.31,0.0,0.0,0.0,LAND,False,Gyro Fail|Accel Fail|Mag Fail|Not Armable
14:39:07.743,15.19,8700.0,10,FIX_3D,2.31,0.0,0.0,0.0,LAND,False,Gyro Fail|Accel Fail|Mag Fail|Not Armable
14:39:07.844,15.19,8700.0,10,FIX_3D,2.3,0.0,0.0,0.0,LAND,False,Gyro Fail|Accel Fail|Mag Fail|Not Armable
14:39:07.944,15.19,8700.0,10,FIX_3D,2.3,0.0,0.0,0.0,LAND,False,Gyro Fail|Accel Fail|Mag Fail|Not Armable
14:39:08.044,15.19,8700.0,10,FIX_3D,2.3,0.0,0.0,0.0,LAND,False,Gyro Fail|Accel Fail|Mag Fail|Not Armable
14:39:08.143,15.19,8700.0,10,FIX_3D,2.29,0.0,0.0,0.0,LAND,False,Gyro Fail|Accel Fail|Mag Fail|Not Armable
14:39:08.244,15.19,8700.0,10,FIX_3D,2.28,0.0,0.0,0.0,LAND,False,Gyro Fail|Accel Fail|Mag Fail|Not Armable
14:39:08.345,15.19,8700.0,10,FIX_3D,2.28,0.0,0.0,0.0,LAND,False,Gyro Fail|Accel Fail|Mag Fail|Not Armable
14:39:08.446,15.19,8700.0,10,FIX_3D,2.28,0.0,0.0,0.0,LAND,False,Gyro Fail|Accel Fail|Mag Fail|Not Armable
14:39:08.545,15.19,8700.0,10,FIX_3D,2.28,0.0,0.0,0.0,LAND,False,Gyro Fail|Accel Fail|Mag Fail|Not Armable
14:39:08.647,15.19,8700.0,10,FIX_3D,2.28,0.0,0.0,0.0,LAND,False,Gyro Fail|Accel Fail|Mag Fail|Not Armable
14:39:08.747,15.19,8700.0,10,FIX_3D,2.28,0.0,0.0,0.0,LAND,False,Gyro Fail|Accel Fail|Mag Fail|Not Armable
14:39:08.848,15.19,8700.0,10,FIX_3D,2.28,0.0,0.0,0.0,LAND,False,Gyro Fail|Accel Fail|Mag Fail|Not Armable
14:39:08.950,15.19,8700.0,10,FIX_3D,2.29,0.0,0.0,0.0,LAND,False,Gyro Fail|Accel Fail|Mag Fail|Not Armable
14:39:09.051,15.19,8700.0,9,FIX_3D,2.3,0.0,0.0,0.0,LAND,False,Gyro Fail|Accel Fail|Mag Fail|Not Armable
14:39:09.151,15.19,8700.0,9,FIX_3D,2.3,0.0,0.0,0.0,LAND,False,Gyro Fail|Accel Fail|Mag Fail|Not Armable
14:39:09.251,15.19,8700.0,9,FIX_3D,2.31,0.0,0.0,0.0,LAND,False,Gyro Fail|Accel Fail|Mag Fail|Not Armable
14:39:09.351,15.19,8700.0,9,FIX_3D,2.31,0.0,0.0,0.0,LAND,False,Gyro Fail|Accel Fail|Mag Fail|Not Armable
14:39:09.452,15.19,8700.0,10,FIX_3D,2.32,0.0,0.0,0.0,LAND,False,Gyro Fail|Accel Fail|Mag Fail|Not Armable
14:39:09.552,15.19,8700.0,10,FIX_3D,2.32,0.0,0.0,0.0,LAND,False,Gyro Fail|Accel Fail|Mag Fail|Not Armable
14:39:09.653,15.19,8700.0,10,FIX_3D,2.34,0.0,0.0,0.0,LAND,False,Gyro Fail|Accel Fail|Mag Fail|Not Armable
14:39:09.754,15.19,8700.0,10,FIX_3D,2.34,0.0,0.0,0.0,LAND,False,Gyro Fail|Accel Fail|Mag Fail|Not Armable
14:39:09.855,15.19,8700.0,10,FIX_3D,2.35,0.0,0.0,0.0,LAND,False,Gyro Fail|Accel Fail|Mag Fail|Not Armable
14:39:09.958,15.19,8700.0,10,FIX_3D,2.35,0.0,0.0,0.0,LAND,False,Gyro Fail|Accel Fail|Mag Fail|Not Armable
14:39:10.057,15.19,8700.0,10,FIX_3D,2.37,0.0,0.0,0.0,LAND,False,Gyro Fail|Accel Fail|Mag Fail|Not Armable
14:39:10.158,15.19,8700.0,10,FIX_3D,2.37,0.0,0.0,0.0,LAND,False,Gyro Fail|Accel Fail|Mag Fail|Not Armable
14:39:10.259,15.19,8700.0,10,FIX_3D,2.39,0.0,0.0,0.0,LAND,False,Gyro Fail|Accel Fail|Mag Fail|Not Armable
14:39:10.360,15.19,8700.0,10,FIX_3D,2.39,0.0,0.0,0.0,LAND,False,Gyro Fail|Accel Fail|Mag Fail|Not Armable
14:39:10.460,15.19,8700.0,10,FIX_3D,2.39,0.0,0.0,0.0,LAND,False,Gyro Fail|Accel Fail|Mag Fail|Not Armable
14:39:10.561,15.18,8700.0,10,FIX_3D,2.42,0.0,0.0,0.0,LAND,False,Gyro Fail|Accel Fail|Mag Fail|Not Armable
14:39:10.661,15.18,8700.0,10,FIX_3D,2.45,0.0,0.0,0.0,LAND,False,Gyro Fail|Accel Fail|Mag Fail|Not Armable
14:39:10.762,15.18,8700.0,10,FIX_3D,2.45,0.0,0.0,0.0,LAND,False,Gyro Fail|Accel Fail|Mag Fail|Not Armable
14:39:10.863,15.18,8700.0,10,FIX_3D,2.47,0.0,0.0,0.0,LAND,False,Gyro Fail|Accel Fail|Mag Fail|Not Armable
14:39:10.964,15.18,8700.0,10,FIX_3D,2.47,0.0,0.0,0.0,LAND,False,Gyro Fail|Accel Fail|Mag Fail|Not Armable
14:39:11.064,15.18,8700.0,10,FIX_3D,2.5,0.0,0.0,0.0,LAND,False,Gyro Fail|Accel Fail|Mag Fail|Not Armable
14:39:11.165,15.18,8700.0,10,FIX_3D,2.5,0.0,0.0,0.0,LAND,False,Gyro Fail|Accel Fail|Mag Fail|Not Armable
14:39:11.266,15.18,8700.0,10,FIX_3D,2.52,0.0,0.0,0.0,LAND,False,Gyro Fail|Accel Fail|Mag Fail|Not Armable
14:39:11.366,15.18,8700.0,10,FIX_3D,2.52,0.0,0.0,0.0,LAND,False,Gyro Fail|Accel Fail|Mag Fail|Not Armable
14:39:11.467,15.18,8700.0,10,FIX_3D,2.53,0.0,0.0,0.0,LAND,False,Gyro Fail|Accel Fail|Mag Fail|Not Armable
14:39:11.567,15.19,8700.0,10,FIX_3D,2.53,0.0,0.0,0.0,LAND,False,Gyro Fail|Accel Fail|Mag Fail|Not Armable
14:39:11.668,15.19,8700.0,10,FIX_3D,2.55,0.0,0.0,0.0,LAND,False,Gyro Fail|Accel Fail|Mag Fail|Not Armable
14:39:11.768,15.19,8700.0,10,FIX_3D,2.55,0.0,0.0,0.0,LAND,False,Gyro Fail|Accel Fail|Mag Fail|Not Armable
14:39:11.870,15.19,8700.0,10,FIX_3D,2.56,0.0,0.0,0.0,LAND,False,Gyro Fail|Accel Fail|Mag Fail|Not Armable
14:39:11.971,15.19,8700.0,10,FIX_3D,2.56,0.0,0.0,0.0,LAND,False,Gyro Fail|Accel Fail|Mag Fail|Not Armable
14:39:12.073,15.19,8700.0,10,FIX_3D,2.57,0.0,0.0,0.0,LAND,False,Gyro Fail|Accel Fail|Mag Fail|Not Armable
14:39:12.173,15.19,8700.0,10,FIX_3D,2.57,0.0,0.0,0.0,LAND,False,Gyro Fail|Accel Fail|Mag Fail|Not Armable
14:39:12.275,15.19,8700.0,10,FIX_3D,2.58,0.0,0.0,0.0,LAND,False,Gyro Fail|Accel Fail|Mag Fail|Not Armable
14:39:12.376,15.19,8700.0,10,FIX_3D,2.58,0.0,0.0,0.0,LAND,False,Gyro Fail|Accel Fail|Mag Fail|Not Armable
14:39:12.477,15.19,8700.0,10,FIX_3D,2.57,0.0,0.0,0.0,LAND,False,Gyro Fail|Accel Fail|Mag Fail|Not Armable
14:39:12.577,15.19,8700.0,10,FIX_3D,2.57,0.0,0.0,0.0,LAND,False,Gyro Fail|Accel Fail|Mag Fail|Not Armable
14:39:12.677,15.19,8700.0,10,FIX_3D,2.57,0.0,0.0,0.0,LAND,False,Gyro Fail|Accel Fail|Mag Fail|Not Armable
14:39:12.778,15.19,8700.0,10,FIX_3D,2.57,0.0,0.0,0.0,LAND,False,Gyro Fail|Accel Fail|Mag Fail|Not Armable
14:39:12.880,15.19,8700.0,10,FIX_3D,2.58,0.0,0.0,0.0,LAND,False,Gyro Fail|Accel Fail|Mag Fail|Not Armable
14:39:12.981,15.19,8700.0,10,FIX_3D,2.58,0.0,0.0,0.0,LAND,False,Gyro Fail|Accel Fail|Mag Fail|Not Armable
14:39:13.083,15.19,8700.0,10,FIX_3D,2.6,0.0,0.0,0.0,LAND,False,Gyro Fail|Accel Fail|Mag Fail|Not Armable
14:39:13.183,15.19,8700.0,10,FIX_3D,2.6,0.0,0.0,0.0,LAND,False,Gyro Fail|Accel Fail|Mag Fail|Not Armable
14:39:13.283,15.19,8700.0,10,FIX_3D,2.61,0.0,0.0,0.0,LAND,False,Gyro Fail|Accel Fail|Mag Fail|Not Armable
14:39:13.385,15.19,8700.0,10,FIX_3D,2.63,0.0,0.0,0.0,LAND,False,Gyro Fail|Accel Fail|Mag Fail|Not Armable
14:39:13.486,15.19,8700.0,9,FIX_3D,2.63,0.0,0.0,0.0,LAND,False,Gyro Fail|Accel Fail|Mag Fail|Not Armable
14:39:13.586,15.19,8700.0,9,FIX_3D,2.63,0.0,0.0,0.0,LAND,False,Gyro Fail|Accel Fail|Mag Fail|Not Armable
14:39:13.687,15.18,8700.0,9,FIX_3D,2.65,0.0,0.0,0.0,LAND,False,Gyro Fail|Accel Fail|Mag Fail|Not Armable
14:39:13.788,15.18,8700.0,9,FIX_3D,2.65,0.0,0.0,0.0,LAND,False,Gyro Fail|Accel Fail|Mag Fail|Not Armable
14:39:13.890,15.18,8700.0,9,FIX_3D,2.67,0.0,0.0,0.0,LAND,False,Gyro Fail|Accel Fail|Mag Fail|Not Armable
14:39:13.991,15.18,8700.0,9,FIX_3D,2.67,0.0,0.0,0.0,LAND,False,Gyro Fail|Accel Fail|Mag Fail|Not Armable
14:39:14.091,15.18,8700.0,9,FIX_3D,2.69,0.0,0.0,0.0,LAND,False,Gyro Fail|Accel Fail|Mag Fail|Not Armable
14:39:14.193,15.18,8700.0,9,FIX_3D,2.69,0.0,0.0,0.0,LAND,False,Gyro Fail|Accel Fail|Mag Fail|Not Armable
14:39:14.294,15.18,8700.0,9,FIX_3D,2.69,0.0,0.0,0.0,LAND,False,Gyro Fail|Accel Fail|Mag Fail|Not Armable
14:39:14.394,15.18,8700.0,9,FIX_3D,2.69,0.0,0.0,0.0,LAND,False,Gyro Fail|Accel Fail|Mag Fail|Not Armable
14:39:14.495,15.18,8700.0,9,FIX_3D,2.68,0.0,0.0,0.0,LAND,False,Gyro Fail|Accel Fail|Mag Fail|Not Armable
14:39:14.595,15.19,8700.0,9,FIX_3D,2.68,0.0,0.0,0.0,LAND,False,Gyro Fail|Accel Fail|Mag Fail|Not Armable
14:39:14.696,15.19,8700.0,9,FIX_3D,2.67,0.0,0.0,0.0,LAND,False,Gyro Fail|Accel Fail|Mag Fail|Not Armable
14:39:14.798,15.19,8700.0,9,FIX_3D,2.67,0.0,0.0,0.0,LAND,False,Gyro Fail|Accel Fail|Mag Fail|Not Armable
14:39:14.899,15.19,8700.0,9,FIX_3D,2.66,0.0,0.0,0.0,LAND,False,Gyro Fail|Accel Fail|Mag Fail|Not Armable
14:39:15.000,15.19,8700.0,9,FIX_3D,2.65,0.0,0.0,0.0,LAND,False,Gyro Fail|Accel Fail|Mag Fail|Not Armable
14:39:15.101,15.19,8700.0,9,FIX_3D,2.65,0.0,0.0,0.0,LAND,False,Gyro Fail|Accel Fail|Mag Fail|Not Armable
14:39:15.201,15.19,8700.0,9,FIX_3D,2.65,0.0,0.0,0.0,LAND,False,Gyro Fail|Accel Fail|Mag Fail|Not Armable
14:39:15.302,15.19,8700.0,9,FIX_3D,2.64,0.0,0.0,0.0,LAND,False,Gyro Fail|Accel Fail|Mag Fail|Not Armable
14:39:15.403,15.19,8700.0,9,FIX_3D,2.64,0.0,0.0,0.0,LAND,False,Gyro Fail|Accel Fail|Mag Fail|Not Armable
14:39:15.504,15.19,8700.0,9,FIX_3D,2.63,0.0,0.0,0.0,LAND,False,Gyro Fail|Accel Fail|Mag Fail|Not Armable
14:39:15.604,15.19,8700.0,9,FIX_3D,2.63,0.0,0.0,0.0,LAND,False,Gyro Fail|Accel Fail|Mag Fail|Not Armable
14:39:15.704,15.19,8700.0,9,FIX_3D,2.63,0.0,0.0,0.0,LAND,False,Gyro Fail|Accel Fail|Mag Fail|Not Armable
14:39:15.806,15.19,8700.0,9,FIX_3D,2.63,0.0,0.0,0.0,LAND,False,Gyro Fail|Accel Fail|Mag Fail|Not Armable
14:39:15.906,15.19,8700.0,9,FIX_3D,2.63,0.0,0.0,0.0,LAND,False,Gyro Fail|Accel Fail|Mag Fail|Not Armable
14:39:16.007,15.19,8700.0,9,FIX_3D,2.63,0.0,0.0,0.0,LAND,False,Gyro Fail|Accel Fail|Mag Fail|Not Armable
14:39:16.108,15.19,8700.0,9,FIX_3D,2.63,0.0,0.0,0.0,LAND,False,Gyro Fail|Accel Fail|Mag Fail|Not Armable
14:39:16.208,15.19,8700.0,9,FIX_3D,2.63,0.0,0.0,0.0,LAND,False,Gyro Fail|Accel Fail|Mag Fail|Not Armable
14:39:16.309,15.19,8700.0,9,FIX_3D,2.63,0.0,0.0,0.0,LAND,False,Gyro Fail|Accel Fail|Mag Fail|Not Armable
14:39:16.410,15.19,8700.0,9,FIX_3D,2.64,0.0,0.0,0.0,LAND,False,Gyro Fail|Accel Fail|Mag Fail|Not Armable
14:39:16.510,15.19,8700.0,9,FIX_3D,2.64,0.0,0.0,0.0,LAND,False,Gyro Fail|Accel Fail|Mag Fail|Not Armable
14:39:16.611,15.18,8700.0,9,FIX_3D,2.66,0.0,0.0,0.0,LAND,False,Gyro Fail|Accel Fail|Mag Fail|Not Armable
14:39:16.712,15.18,8700.0,9,FIX_3D,2.66,0.0,0.0,0.0,LAND,False,Gyro Fail|Accel Fail|Mag Fail|Not Armable
14:39:16.812,15.18,8700.0,9,FIX_3D,2.66,0.0,0.0,0.0,LAND,False,Gyro Fail|Accel Fail|Mag Fail|Not Armable
14:39:16.914,15.18,8700.0,9,FIX_3D,2.67,0.0,0.0,0.0,LAND,False,Gyro Fail|Accel Fail|Mag Fail|Not Armable
14:39:17.014,15.18,8700.0,9,FIX_3D,2.69,0.0,0.0,0.0,LAND,False,Gyro Fail|Accel Fail|Mag Fail|Not Armable
14:39:17.115,15.18,8700.0,9,FIX_3D,2.69,0.0,0.0,0.0,LAND,False,Gyro Fail|Accel Fail|Mag Fail|Not Armable
14:39:17.215,15.18,8700.0,9,FIX_3D,2.7,0.0,0.0,0.0,LAND,False,Gyro Fail|Accel Fail|Mag Fail|Not Armable
14:39:17.315,15.18,8700.0,9,FIX_3D,2.7,0.0,0.0,0.0,LAND,False,Gyro Fail|Accel Fail|Mag Fail|Not Armable
14:39:17.416,15.18,8700.0,9,FIX_3D,2.71,0.0,0.0,0.0,LAND,False,Gyro Fail|Accel Fail|Mag Fail|Not Armable
14:39:17.516,15.18,8700.0,9,FIX_3D,2.71,0.0,0.0,0.0,LAND,False,Gyro Fail|Accel Fail|Mag Fail|Not Armable
14:39:17.618,15.19,8700.0,9,FIX_3D,2.71,0.0,0.0,0.0,LAND,False,Gyro Fail|Accel Fail|Mag Fail|Not Armable
14:39:17.719,15.19,8700.0,9,FIX_3D,2.72,0.0,0.0,0.0,LAND,False,Gyro Fail|Accel Fail|Mag Fail|Not Armable
14:39:17.820,15.19,8700.0,9,FIX_3D,2.72,0.0,0.0,0.0,LAND,False,Gyro Fail|Accel Fail|Mag Fail|Not Armable
14:39:17.920,15.19,8700.0,9,FIX_3D,2.73,0.0,0.0,0.0,LAND,False,Gyro Fail|Accel Fail|Mag Fail|Not Armable
14:39:18.021,15.19,8700.0,9,FIX_3D,2.73,0.0,0.0,0.0,LAND,False,Gyro Fail|Accel Fail|Mag Fail|Not Armable
14:39:18.121,15.19,8700.0,9,FIX_3D,2.73,0.0,0.0,0.0,LAND,False,Gyro Fail|Accel Fail|Mag Fail|Not Armable
14:39:18.221,15.19,8700.0,9,FIX_3D,2.73,0.0,0.0,0.0,LAND,False,Gyro Fail|Accel Fail|Mag Fail|Not Armable
14:39:18.322,15.19,8700.0,9,FIX_3D,2.73,0.0,0.0,0.0,LAND,False,Gyro Fail|Accel Fail|Mag Fail|Not Armable
14:39:18.422,15.19,8700.0,9,FIX_3D,2.73,0.0,0.0,0.0,LAND,False,Gyro Fail|Accel Fail|Mag Fail|Not Armable
14:39:18.523,15.19,8700.0,9,FIX_3D,2.72,0.0,0.0,0.0,LAND,False,Gyro Fail|Accel Fail|Mag Fail|Not Armable
14:39:18.624,15.2,8700.0,9,FIX_3D,2.71,0.0,0.0,0.0,LAND,False,Gyro Fail|Accel Fail|Mag Fail|Not Armable
14:39:18.724,15.2,8700.0,9,FIX_3D,2.71,0.0,0.0,0.0,LAND,False,Gyro Fail|Accel Fail|Mag Fail|Not Armable
14:39:18.826,15.2,8700.0,9,FIX_3D,2.7,0.0,0.0,0.0,LAND,False,Gyro Fail|Accel Fail|Mag Fail|Not Armable
14:39:18.927,15.2,8700.0,9,FIX_3D,2.7,0.0,0.0,0.0,LAND,False,Gyro Fail|Accel Fail|Mag Fail|Not Armable
14:39:19.028,15.2,8700.0,9,FIX_3D,2.7,0.0,0.0,0.0,LAND,False,Gyro Fail|Accel Fail|Mag Fail|Not Armable
14:39:19.129,15.2,8700.0,9,FIX_3D,2.7,0.0,0.0,0.0,LAND,False,Gyro Fail|Accel Fail|Mag Fail|Not Armable
14:39:19.229,15.2,8700.0,9,FIX_3D,2.7,0.0,0.0,0.0,LAND,False,Gyro Fail|Accel Fail|Mag Fail|Not Armable
14:39:19.329,15.2,8700.0,9,FIX_3D,2.7,0.0,0.0,0.0,LAND,False,Gyro Fail|Accel Fail|Mag Fail|Not Armable
14:39:19.430,15.2,8700.0,9,FIX_3D,2.7,0.0,0.0,0.0,LAND,False,Gyro Fail|Accel Fail|Mag Fail|Not Armable
14:39:19.530,15.18,8700.0,9,FIX_3D,2.7,0.0,0.0,0.0,LAND,False,Gyro Fail|Accel Fail|Mag Fail|Not Armable
14:39:19.630,15.18,8700.0,9,FIX_3D,2.7,0.0,0.0,0.0,LAND,False,Gyro Fail|Accel Fail|Mag Fail|Not Armable
14:39:19.730,15.18,8700.0,9,FIX_3D,2.7,0.0,0.0,0.0,LAND,False,Gyro Fail|Accel Fail|Mag Fail|Not Armable
14:39:19.831,15.18,8700.0,9,FIX_3D,2.71,0.0,0.0,0.0,LAND,False,Gyro Fail|Accel Fail|Mag Fail|Not Armable
14:39:19.931,15.18,8700.0,9,FIX_3D,2.71,0.0,0.0,0.0,LAND,False,Gyro Fail|Accel Fail|Mag Fail|Not Armable
